timestamp,scenario_id,round,ue1_base_scale,ue2_base_scale,policy,policy_scale,sample_index,video_offered_mbps,video_delivered_mbps,video_delivery_ratio,video_gap_mbps,video_worst_delivery_ratio,video_imbalance_mbps,ue1_offered_mbps,ue2_offered_mbps,voice_delivery_ratio,voice_loss_percent,voice_jitter_ms,voice_rtt_p95_ms,sla_ok,ue_metrics
1785746402.9014747,fair-base8-w3-r01-u1-015-u2-015,1,0.15,0.15,MEDIUM_70,0.7,0,2.1337475111954065,2.1337475111954065,1.0,0.0,1.0,0.08093762639392924,1.1073425687946676,1.0264049424007384,1.0,0.0,10.146058779999995,35.818854,1,"{""ue1"": {""delivered_bps"": 1107342.5687946677, ""delivery_ratio"": 1.0, ""offered_bps"": 1107342.5687946677}, ""ue2"": {""delivered_bps"": 1026404.9424007385, ""delivery_ratio"": 1.0, ""offered_bps"": 1026404.9424007385}, ""ue3"": {""delivered_bps"": 127990.5626132901, ""delivery_ratio"": 1.0, ""jitter_ms"": 10.146058779999995, ""loss_percent"": 0.0, ""offered_bps"": 127990.5626132901, ""rtt_p95_ms"": 35.818854}}"
1785746404.013628,fair-base8-w3-r01-u1-015-u2-015,1,0.15,0.15,MEDIUM_70,0.7,1,2.352,2.352,1.0,0.0,1.0,0.0,1.176,1.176,1.0,0.0,9.721929704697985,34.536796,1,"{""ue1"": {""delivered_bps"": 1176000.0, ""delivery_ratio"": 1.0, ""offered_bps"": 1176000.0}, ""ue2"": {""delivered_bps"": 1176000.0, ""delivery_ratio"": 1.0, ""offered_bps"": 1176000.0}, ""ue3"": {""delivered_bps"": 125430.58493192121, ""delivery_ratio"": 1.0, ""jitter_ms"": 9.721929704697985, ""loss_percent"": 0.0, ""offered_bps"": 127990.39278767472, ""rtt_p95_ms"": 34.536796}}"
1785746405.129573,fair-base8-w3-r01-u1-015-u2-015,1,0.15,0.15,MEDIUM_70,0.7,2,2.352,2.352,1.0,0.0,1.0,0.0,1.176,1.176,1.0,0.0,9.843251073825508,34.470571,1,"{""ue1"": {""delivered_bps"": 1176000.0, ""delivery_ratio"": 1.0, ""offered_bps"": 1176000.0}, ""ue2"": {""delivered_bps"": 1176000.0, ""delivery_ratio"": 1.0, ""offered_bps"": 1176000.0}, ""ue3"": {""delivered_bps"": 130550.90125480619, ""delivery_ratio"": 1.0, ""jitter_ms"": 9.843251073825508, ""loss_percent"": 0.0, ""offered_bps"": 127991.0796615747, ""rtt_p95_ms"": 34.470571}}"
1785746410.196358,fair-base8-w3-r01-u1-015-u2-015,1,0.15,0.15,STRONG_40,0.4,0,2.032154245751627,2.032154245751627,1.0,0.0,1.0,0.07709721260736348,1.0546257291794952,0.9775285165721318,1.0,0.0,11.48528076510067,40.819417,1,"{""ue1"": {""delivered_bps"": 1054625.7291794952, ""delivery_ratio"": 1.0, ""offered_bps"": 1054625.7291794952}, ""ue2"": {""delivered_bps"": 977528.5165721318, ""delivery_ratio"": 1.0, ""offered_bps"": 977528.5165721318}, ""ue3"": {""delivered_bps"": 130550.35584958218, ""delivery_ratio"": 1.0, ""jitter_ms"": 11.48528076510067, ""loss_percent"": 0.0, ""offered_bps"": 127990.54495057077, ""rtt_p95_ms"": 40.819417}}"
1785746411.2974384,fair-base8-w3-r01-u1-015-u2-015,1,0.15,0.15,STRONG_40,0.4,1,2.24,2.24,1.0,0.0,1.0,0.0,1.12,1.12,1.0,0.0,11.667398208053697,41.322439,1,"{""ue1"": {""delivered_bps"": 1120000.0, ""delivery_ratio"": 1.0, ""offered_bps"": 1120000.0}, ""ue2"": {""delivered_bps"": 1120000.0, ""delivery_ratio"": 1.0, ""offered_bps"": 1120000.0}, ""ue3"": {""delivered_bps"": 127989.2595259216, ""delivery_ratio"": 1.0, ""jitter_ms"": 11.667398208053697, ""loss_percent"": 0.0, ""offered_bps"": 127989.2595259216, ""rtt_p95_ms"": 41.322439}}"
1785746412.4246538,fair-base8-w3-r01-u1-015-u2-015,1,0.15,0.15,STRONG_40,0.4,2,2.24,2.24,1.0,0.0,1.0,0.0,1.12,1.12,0.98,2.0,11.429462979310351,40.108861,1,"{""ue1"": {""delivered_bps"": 1120000.0, ""delivery_ratio"": 1.0, ""offered_bps"": 1120000.0}, ""ue2"": {""delivered_bps"": 1120000.0, ""delivery_ratio"": 1.0, ""offered_bps"": 1120000.0}, ""ue3"": {""delivered_bps"": 115192.51778669476, ""delivery_ratio"": 0.98, ""jitter_ms"": 11.429462979310351, ""loss_percent"": 2.0, ""offered_bps"": 127991.68642966085, ""rtt_p95_ms"": 40.108861}}"
1785746417.5324628,fair-base8-w3-r01-u1-015-u2-015,1,0.15,0.15,EQUAL_100,1.0,0,3.048189210017228,3.048189210017228,1.0,0.0,1.0,0.11560366030083317,1.5818964351590306,1.4662927748581975,1.0,0.0,10.475436073825508,35.143547,1,"{""ue1"": {""delivered_bps"": 1581896.4351590306, ""delivery_ratio"": 1.0, ""offered_bps"": 1581896.4351590306}, ""ue2"": {""delivered_bps"": 1466292.7748581974, ""delivery_ratio"": 1.0, ""offered_bps"": 1466292.7748581974}, ""ue3"": {""delivered_bps"": 127990.90548406626, ""delivery_ratio"": 1.0, ""jitter_ms"": 10.475436073825508, ""loss_percent"": 0.0, ""offered_bps"": 127990.90548406626, ""rtt_p95_ms"": 35.143547}}"
1785746418.6416678,fair-base8-w3-r01-u1-015-u2-015,1,0.15,0.15,EQUAL_100,1.0,1,3.36,3.36,1.0,0.0,1.0,0.0,1.68,1.68,1.0,0.0,11.361023456375845,43.409163,1,"{""ue1"": {""delivered_bps"": 1680000.0, ""delivery_ratio"": 1.0, ""offered_bps"": 1680000.0}, ""ue2"": {""delivered_bps"": 1680000.0, ""delivery_ratio"": 1.0, ""offered_bps"": 1680000.0}, ""ue3"": {""delivered_bps"": 130550.11095896729, ""delivery_ratio"": 1.0, ""jitter_ms"": 11.361023456375845, ""loss_percent"": 0.0, ""offered_bps"": 127990.30486173263, ""rtt_p95_ms"": 43.409163}}"
1785746419.7616265,fair-base8-w3-r01-u1-015-u2-015,1,0.15,0.15,EQUAL_100,1.0,2,3.36,3.36,1.0,0.0,1.0,0.0,1.68,1.68,1.0,0.0,11.01808730666667,40.582189,1,"{""ue1"": {""delivered_bps"": 1680000.0, ""delivery_ratio"": 1.0, ""offered_bps"": 1680000.0}, ""ue2"": {""delivered_bps"": 1680000.0, ""delivery_ratio"": 1.0, ""offered_bps"": 1680000.0}, ""ue3"": {""delivered_bps"": 127990.90138682936, ""delivery_ratio"": 1.0, ""jitter_ms"": 11.01808730666667, ""loss_percent"": 0.0, ""offered_bps"": 127990.90138682936, ""rtt_p95_ms"": 40.582189}}"
1785746424.8953917,fair-base8-w3-r01-u1-015-u2-015,1,0.15,0.15,LIGHT_85,0.85,0,2.5909710219287407,2.5909710219287407,1.0,0.0,1.0,0.0982733046698051,1.344622163299273,1.246348858629468,1.0,0.0,10.500872583892617,34.467558,1,"{""ue1"": {""delivered_bps"": 1344622.163299273, ""delivery_ratio"": 1.0, ""offered_bps"": 1344622.163299273}, ""ue2"": {""delivered_bps"": 1246348.858629468, ""delivery_ratio"": 1.0, ""offered_bps"": 1246348.858629468}, ""ue3"": {""delivered_bps"": 127990.25136724034, ""delivery_ratio"": 1.0, ""jitter_ms"": 10.500872583892617, ""loss_percent"": 0.0, ""offered_bps"": 127990.25136724034, ""rtt_p95_ms"": 34.467558}}"
1785746425.989193,fair-base8-w3-r01-u1-015-u2-015,1,0.15,0.15,LIGHT_85,0.85,1,2.856,2.856,1.0,0.0,1.0,0.0,1.428,1.428,1.0,0.0,10.081265439189185,35.003363,1,"{""ue1"": {""delivered_bps"": 1428000.0, ""delivery_ratio"": 1.0, ""offered_bps"": 1428000.0}, ""ue2"": {""delivered_bps"": 1428000.0, ""delivery_ratio"": 1.0, ""offered_bps"": 1428000.0}, ""ue3"": {""delivered_bps"": 125430.04875827653, ""delivery_ratio"": 1.0, ""jitter_ms"": 10.081265439189185, ""loss_percent"": 0.0, ""offered_bps"": 127989.84567171075, ""rtt_p95_ms"": 35.003363}}"
1785746427.0832365,fair-base8-w3-r01-u1-015-u2-015,1,0.15,0.15,LIGHT_85,0.85,2,2.4352204890231772,2.4352204890231772,1.0,0.0,1.0,0.4207795109768227,1.428,1.0072204890231773,1.0,0.0,10.23345605405405,35.711284,1,"{""ue1"": {""delivered_bps"": 1428000.0, ""delivery_ratio"": 1.0, ""offered_bps"": 1428000.0}, ""ue2"": {""delivered_bps"": 1007220.4890231773, ""delivery_ratio"": 1.0, ""offered_bps"": 1007220.4890231773}, ""ue3"": {""delivered_bps"": 127983.29344172252, ""delivery_ratio"": 1.0, ""jitter_ms"": 10.23345605405405, ""loss_percent"": 0.0, ""offered_bps"": 127983.29344172252, ""rtt_p95_ms"": 35.711284}}"
1785746432.202623,fair-base8-w3-r01-u1-100-u2-100,1,1.0,1.0,STRONG_40,0.4,0,8.128584161491085,8.128584161491085,1.0,0.0,1.0,0.30835602891403063,4.218470095202558,3.910114066288527,1.0,0.0,11.611076893333331,48.781311,1,"{""ue1"": {""delivered_bps"": 4218470.095202558, ""delivery_ratio"": 1.0, ""offered_bps"": 4218470.095202558}, ""ue2"": {""delivered_bps"": 3910114.066288527, ""delivery_ratio"": 1.0, ""offered_bps"": 3910114.066288527}, ""ue3"": {""delivered_bps"": 130549.26689160427, ""delivery_ratio"": 1.0, ""jitter_ms"": 11.611076893333331, ""loss_percent"": 0.0, ""offered_bps"": 127989.47734471007, ""rtt_p95_ms"": 48.781311}}"
1785746433.3205483,fair-base8-w3-r01-u1-100-u2-100,1,1.0,1.0,STRONG_40,0.4,1,8.96,8.96,1.0,0.0,1.0,0.0,4.48,4.48,1.0,0.0,10.835001386666665,41.053003,1,"{""ue1"": {""delivered_bps"": 4480000.0, ""delivery_ratio"": 1.0, ""offered_bps"": 4480000.0}, ""ue2"": {""delivered_bps"": 4480000.0, ""delivery_ratio"": 1.0, ""offered_bps"": 4480000.0}, ""ue3"": {""delivered_bps"": 127991.15900669752, ""delivery_ratio"": 1.0, ""jitter_ms"": 10.835001386666665, ""loss_percent"": 0.0, ""offered_bps"": 127991.15900669752, ""rtt_p95_ms"": 41.053003}}"
1785746434.4470356,fair-base8-w3-r01-u1-100-u2-100,1,1.0,1.0,STRONG_40,0.4,2,7.639907416543301,7.639907416543301,1.0,0.0,1.0,1.3200925834566983,4.48,3.1599074165433017,1.0,0.0,11.463170026666669,85.927815,0,"{""ue1"": {""delivered_bps"": 4480000.0, ""delivery_ratio"": 1.0, ""offered_bps"": 4480000.0}, ""ue2"": {""delivered_bps"": 3159907.4165433017, ""delivery_ratio"": 1.0, ""offered_bps"": 3159907.4165433017}, ""ue3"": {""delivered_bps"": 127990.48416284345, ""delivery_ratio"": 1.0, ""jitter_ms"": 11.463170026666669, ""loss_percent"": 0.0, ""offered_bps"": 127990.48416284345, ""rtt_p95_ms"": 85.927815}}"
1785746439.6627505,fair-base8-w3-r01-u1-100-u2-100,1,1.0,1.0,MEDIUM_70,0.7,0,14.224921506402156,14.224921506402156,1.0,0.0,1.0,0.5395222743923105,7.382221890397233,6.842699616004922,1.0,0.0,11.58382697986577,72.907704,0,"{""ue1"": {""delivered_bps"": 7382221.890397233, ""delivery_ratio"": 1.0, ""offered_bps"": 7382221.890397233}, ""ue2"": {""delivered_bps"": 6842699.616004922, ""delivery_ratio"": 1.0, ""offered_bps"": 6842699.616004922}, ""ue3"": {""delivered_bps"": 127991.04536389174, ""delivery_ratio"": 1.0, ""jitter_ms"": 11.58382697986577, ""loss_percent"": 0.0, ""offered_bps"": 127991.04536389174, ""rtt_p95_ms"": 72.907704}}"
1785746440.7843342,fair-base8-w3-r01-u1-100-u2-100,1,1.0,1.0,MEDIUM_70,0.7,1,15.679999999999998,15.679999999999998,1.0,0.0,1.0,0.0,7.839999999999999,7.839999999999999,1.0,0.0,12.602143154362413,91.847239,0,"{""ue1"": {""delivered_bps"": 7839999.999999999, ""delivery_ratio"": 1.0, ""offered_bps"": 7839999.999999999}, ""ue2"": {""delivered_bps"": 7839999.999999999, ""delivery_ratio"": 1.0, ""offered_bps"": 7839999.999999999}, ""ue3"": {""delivered_bps"": 127989.21780223622, ""delivery_ratio"": 1.0, ""jitter_ms"": 12.602143154362413, ""loss_percent"": 0.0, ""offered_bps"": 127989.21780223622, ""rtt_p95_ms"": 91.847239}}"
1785746441.882061,fair-base8-w3-r01-u1-100-u2-100,1,1.0,1.0,MEDIUM_70,0.7,2,13.369837978950777,13.369837978950777,1.0,0.0,1.0,2.310162021049222,7.839999999999999,5.529837978950777,1.0,0.0,12.414344610738246,82.955486,0,"{""ue1"": {""delivered_bps"": 7839999.999999999, ""delivery_ratio"": 1.0, ""offered_bps"": 7839999.999999999}, ""ue2"": {""delivered_bps"": 5529837.978950777, ""delivery_ratio"": 1.0, ""offered_bps"": 5529837.978950777}, ""ue3"": {""delivered_bps"": 127990.12760971776, ""delivery_ratio"": 1.0, ""jitter_ms"": 12.414344610738246, ""loss_percent"": 0.0, ""offered_bps"": 127990.12760971776, ""rtt_p95_ms"": 82.955486}}"
1785746446.9695628,fair-base8-w3-r01-u1-100-u2-100,1,1.0,1.0,LIGHT_85,0.85,0,17.273172777727318,17.273172777727318,1.0,0.0,1.0,0.6551879960010769,8.964180386864196,8.30899239086312,1.0,0.0,11.776095080536912,77.289155,0,"{""ue1"": {""delivered_bps"": 8964180.386864197, ""delivery_ratio"": 1.0, ""offered_bps"": 8964180.386864197}, ""ue2"": {""delivered_bps"": 8308992.39086312, ""delivery_ratio"": 1.0, ""offered_bps"": 8308992.39086312}, ""ue3"": {""delivered_bps"": 127991.036916116, ""delivery_ratio"": 1.0, ""jitter_ms"": 11.776095080536912, ""loss_percent"": 0.0, ""offered_bps"": 127991.036916116, ""rtt_p95_ms"": 77.289155}}"
1785746448.075216,fair-base8-w3-r01-u1-100-u2-100,1,1.0,1.0,LIGHT_85,0.85,1,19.04,19.04,1.0,0.0,1.0,0.0,9.52,9.52,0.9933333333333333,0.6666666666666666,10.940500727891159,70.156003,0,"{""ue1"": {""delivered_bps"": 9520000.0, ""delivery_ratio"": 1.0, ""offered_bps"": 9520000.0}, ""ue2"": {""delivered_bps"": 9520000.0, ""delivery_ratio"": 1.0, ""offered_bps"": 9520000.0}, ""ue3"": {""delivered_bps"": 125430.82373084663, ""delivery_ratio"": 0.9933333333333333, ""jitter_ms"": 10.940500727891159, ""loss_percent"": 0.6666666666666666, ""offered_bps"": 127990.63646004758, ""rtt_p95_ms"": 70.156003}}"
1785746449.1746783,fair-base8-w3-r01-u1-100-u2-100,1,1.0,1.0,LIGHT_85,0.85,2,16.234803260154514,16.234803260154514,1.0,0.0,1.0,2.8051967398454853,9.52,6.714803260154515,1.0,0.0,12.56702942666667,106.913603,0,"{""ue1"": {""delivered_bps"": 9520000.0, ""delivery_ratio"": 1.0, ""offered_bps"": 9520000.0}, ""ue2"": {""delivered_bps"": 6714803.260154515, ""delivery_ratio"": 1.0, ""offered_bps"": 6714803.260154515}, ""ue3"": {""delivered_bps"": 133082.78685679936, ""delivery_ratio"": 1.0, ""jitter_ms"": 12.56702942666667, ""loss_percent"": 0.0, ""offered_bps"": 127964.21813153784, ""rtt_p95_ms"": 106.913603}}"
1785746454.3511457,fair-base8-w3-r01-u1-100-u2-100,1,1.0,1.0,EQUAL_100,1.0,0,20.321391537988788,20.321391537988788,1.0,0.0,1.0,0.7708212065461538,10.546106372267472,9.775285165721318,1.0,0.0,13.22032283221476,119.820804,0,"{""ue1"": {""delivered_bps"": 10546106.372267472, ""delivery_ratio"": 1.0, ""offered_bps"": 10546106.372267472}, ""ue2"": {""delivered_bps"": 9775285.165721318, ""delivery_ratio"": 1.0, ""offered_bps"": 9775285.165721318}, ""ue3"": {""delivered_bps"": 130550.43052738337, ""delivery_ratio"": 1.0, ""jitter_ms"": 13.22032283221476, ""loss_percent"": 0.0, ""offered_bps"": 127990.61816410134, ""rtt_p95_ms"": 119.820804}}"
1785746455.459105,fair-base8-w3-r01-u1-100-u2-100,1,1.0,1.0,EQUAL_100,1.0,1,22.4,22.4,1.0,0.0,1.0,0.0,11.2,11.2,1.0,0.0,13.02251547096774,118.837883,0,"{""ue1"": {""delivered_bps"": 11200000.0, ""delivery_ratio"": 1.0, ""offered_bps"": 11200000.0}, ""ue2"": {""delivered_bps"": 11200000.0, ""delivery_ratio"": 1.0, ""offered_bps"": 11200000.0}, ""ue3"": {""delivered_bps"": 125431.72777297329, ""delivery_ratio"": 1.0, ""jitter_ms"": 13.02251547096774, ""loss_percent"": 0.0, ""offered_bps"": 127991.55895201355, ""rtt_p95_ms"": 118.837883}}"
1785746456.578613,fair-base8-w3-r01-u1-100-u2-100,1,1.0,1.0,EQUAL_100,1.0,2,19.099768541358255,19.099768541358255,1.0,0.0,1.0,3.300231458641747,11.2,7.899768541358253,1.0,0.0,14.396171382550332,123.226857,0,"{""ue1"": {""delivered_bps"": 11200000.0, ""delivery_ratio"": 1.0, ""offered_bps"": 11200000.0}, ""ue2"": {""delivered_bps"": 7899768.541358253, ""delivery_ratio"": 1.0, ""offered_bps"": 7899768.541358253}, ""ue3"": {""delivered_bps"": 127991.06596931764, ""delivery_ratio"": 1.0, ""jitter_ms"": 14.396171382550332, ""loss_percent"": 0.0, ""offered_bps"": 127991.06596931764, ""rtt_p95_ms"": 123.226857}}"
1785746461.8007467,fair-base8-w3-r01-u1-015-u2-025,1,0.15,0.25,EQUAL_100,1.0,0,4.025708848417849,4.025708848417849,1.0,0.0,1.0,0.8619337344428107,1.5818875569875186,2.4438212914303294,1.0,0.0,11.475774731543618,42.657196,1,"{""ue1"": {""delivered_bps"": 1581887.5569875187, ""delivery_ratio"": 1.0, ""offered_bps"": 1581887.5569875187}, ""ue2"": {""delivered_bps"": 2443821.2914303294, ""delivery_ratio"": 1.0, ""offered_bps"": 2443821.2914303294}, ""ue3"": {""delivered_bps"": 125431.31237716803, ""delivery_ratio"": 1.0, ""jitter_ms"": 11.475774731543618, ""loss_percent"": 0.0, ""offered_bps"": 127991.13507874288, ""rtt_p95_ms"": 42.657196}}"
1785746462.9020426,fair-base8-w3-r01-u1-015-u2-025,1,0.15,0.25,EQUAL_100,1.0,1,4.48,4.48,1.0,0.0,1.0,1.12,1.68,2.8,1.0,0.0,10.080590283783781,38.285876,1,"{""ue1"": {""delivered_bps"": 1680000.0, ""delivery_ratio"": 1.0, ""offered_bps"": 1680000.0}, ""ue2"": {""delivered_bps"": 2800000.0, ""delivery_ratio"": 1.0, ""offered_bps"": 2800000.0}, ""ue3"": {""delivered_bps"": 127991.79866562574, ""delivery_ratio"": 1.0, ""jitter_ms"": 10.080590283783781, ""loss_percent"": 0.0, ""offered_bps"": 127991.79866562574, ""rtt_p95_ms"": 38.285876}}"
1785746464.0120156,fair-base8-w3-r01-u1-015-u2-025,1,0.15,0.25,EQUAL_100,1.0,2,3.6549421353395632,3.6549421353395632,1.0,0.0,1.0,0.29494213533956326,1.68,1.9749421353395633,1.0,0.0,9.211447662162163,37.315337,1,"{""ue1"": {""delivered_bps"": 1680000.0, ""delivery_ratio"": 1.0, ""offered_bps"": 1680000.0}, ""ue2"": {""delivered_bps"": 1974942.1353395632, ""delivery_ratio"": 1.0, ""offered_bps"": 1974942.1353395632}, ""ue3"": {""delivered_bps"": 127990.91738095383, ""delivery_ratio"": 1.0, ""jitter_ms"": 9.211447662162163, ""loss_percent"": 0.0, ""offered_bps"": 127990.91738095383, ""rtt_p95_ms"": 37.315337}}"
1785746469.15391,fair-base8-w3-r01-u1-015-u2-025,1,0.15,0.25,LIGHT_85,0.85,0,3.4219130759631238,3.4219130759631238,1.0,0.0,1.0,0.7325831194684359,1.344664978247344,2.07724809771578,1.0,0.0,10.796956946308729,38.160438,1,"{""ue1"": {""delivered_bps"": 1344664.978247344, ""delivery_ratio"": 1.0, ""offered_bps"": 1344664.978247344}, ""ue2"": {""delivered_bps"": 2077248.09771578, ""delivery_ratio"": 1.0, ""offered_bps"": 2077248.09771578}, ""ue3"": {""delivered_bps"": 127989.6456407742, ""delivery_ratio"": 1.0, ""jitter_ms"": 10.796956946308729, ""loss_percent"": 0.0, ""offered_bps"": 127989.6456407742, ""rtt_p95_ms"": 38.160438}}"
1785746470.258258,fair-base8-w3-r01-u1-015-u2-025,1,0.15,0.25,LIGHT_85,0.85,1,3.808,3.808,1.0,0.0,1.0,0.952,1.428,2.38,1.0,0.0,10.820025222972973,37.350794,1,"{""ue1"": {""delivered_bps"": 1428000.0, ""delivery_ratio"": 1.0, ""offered_bps"": 1428000.0}, ""ue2"": {""delivered_bps"": 2380000.0, ""delivery_ratio"": 1.0, ""offered_bps"": 2380000.0}, ""ue3"": {""delivered_bps"": 125431.26609164961, ""delivery_ratio"": 1.0, ""jitter_ms"": 10.820025222972973, ""loss_percent"": 0.0, ""offered_bps"": 127991.08784862206, ""rtt_p95_ms"": 37.350794}}"
1785746471.3772705,fair-base8-w3-r01-u1-015-u2-025,1,0.15,0.25,LIGHT_85,0.85,2,3.106700815038629,3.106700815038629,1.0,0.0,1.0,0.2507008150386286,1.428,1.6787008150386287,1.0,0.0,10.719176328859056,35.12566,1,"{""ue1"": {""delivered_bps"": 1428000.0, ""delivery_ratio"": 1.0, ""offered_bps"": 1428000.0}, ""ue2"": {""delivered_bps"": 1678700.8150386286, ""delivery_ratio"": 1.0, ""offered_bps"": 1678700.8150386286}, ""ue3"": {""delivered_bps"": 130549.57757338248, ""delivery_ratio"": 1.0, ""jitter_ms"": 10.719176328859056, ""loss_percent"": 0.0, ""offered_bps"": 127989.78193468871, ""rtt_p95_ms"": 35.12566}}"
1785746476.5543118,fair-base8-w3-r01-u1-015-u2-025,1,0.15,0.25,STRONG_40,0.4,0,2.032151564086142,2.032151564086142,1.0,0.0,1.0,0.07709453094187868,1.0546230475140104,0.9775285165721318,1.0,0.0,10.63588206081081,35.09366,1,"{""ue1"": {""delivered_bps"": 1054623.0475140105, ""delivery_ratio"": 1.0, ""offered_bps"": 1054623.0475140105}, ""ue2"": {""delivered_bps"": 977528.5165721318, ""delivery_ratio"": 1.0, ""offered_bps"": 977528.5165721318}, ""ue3"": {""delivered_bps"": 125430.62506263396, ""delivery_ratio"": 1.0, ""jitter_ms"": 10.63588206081081, ""loss_percent"": 0.0, ""offered_bps"": 127990.4337373816, ""rtt_p95_ms"": 35.09366}}"
1785746477.6903012,fair-base8-w3-r01-u1-015-u2-025,1,0.15,0.25,STRONG_40,0.4,1,2.24,2.24,1.0,0.0,1.0,0.0,1.12,1.12,1.0,0.0,10.793163040268452,36.645991,1,"{""ue1"": {""delivered_bps"": 1120000.0, ""delivery_ratio"": 1.0, ""offered_bps"": 1120000.0}, ""ue2"": {""delivered_bps"": 1120000.0, ""delivery_ratio"": 1.0, ""offered_bps"": 1120000.0}, ""ue3"": {""delivered_bps"": 127990.93670502014, ""delivery_ratio"": 1.0, ""jitter_ms"": 10.793163040268452, ""loss_percent"": 0.0, ""offered_bps"": 127990.93670502014, ""rtt_p95_ms"": 36.645991}}"
1785746478.8233755,fair-base8-w3-r01-u1-015-u2-025,1,0.15,0.25,STRONG_40,0.4,2,2.24,2.24,1.0,0.0,1.0,0.0,1.12,1.12,1.0,0.0,11.225220666666672,37.698735,1,"{""ue1"": {""delivered_bps"": 1120000.0, ""delivery_ratio"": 1.0, ""offered_bps"": 1120000.0}, ""ue2"": {""delivered_bps"": 1120000.0, ""delivery_ratio"": 1.0, ""offered_bps"": 1120000.0}, ""ue3"": {""delivered_bps"": 127991.07850689566, ""delivery_ratio"": 1.0, ""jitter_ms"": 11.225220666666672, ""loss_percent"": 0.0, ""offered_bps"": 127991.07850689566, ""rtt_p95_ms"": 37.698735}}"
1785746484.0087264,fair-base8-w3-r01-u1-015-u2-025,1,0.15,0.25,MEDIUM_70,0.7,0,2.818007770191462,2.818007770191462,1.0,0.0,1.0,0.6033420378109997,1.1073328661902309,1.7106749040012306,1.0,0.0,10.59920910738255,37.807422,1,"{""ue1"": {""delivered_bps"": 1107332.866190231, ""delivery_ratio"": 1.0, ""offered_bps"": 1107332.866190231}, ""ue2"": {""delivered_bps"": 1710674.9040012306, ""delivery_ratio"": 1.0, ""offered_bps"": 1710674.9040012306}, ""ue3"": {""delivered_bps"": 127989.71576923113, ""delivery_ratio"": 1.0, ""jitter_ms"": 10.59920910738255, ""loss_percent"": 0.0, ""offered_bps"": 127989.71576923113, ""rtt_p95_ms"": 37.807422}}"
1785746485.1203363,fair-base8-w3-r01-u1-015-u2-025,1,0.15,0.25,MEDIUM_70,0.7,1,3.136,3.136,1.0,0.0,1.0,0.7839999999999998,1.176,1.9599999999999997,1.0,0.0,11.002644154362422,38.486088,1,"{""ue1"": {""delivered_bps"": 1176000.0, ""delivery_ratio"": 1.0, ""offered_bps"": 1176000.0}, ""ue2"": {""delivered_bps"": 1959999.9999999998, ""delivery_ratio"": 1.0, ""offered_bps"": 1959999.9999999998}, ""ue3"": {""delivered_bps"": 127989.73215787672, ""delivery_ratio"": 1.0, ""jitter_ms"": 11.002644154362422, ""loss_percent"": 0.0, ""offered_bps"": 127989.73215787672, ""rtt_p95_ms"": 38.486088}}"
1785746486.2229307,fair-base8-w3-r01-u1-015-u2-025,1,0.15,0.25,MEDIUM_70,0.7,2,3.136,3.136,1.0,0.0,1.0,0.7839999999999998,1.176,1.9599999999999997,1.0,0.0,10.782688389261741,38.184135,1,"{""ue1"": {""delivered_bps"": 1176000.0, ""delivery_ratio"": 1.0, ""offered_bps"": 1176000.0}, ""ue2"": {""delivered_bps"": 1959999.9999999998, ""delivery_ratio"": 1.0, ""offered_bps"": 1959999.9999999998}, ""ue3"": {""delivered_bps"": 127989.73291771402, ""delivery_ratio"": 1.0, ""jitter_ms"": 10.782688389261741, ""loss_percent"": 0.0, ""offered_bps"": 127989.73291771402, ""rtt_p95_ms"": 38.184135}}"
1785746491.3405116,fair-base8-w3-r01-u1-100-u2-075,1,1.0,0.75,STRONG_40,0.4,0,7.151056957758945,7.151056957758945,1.0,0.0,1.0,1.2858858583261525,4.218471408042548,2.932585549716396,1.0,0.0,10.915582805369132,40.649917,1,"{""ue1"": {""delivered_bps"": 4218471.408042548, ""delivery_ratio"": 1.0, ""offered_bps"": 4218471.408042548}, ""ue2"": {""delivered_bps"": 2932585.549716396, ""delivery_ratio"": 1.0, ""offered_bps"": 2932585.549716396}, ""ue3"": {""delivered_bps"": 127990.55007581315, ""delivery_ratio"": 1.0, ""jitter_ms"": 10.915582805369132, ""loss_percent"": 0.0, ""offered_bps"": 127990.55007581315, ""rtt_p95_ms"": 40.649917}}"
1785746492.4525692,fair-base8-w3-r01-u1-100-u2-075,1,1.0,0.75,STRONG_40,0.4,1,7.84,7.84,1.0,0.0,1.0,1.1199999999999994,4.48,3.3600000000000003,1.0,0.0,10.27311918243243,37.997984,1,"{""ue1"": {""delivered_bps"": 4480000.0, ""delivery_ratio"": 1.0, ""offered_bps"": 4480000.0}, ""ue2"": {""delivered_bps"": 3360000.0000000005, ""delivery_ratio"": 1.0, ""offered_bps"": 3360000.0000000005}, ""ue3"": {""delivered_bps"": 125431.20112406871, ""delivery_ratio"": 1.0, ""jitter_ms"": 10.27311918243243, ""loss_percent"": 0.0, ""offered_bps"": 127991.02155517215, ""rtt_p95_ms"": 37.997984}}"
1785746493.5544446,fair-base8-w3-r01-u1-100-u2-075,1,1.0,0.75,STRONG_40,0.4,2,6.849930562407477,6.849930562407477,1.0,0.0,1.0,2.1100694375925237,4.48,2.3699305624074762,1.0,0.0,11.09954067114094,48.014339,1,"{""ue1"": {""delivered_bps"": 4480000.0, ""delivery_ratio"": 1.0, ""offered_bps"": 4480000.0}, ""ue2"": {""delivered_bps"": 2369930.5624074764, ""delivery_ratio"": 1.0, ""offered_bps"": 2369930.5624074764}, ""ue3"": {""delivered_bps"": 130549.43815847482, ""delivery_ratio"": 1.0, ""jitter_ms"": 11.09954067114094, ""loss_percent"": 0.0, ""offered_bps"": 127989.64525340668, ""rtt_p95_ms"": 48.014339}}"
1785746498.6626313,fair-base8-w3-r01-u1-100-u2-075,1,1.0,0.75,MEDIUM_70,0.7,0,12.514314679358696,12.514314679358696,1.0,0.0,1.0,2.2502652553513145,7.382289967355005,5.132024712003691,1.0,0.0,10.532804335570471,39.302978,1,"{""ue1"": {""delivered_bps"": 7382289.967355005, ""delivery_ratio"": 1.0, ""offered_bps"": 7382289.967355005}, ""ue2"": {""delivered_bps"": 5132024.712003691, ""delivery_ratio"": 1.0, ""offered_bps"": 5132024.712003691}, ""ue3"": {""delivered_bps"": 125429.45025157396, ""delivery_ratio"": 1.0, ""jitter_ms"": 10.532804335570471, ""loss_percent"": 0.0, ""offered_bps"": 127989.23495058568, ""rtt_p95_ms"": 39.302978}}"
1785746499.762058,fair-base8-w3-r01-u1-100-u2-075,1,1.0,0.75,MEDIUM_70,0.7,1,13.719999999999999,13.719999999999999,1.0,0.0,1.0,1.96,7.839999999999999,5.879999999999999,1.0,0.0,10.973230557046982,42.430191,1,"{""ue1"": {""delivered_bps"": 7839999.999999999, ""delivery_ratio"": 1.0, ""offered_bps"": 7839999.999999999}, ""ue2"": {""delivered_bps"": 5879999.999999999, ""delivery_ratio"": 1.0, ""offered_bps"": 5879999.999999999}, ""ue3"": {""delivered_bps"": 127990.16919990646, ""delivery_ratio"": 1.0, ""jitter_ms"": 10.973230557046982, ""loss_percent"": 0.0, ""offered_bps"": 127990.16919990646, ""rtt_p95_ms"": 42.430191}}"
1785746500.8688722,fair-base8-w3-r01-u1-100-u2-075,1,1.0,0.75,MEDIUM_70,0.7,2,11.98737848421308,11.98737848421308,1.0,0.0,1.0,3.6926215157869176,7.839999999999999,4.147378484213082,1.0,0.0,10.586493013513513,42.430191,1,"{""ue1"": {""delivered_bps"": 7839999.999999999, ""delivery_ratio"": 1.0, ""offered_bps"": 7839999.999999999}, ""ue2"": {""delivered_bps"": 4147378.4842130817, ""delivery_ratio"": 1.0, ""offered_bps"": 4147378.4842130817}, ""ue3"": {""delivered_bps"": 127990.50720406711, ""delivery_ratio"": 1.0, ""jitter_ms"": 10.586493013513513, ""loss_percent"": 0.0, ""offered_bps"": 127990.50720406711, ""rtt_p95_ms"": 42.430191}}"
1785746506.0335386,fair-base8-w3-r01-u1-100-u2-075,1,1.0,0.75,EQUAL_100,1.0,0,17.877546135875246,17.877546135875246,1.0,0.0,1.0,3.214618387293271,10.54608226158426,7.331463874290989,1.0,0.0,12.405788697986582,79.158042,0,"{""ue1"": {""delivered_bps"": 10546082.26158426, ""delivery_ratio"": 1.0, ""offered_bps"": 10546082.26158426}, ""ue2"": {""delivered_bps"": 7331463.874290989, ""delivery_ratio"": 1.0, ""offered_bps"": 7331463.874290989}, ""ue3"": {""delivered_bps"": 127986.68157321424, ""delivery_ratio"": 1.0, ""jitter_ms"": 12.405788697986582, ""loss_percent"": 0.0, ""offered_bps"": 127986.68157321424, ""rtt_p95_ms"": 79.158042}}"
1785746507.1450503,fair-base8-w3-r01-u1-100-u2-075,1,1.0,0.75,EQUAL_100,1.0,1,19.6,19.6,1.0,0.0,1.0,2.800000000000002,11.2,8.399999999999999,1.0,0.0,11.240302716216215,50.395743,1,"{""ue1"": {""delivered_bps"": 11200000.0, ""delivery_ratio"": 1.0, ""offered_bps"": 11200000.0}, ""ue2"": {""delivered_bps"": 8399999.999999998, ""delivery_ratio"": 1.0, ""offered_bps"": 8399999.999999998}, ""ue3"": {""delivered_bps"": 125430.68075070213, ""delivery_ratio"": 1.0, ""jitter_ms"": 11.240302716216215, ""loss_percent"": 0.0, ""offered_bps"": 127990.49056194094, ""rtt_p95_ms"": 50.395743}}"
1785746508.2511756,fair-base8-w3-r01-u1-100-u2-075,1,1.0,0.75,EQUAL_100,1.0,2,17.124826406018688,17.124826406018688,1.0,0.0,1.0,5.27517359398131,11.2,5.92482640601869,1.0,0.0,9.903338912751678,49.943807,1,"{""ue1"": {""delivered_bps"": 11200000.0, ""delivery_ratio"": 1.0, ""offered_bps"": 11200000.0}, ""ue2"": {""delivered_bps"": 5924826.40601869, ""delivery_ratio"": 1.0, ""offered_bps"": 5924826.40601869}, ""ue3"": {""delivered_bps"": 130550.52765120419, ""delivery_ratio"": 1.0, ""jitter_ms"": 9.903338912751678, ""loss_percent"": 0.0, ""offered_bps"": 127990.71338353351, ""rtt_p95_ms"": 49.943807}}"
1785746513.4334574,fair-base8-w3-r01-u1-100-u2-075,1,1.0,0.75,LIGHT_85,0.85,0,15.195896374304622,15.195896374304622,1.0,0.0,1.0,2.732407788009944,8.964152081157284,6.231744293147339,1.0,0.0,11.91348995302013,52.263072,1,"{""ue1"": {""delivered_bps"": 8964152.081157284, ""delivery_ratio"": 1.0, ""offered_bps"": 8964152.081157284}, ""ue2"": {""delivered_bps"": 6231744.2931473395, ""delivery_ratio"": 1.0, ""offered_bps"": 6231744.2931473395}, ""ue3"": {""delivered_bps"": 127983.76308738328, ""delivery_ratio"": 1.0, ""jitter_ms"": 11.91348995302013, ""loss_percent"": 0.0, ""offered_bps"": 127983.76308738328, ""rtt_p95_ms"": 52.263072}}"
1785746514.5399814,fair-base8-w3-r01-u1-100-u2-075,1,1.0,0.75,LIGHT_85,0.85,1,16.66,16.66,1.0,0.0,1.0,2.380000000000001,9.52,7.139999999999999,0.9733333333333334,2.6666666666666665,11.744743972222224,52.263072,0,"{""ue1"": {""delivered_bps"": 9520000.0, ""delivery_ratio"": 1.0, ""offered_bps"": 9520000.0}, ""ue2"": {""delivered_bps"": 7139999.999999999, ""delivery_ratio"": 1.0, ""offered_bps"": 7139999.999999999}, ""ue3"": {""delivered_bps"": 115191.65700973677, ""delivery_ratio"": 0.9733333333333334, ""jitter_ms"": 11.744743972222224, ""loss_percent"": 2.6666666666666665, ""offered_bps"": 127990.73001081863, ""rtt_p95_ms"": 52.263072}}"
1785746515.6410563,fair-base8-w3-r01-u1-100-u2-075,1,1.0,0.75,LIGHT_85,0.85,2,14.556102445115886,14.556102445115886,1.0,0.0,1.0,4.4838975548841145,9.52,5.036102445115886,1.0,0.0,11.125668684563761,42.500947,1,"{""ue1"": {""delivered_bps"": 9520000.0, ""delivery_ratio"": 1.0, ""offered_bps"": 9520000.0}, ""ue2"": {""delivered_bps"": 5036102.445115886, ""delivery_ratio"": 1.0, ""offered_bps"": 5036102.445115886}, ""ue3"": {""delivered_bps"": 140787.71218764957, ""delivery_ratio"": 1.0, ""jitter_ms"": 11.125668684563761, ""loss_percent"": 0.0, ""offered_bps"": 127988.8292614996, ""rtt_p95_ms"": 42.500947}}"
1785746520.797349,fair-base8-w3-r01-u1-025-u2-015,1,0.25,0.15,EQUAL_100,1.0,0,4.10279991620023,4.10279991620023,1.0,0.0,1.0,1.1702143664838363,2.6365071413420336,1.4662927748581975,1.0,0.0,9.830845946308722,38.04702,1,"{""ue1"": {""delivered_bps"": 2636507.1413420336, ""delivery_ratio"": 1.0, ""offered_bps"": 2636507.1413420336}, ""ue2"": {""delivered_bps"": 1466292.7748581974, ""delivery_ratio"": 1.0, ""offered_bps"": 1466292.7748581974}, ""ue3"": {""delivered_bps"": 127991.37338279738, ""delivery_ratio"": 1.0, ""jitter_ms"": 9.830845946308722, ""loss_percent"": 0.0, ""offered_bps"": 127991.37338279738, ""rtt_p95_ms"": 38.04702}}"
1785746521.9035459,fair-base8-w3-r01-u1-025-u2-015,1,0.25,0.15,EQUAL_100,1.0,1,4.48,4.48,1.0,0.0,1.0,1.12,2.8,1.68,1.0,0.0,9.598021120000004,35.04305,1,"{""ue1"": {""delivered_bps"": 2800000.0, ""delivery_ratio"": 1.0, ""offered_bps"": 2800000.0}, ""ue2"": {""delivered_bps"": 1680000.0, ""delivery_ratio"": 1.0, ""offered_bps"": 1680000.0}, ""ue3"": {""delivered_bps"": 127991.2895527695, ""delivery_ratio"": 1.0, ""jitter_ms"": 9.598021120000004, ""loss_percent"": 0.0, ""offered_bps"": 127991.2895527695, ""rtt_p95_ms"": 35.04305}}"
1785746523.005598,fair-base8-w3-r01-u1-025-u2-015,1,0.25,0.15,EQUAL_100,1.0,2,4.48,4.48,1.0,0.0,1.0,1.12,2.8,1.68,1.0,0.0,9.821243248322146,35.04305,1,"{""ue1"": {""delivered_bps"": 2800000.0, ""delivery_ratio"": 1.0, ""offered_bps"": 2800000.0}, ""ue2"": {""delivered_bps"": 1680000.0, ""delivery_ratio"": 1.0, ""offered_bps"": 1680000.0}, ""ue3"": {""delivered_bps"": 127985.52829495342, ""delivery_ratio"": 1.0, ""jitter_ms"": 9.821243248322146, ""loss_percent"": 0.0, ""offered_bps"": 127985.52829495342, ""rtt_p95_ms"": 35.04305}}"
1785746528.1235309,fair-base8-w3-r01-u1-025-u2-015,1,0.25,0.15,STRONG_40,0.4,0,2.03214154555361,2.03214154555361,1.0,0.0,1.0,0.07708451240934665,1.0546130289814784,0.9775285165721318,1.0,0.0,10.970816621621623,38.802232,1,"{""ue1"": {""delivered_bps"": 1054613.0289814784, ""delivery_ratio"": 1.0, ""offered_bps"": 1054613.0289814784}, ""ue2"": {""delivered_bps"": 977528.5165721318, ""delivery_ratio"": 1.0, ""offered_bps"": 977528.5165721318}, ""ue3"": {""delivered_bps"": 125430.81169232202, ""delivery_ratio"": 1.0, ""jitter_ms"": 10.970816621621623, ""loss_percent"": 0.0, ""offered_bps"": 127990.6241758388, ""rtt_p95_ms"": 38.802232}}"
1785746529.227263,fair-base8-w3-r01-u1-025-u2-015,1,0.25,0.15,STRONG_40,0.4,1,2.24,2.24,1.0,0.0,1.0,0.0,1.12,1.12,1.0,0.0,10.508660148648644,38.106104,1,"{""ue1"": {""delivered_bps"": 1120000.0, ""delivery_ratio"": 1.0, ""offered_bps"": 1120000.0}, ""ue2"": {""delivered_bps"": 1120000.0, ""delivery_ratio"": 1.0, ""offered_bps"": 1120000.0}, ""ue3"": {""delivered_bps"": 130550.28718984767, ""delivery_ratio"": 1.0, ""jitter_ms"": 10.508660148648644, ""loss_percent"": 0.0, ""offered_bps"": 127990.47763710556, ""rtt_p95_ms"": 38.106104}}"
1785746530.324863,fair-base8-w3-r01-u1-025-u2-015,1,0.25,0.15,STRONG_40,0.4,2,1.9099768541358253,1.9099768541358253,1.0,0.0,1.0,0.3300231458641746,1.12,0.7899768541358254,1.0,0.0,11.429089489932888,39.905082,1,"{""ue1"": {""delivered_bps"": 1120000.0, ""delivery_ratio"": 1.0, ""offered_bps"": 1120000.0}, ""ue2"": {""delivered_bps"": 789976.8541358254, ""delivery_ratio"": 1.0, ""offered_bps"": 789976.8541358254}, ""ue3"": {""delivered_bps"": 127989.14625895472, ""delivery_ratio"": 1.0, ""jitter_ms"": 11.429089489932888, ""loss_percent"": 0.0, ""offered_bps"": 127989.14625895472, ""rtt_p95_ms"": 39.905082}}"
1785746535.4056287,fair-base8-w3-r01-u1-025-u2-015,1,0.25,0.15,MEDIUM_70,0.7,0,2.871972476643773,2.871972476643773,1.0,0.0,1.0,0.8191625918422957,1.8455675342430342,1.0264049424007384,1.0,0.0,11.130577925675674,65.22378,0,"{""ue1"": {""delivered_bps"": 1845567.5342430342, ""delivery_ratio"": 1.0, ""offered_bps"": 1845567.5342430342}, ""ue2"": {""delivered_bps"": 1026404.9424007385, ""delivery_ratio"": 1.0, ""offered_bps"": 1026404.9424007385}, ""ue3"": {""delivered_bps"": 133110.3582815536, ""delivery_ratio"": 1.0, ""jitter_ms"": 11.130577925675674, ""loss_percent"": 0.0, ""offered_bps"": 127990.72911687846, ""rtt_p95_ms"": 65.22378}}"
1785746536.5114534,fair-base8-w3-r01-u1-025-u2-015,1,0.25,0.15,MEDIUM_70,0.7,1,3.136,3.136,1.0,0.0,1.0,0.7839999999999998,1.9599999999999997,1.176,1.0,0.0,10.715176228187923,38.819135,1,"{""ue1"": {""delivered_bps"": 1959999.9999999998, ""delivery_ratio"": 1.0, ""offered_bps"": 1959999.9999999998}, ""ue2"": {""delivered_bps"": 1176000.0, ""delivery_ratio"": 1.0, ""offered_bps"": 1176000.0}, ""ue3"": {""delivered_bps"": 130551.13048775261, ""delivery_ratio"": 1.0, ""jitter_ms"": 10.715176228187923, ""loss_percent"": 0.0, ""offered_bps"": 127991.30439975746, ""rtt_p95_ms"": 38.819135}}"
1785746537.6250956,fair-base8-w3-r01-u1-025-u2-015,1,0.25,0.15,MEDIUM_70,0.7,2,3.136,3.136,1.0,0.0,1.0,0.7839999999999998,1.9599999999999997,1.176,1.0,0.0,10.620653013245033,38.58441,1,"{""ue1"": {""delivered_bps"": 1959999.9999999998, ""delivery_ratio"": 1.0, ""offered_bps"": 1959999.9999999998}, ""ue2"": {""delivered_bps"": 1176000.0, ""delivery_ratio"": 1.0, ""offered_bps"": 1176000.0}, ""ue3"": {""delivered_bps"": 125430.60587698166, ""delivery_ratio"": 1.0, ""jitter_ms"": 10.620653013245033, ""loss_percent"": 0.0, ""offered_bps"": 127990.41416018538, ""rtt_p95_ms"": 38.58441}}"
1785746542.8057694,fair-base8-w3-r01-u1-025-u2-015,1,0.25,0.15,LIGHT_85,0.85,0,3.48737267226894,3.48737267226894,1.0,0.0,1.0,0.9946749550100044,2.2410238136394725,1.246348858629468,1.0,0.0,9.54986940540541,38.138957,1,"{""ue1"": {""delivered_bps"": 2241023.8136394722, ""delivery_ratio"": 1.0, ""offered_bps"": 2241023.8136394722}, ""ue2"": {""delivered_bps"": 1246348.858629468, ""delivery_ratio"": 1.0, ""offered_bps"": 1246348.858629468}, ""ue3"": {""delivered_bps"": 125430.95918448412, ""delivery_ratio"": 1.0, ""jitter_ms"": 9.54986940540541, ""loss_percent"": 0.0, ""offered_bps"": 127990.77467804503, ""rtt_p95_ms"": 38.138957}}"
1785746543.9117644,fair-base8-w3-r01-u1-025-u2-015,1,0.25,0.15,LIGHT_85,0.85,1,3.808,3.808,1.0,0.0,1.0,0.952,2.38,1.428,1.0,0.0,9.899583389261743,39.578214,1,"{""ue1"": {""delivered_bps"": 2380000.0, ""delivery_ratio"": 1.0, ""offered_bps"": 2380000.0}, ""ue2"": {""delivered_bps"": 1428000.0, ""delivery_ratio"": 1.0, ""offered_bps"": 1428000.0}, ""ue3"": {""delivered_bps"": 130549.62978946336, ""delivery_ratio"": 1.0, ""jitter_ms"": 9.899583389261743, ""loss_percent"": 0.0, ""offered_bps"": 127989.83312692486, ""rtt_p95_ms"": 39.578214}}"
1785746545.010818,fair-base8-w3-r01-u1-025-u2-015,1,0.25,0.15,LIGHT_85,0.85,2,3.3872204890231776,3.3872204890231776,1.0,0.0,1.0,1.3727795109768226,2.38,1.0072204890231773,1.0,0.0,10.533185852349,38.138957,1,"{""ue1"": {""delivered_bps"": 2380000.0, ""delivery_ratio"": 1.0, ""offered_bps"": 2380000.0}, ""ue2"": {""delivered_bps"": 1007220.4890231773, ""delivery_ratio"": 1.0, ""offered_bps"": 1007220.4890231773}, ""ue3"": {""delivered_bps"": 127989.98645059891, ""delivery_ratio"": 1.0, ""jitter_ms"": 10.533185852349, ""loss_percent"": 0.0, ""offered_bps"": 127989.98645059891, ""rtt_p95_ms"": 38.138957}}"
1785746550.1125455,fair-base8-w3-r01-u1-075-u2-100,1,0.75,1.0,LIGHT_85,0.85,0,15.032144326458674,15.032144326458674,1.0,0.0,1.0,1.5858404552675645,6.723151935595555,8.30899239086312,1.0,0.0,11.828240412162167,63.265773,0,"{""ue1"": {""delivered_bps"": 6723151.935595555, ""delivery_ratio"": 1.0, ""offered_bps"": 6723151.935595555}, ""ue2"": {""delivered_bps"": 8308992.39086312, ""delivery_ratio"": 1.0, ""offered_bps"": 8308992.39086312}, ""ue3"": {""delivered_bps"": 122869.4853172433, ""delivery_ratio"": 1.0, ""jitter_ms"": 11.828240412162167, ""loss_percent"": 0.0, ""offered_bps"": 127989.04720546179, ""rtt_p95_ms"": 63.265773}}"
1785746551.2078664,fair-base8-w3-r01-u1-075-u2-100,1,0.75,1.0,LIGHT_85,0.85,1,16.66,16.66,1.0,0.0,1.0,2.380000000000001,7.139999999999999,9.52,1.0,0.0,11.509868797297298,51.315933,1,"{""ue1"": {""delivered_bps"": 7139999.999999999, ""delivery_ratio"": 1.0, ""offered_bps"": 7139999.999999999}, ""ue2"": {""delivered_bps"": 9520000.0, ""delivery_ratio"": 1.0, ""offered_bps"": 9520000.0}, ""ue3"": {""delivered_bps"": 130550.0586133281, ""delivery_ratio"": 1.0, ""jitter_ms"": 11.509868797297298, ""loss_percent"": 0.0, ""offered_bps"": 127990.25354247853, ""rtt_p95_ms"": 51.315933}}"
1785746552.335982,fair-base8-w3-r01-u1-075-u2-100,1,0.75,1.0,LIGHT_85,0.85,2,13.854803260154513,13.854803260154513,1.0,0.0,1.0,0.4251967398454845,7.139999999999999,6.714803260154515,1.0,0.0,12.238884202702707,62.33484,0,"{""ue1"": {""delivered_bps"": 7139999.999999999, ""delivery_ratio"": 1.0, ""offered_bps"": 7139999.999999999}, ""ue2"": {""delivered_bps"": 6714803.260154515, ""delivery_ratio"": 1.0, ""offered_bps"": 6714803.260154515}, ""ue3"": {""delivered_bps"": 127989.73496629503, ""delivery_ratio"": 1.0, ""jitter_ms"": 12.238884202702707, ""loss_percent"": 0.0, ""offered_bps"": 127989.73496629503, ""rtt_p95_ms"": 62.33484}}"
1785746557.5832047,fair-base8-w3-r01-u1-075-u2-100,1,0.75,1.0,STRONG_40,0.4,0,7.073926093388483,7.073926093388483,1.0,0.0,1.0,0.7463020391885713,3.1638120270999557,3.910114066288527,1.0,0.0,12.907244483221474,70.413918,0,"{""ue1"": {""delivered_bps"": 3163812.027099956, ""delivery_ratio"": 1.0, ""offered_bps"": 3163812.027099956}, ""ue2"": {""delivered_bps"": 3910114.066288527, ""delivery_ratio"": 1.0, ""offered_bps"": 3910114.066288527}, ""ue3"": {""delivered_bps"": 127991.2666453563, ""delivery_ratio"": 1.0, ""jitter_ms"": 12.907244483221474, ""loss_percent"": 0.0, ""offered_bps"": 127991.2666453563, ""rtt_p95_ms"": 70.413918}}"
1785746558.7094216,fair-base8-w3-r01-u1-075-u2-100,1,0.75,1.0,STRONG_40,0.4,1,7.84,7.84,1.0,0.0,1.0,1.1199999999999994,3.3600000000000003,4.48,1.0,0.0,12.609191510067115,73.850849,0,"{""ue1"": {""delivered_bps"": 3360000.0000000005, ""delivery_ratio"": 1.0, ""offered_bps"": 3360000.0000000005}, ""ue2"": {""delivered_bps"": 4480000.0, ""delivery_ratio"": 1.0, ""offered_bps"": 4480000.0}, ""ue3"": {""delivered_bps"": 125429.19377652246, ""delivery_ratio"": 1.0, ""jitter_ms"": 12.609191510067115, ""loss_percent"": 0.0, ""offered_bps"": 127988.97324134943, ""rtt_p95_ms"": 73.850849}}"
1785746559.8298464,fair-base8-w3-r01-u1-075-u2-100,1,0.75,1.0,STRONG_40,0.4,2,7.84,7.84,1.0,0.0,1.0,1.1199999999999994,3.3600000000000003,4.48,1.0,0.0,12.451527677852344,67.638961,0,"{""ue1"": {""delivered_bps"": 3360000.0000000005, ""delivery_ratio"": 1.0, ""offered_bps"": 3360000.0000000005}, ""ue2"": {""delivered_bps"": 4480000.0, ""delivery_ratio"": 1.0, ""offered_bps"": 4480000.0}, ""ue3"": {""delivered_bps"": 127989.27411171197, ""delivery_ratio"": 1.0, ""jitter_ms"": 12.451527677852344, ""loss_percent"": 0.0, ""offered_bps"": 127989.27411171197, ""rtt_p95_ms"": 67.638961}}"
1785746565.1002061,fair-base8-w3-r01-u1-075-u2-100,1,0.75,1.0,MEDIUM_70,0.7,0,12.379412123620709,12.379412123620709,1.0,0.0,1.0,1.3059871083891355,5.536712507615787,6.842699616004922,1.0,0.0,13.127663939597321,101.335976,0,"{""ue1"": {""delivered_bps"": 5536712.507615787, ""delivery_ratio"": 1.0, ""offered_bps"": 5536712.507615787}, ""ue2"": {""delivered_bps"": 6842699.616004922, ""delivery_ratio"": 1.0, ""offered_bps"": 6842699.616004922}, ""ue3"": {""delivered_bps"": 127990.40955641636, ""delivery_ratio"": 1.0, ""jitter_ms"": 13.127663939597321, ""loss_percent"": 0.0, ""offered_bps"": 127990.40955641636, ""rtt_p95_ms"": 101.335976}}"
1785746566.1987998,fair-base8-w3-r01-u1-075-u2-100,1,0.75,1.0,MEDIUM_70,0.7,1,13.719999999999999,13.719999999999999,1.0,0.0,1.0,1.96,5.879999999999999,7.839999999999999,1.0,0.0,11.191853093959724,84.179761,0,"{""ue1"": {""delivered_bps"": 5879999.999999999, ""delivery_ratio"": 1.0, ""offered_bps"": 5879999.999999999}, ""ue2"": {""delivered_bps"": 7839999.999999999, ""delivery_ratio"": 1.0, ""offered_bps"": 7839999.999999999}, ""ue3"": {""delivered_bps"": 127990.27465421199, ""delivery_ratio"": 1.0, ""jitter_ms"": 11.191853093959724, ""loss_percent"": 0.0, ""offered_bps"": 127990.27465421199, ""rtt_p95_ms"": 84.179761}}"
1785746567.3121564,fair-base8-w3-r01-u1-075-u2-100,1,0.75,1.0,MEDIUM_70,0.7,2,11.409837978950776,11.409837978950776,1.0,0.0,1.0,0.350162021049222,5.879999999999999,5.529837978950777,0.9933333333333333,0.6666666666666666,12.534401707482989,101.335976,0,"{""ue1"": {""delivered_bps"": 5879999.999999999, ""delivery_ratio"": 1.0, ""offered_bps"": 5879999.999999999}, ""ue2"": {""delivered_bps"": 5529837.978950777, ""delivery_ratio"": 1.0, ""offered_bps"": 5529837.978950777}, ""ue3"": {""delivered_bps"": 122871.18767997785, ""delivery_ratio"": 0.9933333333333333, ""jitter_ms"": 12.534401707482989, ""loss_percent"": 0.6666666666666666, ""offered_bps"": 127990.82049997694, ""rtt_p95_ms"": 101.335976}}"
1785746572.4396605,fair-base8-w3-r01-u1-075-u2-100,1,0.75,1.0,EQUAL_100,1.0,0,17.68486591039857,17.68486591039857,1.0,0.0,1.0,1.8657044210440628,7.909580744677255,9.775285165721318,1.0,0.0,11.549485657718122,74.053386,0,"{""ue1"": {""delivered_bps"": 7909580.744677255, ""delivery_ratio"": 1.0, ""offered_bps"": 7909580.744677255}, ""ue2"": {""delivered_bps"": 9775285.165721318, ""delivery_ratio"": 1.0, ""offered_bps"": 9775285.165721318}, ""ue3"": {""delivered_bps"": 127991.03524741968, ""delivery_ratio"": 1.0, ""jitter_ms"": 11.549485657718122, ""loss_percent"": 0.0, ""offered_bps"": 127991.03524741968, ""rtt_p95_ms"": 74.053386}}"
1785746573.5522792,fair-base8-w3-r01-u1-075-u2-100,1,0.75,1.0,EQUAL_100,1.0,1,19.6,19.6,1.0,0.0,1.0,2.800000000000002,8.399999999999999,11.2,1.0,0.0,11.21625438157895,92.973955,0,"{""ue1"": {""delivered_bps"": 8399999.999999998, ""delivery_ratio"": 1.0, ""offered_bps"": 8399999.999999998}, ""ue2"": {""delivered_bps"": 11200000.0, ""delivery_ratio"": 1.0, ""offered_bps"": 11200000.0}, ""ue3"": {""delivered_bps"": 130547.59771660666, ""delivery_ratio"": 1.0, ""jitter_ms"": 11.21625438157895, ""loss_percent"": 0.0, ""offered_bps"": 127987.84089863398, ""rtt_p95_ms"": 92.973955}}"
1785746574.657797,fair-base8-w3-r01-u1-075-u2-100,1,0.75,1.0,EQUAL_100,1.0,2,16.29976854135825,16.29976854135825,1.0,0.0,1.0,0.5002314586417451,8.399999999999999,7.899768541358253,1.0,0.0,14.190205195945955,123.670866,0,"{""ue1"": {""delivered_bps"": 8399999.999999998, ""delivery_ratio"": 1.0, ""offered_bps"": 8399999.999999998}, ""ue2"": {""delivered_bps"": 7899768.541358253, ""delivery_ratio"": 1.0, ""offered_bps"": 7899768.541358253}, ""ue3"": {""delivered_bps"": 122870.12788220833, ""delivery_ratio"": 1.0, ""jitter_ms"": 14.190205195945955, ""loss_percent"": 0.0, ""offered_bps"": 127989.716543967, ""rtt_p95_ms"": 123.670866}}"
1785746579.8558917,fair-base8-w3-r01-u1-025-u2-025,1,0.25,0.25,MEDIUM_70,0.7,0,3.5562294840438367,3.5562294840438367,1.0,0.0,1.0,0.13487967604137538,1.845554580042606,1.7106749040012306,1.0,0.0,11.352554039999996,45.732368,1,"{""ue1"": {""delivered_bps"": 1845554.580042606, ""delivery_ratio"": 1.0, ""offered_bps"": 1845554.580042606}, ""ue2"": {""delivered_bps"": 1710674.9040012306, ""delivery_ratio"": 1.0, ""offered_bps"": 1710674.9040012306}, ""ue3"": {""delivered_bps"": 127990.0233028651, ""delivery_ratio"": 1.0, ""jitter_ms"": 11.352554039999996, ""loss_percent"": 0.0, ""offered_bps"": 127990.0233028651, ""rtt_p95_ms"": 45.732368}}"
1785746580.9842494,fair-base8-w3-r01-u1-025-u2-025,1,0.25,0.25,MEDIUM_70,0.7,1,3.9199999999999995,3.9199999999999995,1.0,0.0,1.0,0.0,1.9599999999999997,1.9599999999999997,1.0,0.0,13.073742912162166,109.57988,0,"{""ue1"": {""delivered_bps"": 1959999.9999999998, ""delivery_ratio"": 1.0, ""offered_bps"": 1959999.9999999998}, ""ue2"": {""delivered_bps"": 1959999.9999999998, ""delivery_ratio"": 1.0, ""offered_bps"": 1959999.9999999998}, ""ue3"": {""delivered_bps"": 125431.24527777858, ""delivery_ratio"": 1.0, ""jitter_ms"": 13.073742912162166, ""loss_percent"": 0.0, ""offered_bps"": 127991.06660997814, ""rtt_p95_ms"": 109.57988}}"
1785746582.106915,fair-base8-w3-r01-u1-025-u2-025,1,0.25,0.25,MEDIUM_70,0.7,2,3.9199999999999995,3.9199999999999995,1.0,0.0,1.0,0.0,1.9599999999999997,1.9599999999999997,1.0,0.0,12.649087101351348,109.57988,0,"{""ue1"": {""delivered_bps"": 1959999.9999999998, ""delivery_ratio"": 1.0, ""offered_bps"": 1959999.9999999998}, ""ue2"": {""delivered_bps"": 1959999.9999999998, ""delivery_ratio"": 1.0, ""offered_bps"": 1959999.9999999998}, ""ue3"": {""delivered_bps"": 127989.45955565126, ""delivery_ratio"": 1.0, ""jitter_ms"": 12.649087101351348, ""loss_percent"": 0.0, ""offered_bps"": 127989.45955565126, ""rtt_p95_ms"": 109.57988}}"
1785746587.240207,fair-base8-w3-r01-u1-025-u2-025,1,0.25,0.25,EQUAL_100,1.0,0,5.080362726815088,5.080362726815088,1.0,0.0,1.0,0.19272014395442838,2.636541435384758,2.4438212914303294,1.0,0.0,10.340793490066226,39.050228,1,"{""ue1"": {""delivered_bps"": 2636541.435384758, ""delivery_ratio"": 1.0, ""offered_bps"": 2636541.435384758}, ""ue2"": {""delivered_bps"": 2443821.2914303294, ""delivery_ratio"": 1.0, ""offered_bps"": 2443821.2914303294}, ""ue3"": {""delivered_bps"": 130550.10352009395, ""delivery_ratio"": 1.0, ""jitter_ms"": 10.340793490066226, ""loss_percent"": 0.0, ""offered_bps"": 127990.29756871956, ""rtt_p95_ms"": 39.050228}}"
1785746588.3510764,fair-base8-w3-r01-u1-025-u2-025,1,0.25,0.25,EQUAL_100,1.0,1,5.6,5.6,1.0,0.0,1.0,0.0,2.8,2.8,1.0,0.0,10.680347846666663,40.135866,1,"{""ue1"": {""delivered_bps"": 2800000.0, ""delivery_ratio"": 1.0, ""offered_bps"": 2800000.0}, ""ue2"": {""delivered_bps"": 2800000.0, ""delivery_ratio"": 1.0, ""offered_bps"": 2800000.0}, ""ue3"": {""delivered_bps"": 127989.04707882358, ""delivery_ratio"": 1.0, ""jitter_ms"": 10.680347846666663, ""loss_percent"": 0.0, ""offered_bps"": 127989.04707882358, ""rtt_p95_ms"": 40.135866}}"
1785746589.4640799,fair-base8-w3-r01-u1-025-u2-025,1,0.25,0.25,EQUAL_100,1.0,2,5.6,5.6,1.0,0.0,1.0,0.0,2.8,2.8,1.0,0.0,11.300429395973152,40.915113,1,"{""ue1"": {""delivered_bps"": 2800000.0, ""delivery_ratio"": 1.0, ""offered_bps"": 2800000.0}, ""ue2"": {""delivered_bps"": 2800000.0, ""delivery_ratio"": 1.0, ""offered_bps"": 2800000.0}, ""ue3"": {""delivered_bps"": 125431.17089982095, ""delivery_ratio"": 1.0, ""jitter_ms"": 11.300429395973152, ""loss_percent"": 0.0, ""offered_bps"": 127990.990714103, ""rtt_p95_ms"": 40.915113}}"
1785746594.6091483,fair-base8-w3-r01-u1-025-u2-025,1,0.25,0.25,LIGHT_85,0.85,0,4.318287863186811,4.318287863186811,1.0,0.0,1.0,0.16379166775525153,2.2410397654710312,2.07724809771578,1.0,0.0,10.259170824324327,37.724477,1,"{""ue1"": {""delivered_bps"": 2241039.7654710314, ""delivery_ratio"": 1.0, ""offered_bps"": 2241039.7654710314}, ""ue2"": {""delivered_bps"": 2077248.09771578, ""delivery_ratio"": 1.0, ""offered_bps"": 2077248.09771578}, ""ue3"": {""delivered_bps"": 125431.05588720068, ""delivery_ratio"": 1.0, ""jitter_ms"": 10.259170824324327, ""loss_percent"": 0.0, ""offered_bps"": 127990.8733542864, ""rtt_p95_ms"": 37.724477}}"
1785746595.7165701,fair-base8-w3-r01-u1-025-u2-025,1,0.25,0.25,LIGHT_85,0.85,1,4.76,4.76,1.0,0.0,1.0,0.0,2.38,2.38,1.0,0.0,12.229776486486486,42.445292,1,"{""ue1"": {""delivered_bps"": 2380000.0, ""delivery_ratio"": 1.0, ""offered_bps"": 2380000.0}, ""ue2"": {""delivered_bps"": 2380000.0, ""delivery_ratio"": 1.0, ""offered_bps"": 2380000.0}, ""ue3"": {""delivered_bps"": 125429.20932618687, ""delivery_ratio"": 1.0, ""jitter_ms"": 12.229776486486486, ""loss_percent"": 0.0, ""offered_bps"": 127988.98910835396, ""rtt_p95_ms"": 42.445292}}"
1785746596.8252604,fair-base8-w3-r01-u1-025-u2-025,1,0.25,0.25,LIGHT_85,0.85,2,4.058700815038629,4.058700815038629,1.0,0.0,1.0,0.7012991849613713,2.38,1.6787008150386287,1.0,0.0,12.548791597315438,57.292134,1,"{""ue1"": {""delivered_bps"": 2380000.0, ""delivery_ratio"": 1.0, ""offered_bps"": 2380000.0}, ""ue2"": {""delivered_bps"": 1678700.8150386286, ""delivery_ratio"": 1.0, ""offered_bps"": 1678700.8150386286}, ""ue3"": {""delivered_bps"": 127981.99331789276, ""delivery_ratio"": 1.0, ""jitter_ms"": 12.548791597315438, ""loss_percent"": 0.0, ""offered_bps"": 127981.99331789276, ""rtt_p95_ms"": 57.292134}}"
1785746601.9838176,fair-base8-w3-r01-u1-025-u2-025,1,0.25,0.25,STRONG_40,0.4,0,2.032133194044283,2.032133194044283,1.0,0.0,1.0,0.0770761609000191,1.054604677472151,0.9775285165721318,1.0,0.0,10.656927852348993,33.636332,1,"{""ue1"": {""delivered_bps"": 1054604.677472151, ""delivery_ratio"": 1.0, ""offered_bps"": 1054604.677472151}, ""ue2"": {""delivered_bps"": 977528.5165721318, ""delivery_ratio"": 1.0, ""offered_bps"": 977528.5165721318}, ""ue3"": {""delivered_bps"": 130553.24896257957, ""delivery_ratio"": 1.0, ""jitter_ms"": 10.656927852348993, ""loss_percent"": 0.0, ""offered_bps"": 127993.38133586232, ""rtt_p95_ms"": 33.636332}}"
1785746603.0964115,fair-base8-w3-r01-u1-025-u2-025,1,0.25,0.25,STRONG_40,0.4,1,2.24,2.24,1.0,0.0,1.0,0.0,1.12,1.12,1.0,0.0,10.763935147651006,34.206293,1,"{""ue1"": {""delivered_bps"": 1120000.0, ""delivery_ratio"": 1.0, ""offered_bps"": 1120000.0}, ""ue2"": {""delivered_bps"": 1120000.0, ""delivery_ratio"": 1.0, ""offered_bps"": 1120000.0}, ""ue3"": {""delivered_bps"": 122871.55172261698, ""delivery_ratio"": 1.0, ""jitter_ms"": 10.763935147651006, ""loss_percent"": 0.0, ""offered_bps"": 127991.19971105934, ""rtt_p95_ms"": 34.206293}}"
1785746604.2000291,fair-base8-w3-r01-u1-025-u2-025,1,0.25,0.25,STRONG_40,0.4,2,1.9099768541358253,1.9099768541358253,1.0,0.0,1.0,0.3300231458641746,1.12,0.7899768541358254,1.0,0.0,11.386543013422814,35.261773,1,"{""ue1"": {""delivered_bps"": 1120000.0, ""delivery_ratio"": 1.0, ""offered_bps"": 1120000.0}, ""ue2"": {""delivered_bps"": 789976.8541358254, ""delivery_ratio"": 1.0, ""offered_bps"": 789976.8541358254}, ""ue3"": {""delivered_bps"": 130550.67032059937, ""delivery_ratio"": 1.0, ""jitter_ms"": 11.386543013422814, ""loss_percent"": 0.0, ""offered_bps"": 127990.85325548958, ""rtt_p95_ms"": 35.261773}}"
1785746609.3345711,fair-base8-w3-r01-u1-100-u2-055,1,1.0,0.55,LIGHT_85,0.85,0,13.534169956533834,13.534169956533834,1.0,0.0,1.0,4.394278326584399,8.964224141559116,4.569945814974717,1.0,0.0,12.283214682432428,86.886239,0,"{""ue1"": {""delivered_bps"": 8964224.141559117, ""delivery_ratio"": 1.0, ""offered_bps"": 8964224.141559117}, ""ue2"": {""delivered_bps"": 4569945.814974717, ""delivery_ratio"": 1.0, ""offered_bps"": 4569945.814974717}, ""ue3"": {""delivered_bps"": 125428.79142847103, ""delivery_ratio"": 1.0, ""jitter_ms"": 12.283214682432428, ""loss_percent"": 0.0, ""offered_bps"": 127988.5626821133, ""rtt_p95_ms"": 86.886239}}"
1785746610.457674,fair-base8-w3-r01-u1-100-u2-055,1,1.0,0.55,LIGHT_85,0.85,1,14.756,14.756,1.0,0.0,1.0,4.284,9.52,5.236,1.0,0.0,13.846001118421048,112.702536,0,"{""ue1"": {""delivered_bps"": 9520000.0, ""delivery_ratio"": 1.0, ""offered_bps"": 9520000.0}, ""ue2"": {""delivered_bps"": 5236000.0, ""delivery_ratio"": 1.0, ""offered_bps"": 5236000.0}, ""ue3"": {""delivered_bps"": 125429.69081286815, ""delivery_ratio"": 1.0, ""jitter_ms"": 13.846001118421048, ""loss_percent"": 0.0, ""offered_bps"": 127989.48042129404, ""rtt_p95_ms"": 112.702536}}"
1785746611.570064,fair-base8-w3-r01-u1-100-u2-055,1,1.0,0.55,LIGHT_85,0.85,2,13.213141793084983,13.213141793084983,1.0,0.0,1.0,5.826858206915016,9.52,3.6931417930849837,1.0,0.0,14.53937250335571,98.631745,0,"{""ue1"": {""delivered_bps"": 9520000.0, ""delivery_ratio"": 1.0, ""offered_bps"": 9520000.0}, ""ue2"": {""delivered_bps"": 3693141.7930849837, ""delivery_ratio"": 1.0, ""offered_bps"": 3693141.7930849837}, ""ue3"": {""delivered_bps"": 133109.98733317707, ""delivery_ratio"": 1.0, ""jitter_ms"": 14.53937250335571, ""loss_percent"": 0.0, ""offered_bps"": 127990.3724357472, ""rtt_p95_ms"": 98.631745}}"
1785746616.7590559,fair-base8-w3-r01-u1-100-u2-055,1,1.0,0.55,MEDIUM_70,0.7,0,11.145764017929551,11.145764017929551,1.0,0.0,1.0,3.618794440324135,7.382279229126842,3.7634847888027076,1.0,0.0,13.700270201342283,111.645896,0,"{""ue1"": {""delivered_bps"": 7382279.229126843, ""delivery_ratio"": 1.0, ""offered_bps"": 7382279.229126843}, ""ue2"": {""delivered_bps"": 3763484.7888027076, ""delivery_ratio"": 1.0, ""offered_bps"": 3763484.7888027076}, ""ue3"": {""delivered_bps"": 125430.8345136872, ""delivery_ratio"": 1.0, ""jitter_ms"": 13.700270201342283, ""loss_percent"": 0.0, ""offered_bps"": 127990.64746294612, ""rtt_p95_ms"": 111.645896}}"
1785746617.8761024,fair-base8-w3-r01-u1-100-u2-055,1,1.0,0.55,MEDIUM_70,0.7,1,12.151999999999997,12.151999999999997,1.0,0.0,1.0,3.528,7.839999999999999,4.311999999999999,1.0,0.0,14.801691912751675,117.594548,0,"{""ue1"": {""delivered_bps"": 7839999.999999999, ""delivery_ratio"": 1.0, ""offered_bps"": 7839999.999999999}, ""ue2"": {""delivered_bps"": 4311999.999999999, ""delivery_ratio"": 1.0, ""offered_bps"": 4311999.999999999}, ""ue3"": {""delivered_bps"": 127991.33051049979, ""delivery_ratio"": 1.0, ""jitter_ms"": 14.801691912751675, ""loss_percent"": 0.0, ""offered_bps"": 127991.33051049979, ""rtt_p95_ms"": 117.594548}}"
1785746618.994408,fair-base8-w3-r01-u1-100-u2-055,1,1.0,0.55,MEDIUM_70,0.7,2,10.881410888422927,10.881410888422927,1.0,0.0,1.0,4.798589111577071,7.839999999999999,3.0414108884229276,1.0,0.0,14.492771081081077,117.594548,0,"{""ue1"": {""delivered_bps"": 7839999.999999999, ""delivery_ratio"": 1.0, ""offered_bps"": 7839999.999999999}, ""ue2"": {""delivered_bps"": 3041410.888422928, ""delivery_ratio"": 1.0, ""offered_bps"": 3041410.888422928}, ""ue3"": {""delivered_bps"": 127990.9351704179, ""delivery_ratio"": 1.0, ""jitter_ms"": 14.492771081081077, ""loss_percent"": 0.0, ""offered_bps"": 127990.9351704179, ""rtt_p95_ms"": 117.594548}}"
1785746624.253044,fair-base8-w3-r01-u1-100-u2-055,1,1.0,0.55,STRONG_40,0.4,0,6.3690185882658215,6.3690185882658215,1.0,0.0,1.0,2.0678931153484403,4.21845585180713,2.1505627364586903,1.0,0.0,11.9958097972973,75.273389,0,"{""ue1"": {""delivered_bps"": 4218455.8518071305, ""delivery_ratio"": 1.0, ""offered_bps"": 4218455.8518071305}, ""ue2"": {""delivered_bps"": 2150562.7364586904, ""delivery_ratio"": 1.0, ""offered_bps"": 2150562.7364586904}, ""ue3"": {""delivered_bps"": 127991.24002062033, ""delivery_ratio"": 1.0, ""jitter_ms"": 11.9958097972973, ""loss_percent"": 0.0, ""offered_bps"": 127991.24002062033, ""rtt_p95_ms"": 75.273389}}"
1785746625.3671842,fair-base8-w3-r01-u1-100-u2-055,1,1.0,0.55,STRONG_40,0.4,1,6.217949079098816,6.217949079098816,1.0,0.0,1.0,2.742050920901184,4.48,1.737949079098816,1.0,0.0,11.996523513333338,80.104092,0,"{""ue1"": {""delivered_bps"": 4480000.0, ""delivery_ratio"": 1.0, ""offered_bps"": 4480000.0}, ""ue2"": {""delivered_bps"": 1737949.0790988158, ""delivery_ratio"": 1.0, ""offered_bps"": 1737949.0790988158}, ""ue3"": {""delivered_bps"": 130551.29066558754, ""delivery_ratio"": 1.0, ""jitter_ms"": 11.996523513333338, ""loss_percent"": 0.0, ""offered_bps"": 127991.46143685053, ""rtt_p95_ms"": 80.104092}}"
1785746626.4826603,fair-base8-w3-r01-u1-100-u2-055,1,1.0,0.55,STRONG_40,0.4,2,6.944,6.944,1.0,0.0,1.0,2.016,4.48,2.464,1.0,0.0,10.72233373825503,41.312269,1,"{""ue1"": {""delivered_bps"": 4480000.0, ""delivery_ratio"": 1.0, ""offered_bps"": 4480000.0}, ""ue2"": {""delivered_bps"": 2464000.0, ""delivery_ratio"": 1.0, ""offered_bps"": 2464000.0}, ""ue3"": {""delivered_bps"": 125429.16517391037, ""delivery_ratio"": 1.0, ""jitter_ms"": 10.72233373825503, ""loss_percent"": 0.0, ""offered_bps"": 127988.94405501058, ""rtt_p95_ms"": 41.312269}}"
1785746631.7033076,fair-base8-w3-r01-u1-100-u2-055,1,1.0,0.55,EQUAL_100,1.0,0,15.922589436894137,15.922589436894137,1.0,0.0,1.0,5.169775754600686,10.54618259574741,5.376406841146725,1.0,0.0,10.898711590604021,41.658075,1,"{""ue1"": {""delivered_bps"": 10546182.595747411, ""delivery_ratio"": 1.0, ""offered_bps"": 10546182.595747411}, ""ue2"": {""delivered_bps"": 5376406.841146725, ""delivery_ratio"": 1.0, ""offered_bps"": 5376406.841146725}, ""ue3"": {""delivered_bps"": 127991.17859157117, ""delivery_ratio"": 1.0, ""jitter_ms"": 10.898711590604021, ""loss_percent"": 0.0, ""offered_bps"": 127991.17859157117, ""rtt_p95_ms"": 41.658075}}"
1785746632.8290122,fair-base8-w3-r01-u1-100-u2-055,1,1.0,0.55,EQUAL_100,1.0,1,17.36,17.36,1.0,0.0,1.0,5.04,11.2,6.16,1.0,0.0,13.655896738255034,106.187879,0,"{""ue1"": {""delivered_bps"": 11200000.0, ""delivery_ratio"": 1.0, ""offered_bps"": 11200000.0}, ""ue2"": {""delivered_bps"": 6160000.0, ""delivery_ratio"": 1.0, ""offered_bps"": 6160000.0}, ""ue3"": {""delivered_bps"": 130550.50715048268, ""delivery_ratio"": 1.0, ""jitter_ms"": 13.655896738255034, ""loss_percent"": 0.0, ""offered_bps"": 127990.69328478693, ""rtt_p95_ms"": 106.187879}}"
1785746633.9596152,fair-base8-w3-r01-u1-100-u2-055,1,1.0,0.55,EQUAL_100,1.0,2,15.54487269774704,15.54487269774704,1.0,0.0,1.0,6.85512730225296,11.2,4.344872697747039,1.0,0.0,14.293214906040273,108.464303,0,"{""ue1"": {""delivered_bps"": 11200000.0, ""delivery_ratio"": 1.0, ""offered_bps"": 11200000.0}, ""ue2"": {""delivered_bps"": 4344872.69774704, ""delivery_ratio"": 1.0, ""offered_bps"": 4344872.69774704}, ""ue3"": {""delivered_bps"": 127990.93274187268, ""delivery_ratio"": 1.0, ""jitter_ms"": 14.293214906040273, ""loss_percent"": 0.0, ""offered_bps"": 127990.93274187268, ""rtt_p95_ms"": 108.464303}}"
1785746639.3311076,fair-base8-w3-r01-u1-015-u2-040,1,0.15,0.4,STRONG_40,0.4,0,2.618648402197739,2.618648402197739,1.0,0.0,1.0,0.5094428508330833,1.054602775682328,1.5640456265154112,1.0,0.0,10.673408371621626,37.951343,1,"{""ue1"": {""delivered_bps"": 1054602.775682328, ""delivery_ratio"": 1.0, ""offered_bps"": 1054602.775682328}, ""ue2"": {""delivered_bps"": 1564045.6265154113, ""delivery_ratio"": 1.0, ""offered_bps"": 1564045.6265154113}, ""ue3"": {""delivered_bps"": 125430.96419993918, ""delivery_ratio"": 1.0, ""jitter_ms"": 10.673408371621626, ""loss_percent"": 0.0, ""offered_bps"": 127990.7797958563, ""rtt_p95_ms"": 37.951343}}"
1785746640.4708102,fair-base8-w3-r01-u1-015-u2-040,1,0.15,0.4,STRONG_40,0.4,1,2.912,2.912,1.0,0.0,1.0,0.6720000000000003,1.12,1.7920000000000003,1.0,0.0,11.098960234899328,38.118529,1,"{""ue1"": {""delivered_bps"": 1120000.0, ""delivery_ratio"": 1.0, ""offered_bps"": 1120000.0}, ""ue2"": {""delivered_bps"": 1792000.0000000002, ""delivery_ratio"": 1.0, ""offered_bps"": 1792000.0000000002}, ""ue3"": {""delivered_bps"": 127989.77540902243, ""delivery_ratio"": 1.0, ""jitter_ms"": 11.098960234899328, ""loss_percent"": 0.0, ""offered_bps"": 127989.77540902243, ""rtt_p95_ms"": 38.118529}}"
1785746641.57688,fair-base8-w3-r01-u1-015-u2-040,1,0.15,0.4,STRONG_40,0.4,2,2.912,2.912,1.0,0.0,1.0,0.6720000000000003,1.12,1.7920000000000003,1.0,0.0,10.807296013513511,38.935487,1,"{""ue1"": {""delivered_bps"": 1120000.0, ""delivery_ratio"": 1.0, ""offered_bps"": 1120000.0}, ""ue2"": {""delivered_bps"": 1792000.0000000002, ""delivery_ratio"": 1.0, ""offered_bps"": 1792000.0000000002}, ""ue3"": {""delivered_bps"": 127991.59466539616, ""delivery_ratio"": 1.0, ""jitter_ms"": 10.807296013513511, ""loss_percent"": 0.0, ""offered_bps"": 127991.59466539616, ""rtt_p95_ms"": 38.935487}}"
1785746646.7265153,fair-base8-w3-r01-u1-015-u2-040,1,0.15,0.4,MEDIUM_70,0.7,0,3.8444330316600364,3.8444330316600364,1.0,0.0,1.0,1.6297266611439007,1.1073531852580676,2.7370798464019686,1.0,0.0,10.588198380000005,34.995212,1,"{""ue1"": {""delivered_bps"": 1107353.1852580677, ""delivery_ratio"": 1.0, ""offered_bps"": 1107353.1852580677}, ""ue2"": {""delivered_bps"": 2737079.8464019685, ""delivery_ratio"": 1.0, ""offered_bps"": 2737079.8464019685}, ""ue3"": {""delivered_bps"": 130550.236926044, ""delivery_ratio"": 1.0, ""jitter_ms"": 10.588198380000005, ""loss_percent"": 0.0, ""offered_bps"": 127990.42835886666, ""rtt_p95_ms"": 34.995212}}"
1785746647.8393383,fair-base8-w3-r01-u1-015-u2-040,1,0.15,0.4,MEDIUM_70,0.7,1,4.312,4.312,1.0,0.0,1.0,1.9599999999999995,1.176,3.1359999999999997,1.0,0.0,10.603327966442953,38.433777,1,"{""ue1"": {""delivered_bps"": 1176000.0, ""delivery_ratio"": 1.0, ""offered_bps"": 1176000.0}, ""ue2"": {""delivered_bps"": 3135999.9999999995, ""delivery_ratio"": 1.0, ""offered_bps"": 3135999.9999999995}, ""ue3"": {""delivered_bps"": 125430.52410440995, ""delivery_ratio"": 1.0, ""jitter_ms"": 10.603327966442953, ""loss_percent"": 0.0, ""offered_bps"": 127990.33071878567, ""rtt_p95_ms"": 38.433777}}"
1785746648.9560893,fair-base8-w3-r01-u1-015-u2-040,1,0.15,0.4,MEDIUM_70,0.7,2,3.387935191580311,3.387935191580311,1.0,0.0,1.0,1.035935191580311,1.176,2.2119351915803107,1.0,0.0,10.223706973333334,37.204728,1,"{""ue1"": {""delivered_bps"": 1176000.0, ""delivery_ratio"": 1.0, ""offered_bps"": 1176000.0}, ""ue2"": {""delivered_bps"": 2211935.191580311, ""delivery_ratio"": 1.0, ""offered_bps"": 2211935.191580311}, ""ue3"": {""delivered_bps"": 130549.90796693116, ""delivery_ratio"": 1.0, ""jitter_ms"": 10.223706973333334, ""loss_percent"": 0.0, ""offered_bps"": 127990.1058499325, ""rtt_p95_ms"": 37.204728}}"
1785746654.169665,fair-base8-w3-r01-u1-015-u2-040,1,0.15,0.4,LIGHT_85,0.85,0,4.668213773716026,4.668213773716026,1.0,0.0,1.0,1.9789801389744703,1.3446168173707778,3.323596956345248,1.0,0.0,9.669229449664432,36.114693,1,"{""ue1"": {""delivered_bps"": 1344616.8173707777, ""delivery_ratio"": 1.0, ""offered_bps"": 1344616.8173707777}, ""ue2"": {""delivered_bps"": 3323596.956345248, ""delivery_ratio"": 1.0, ""offered_bps"": 3323596.956345248}, ""ue3"": {""delivered_bps"": 127990.64029653535, ""delivery_ratio"": 1.0, ""jitter_ms"": 9.669229449664432, ""loss_percent"": 0.0, ""offered_bps"": 127990.64029653535, ""rtt_p95_ms"": 36.114693}}"
1785746655.2881405,fair-base8-w3-r01-u1-015-u2-040,1,0.15,0.4,LIGHT_85,0.85,1,5.236,5.236,1.0,0.0,1.0,2.38,1.428,3.808,1.0,0.0,10.358674073825508,34.785154,1,"{""ue1"": {""delivered_bps"": 1428000.0, ""delivery_ratio"": 1.0, ""offered_bps"": 1428000.0}, ""ue2"": {""delivered_bps"": 3808000.0, ""delivery_ratio"": 1.0, ""offered_bps"": 3808000.0}, ""ue3"": {""delivered_bps"": 127990.36565673909, ""delivery_ratio"": 1.0, ""jitter_ms"": 10.358674073825508, ""loss_percent"": 0.0, ""offered_bps"": 127990.36565673909, ""rtt_p95_ms"": 34.785154}}"
1785746656.4112253,fair-base8-w3-r01-u1-015-u2-040,1,0.15,0.4,LIGHT_85,0.85,2,4.113921304061806,4.113921304061806,1.0,0.0,1.0,1.2579213040618062,1.428,2.6859213040618064,1.0,0.0,10.48486740939597,35.655313,1,"{""ue1"": {""delivered_bps"": 1428000.0, ""delivery_ratio"": 1.0, ""offered_bps"": 1428000.0}, ""ue2"": {""delivered_bps"": 2685921.3040618063, ""delivery_ratio"": 1.0, ""offered_bps"": 2685921.3040618063}, ""ue3"": {""delivered_bps"": 127990.64349981656, ""delivery_ratio"": 1.0, ""jitter_ms"": 10.48486740939597, ""loss_percent"": 0.0, ""offered_bps"": 127990.64349981656, ""rtt_p95_ms"": 35.655313}}"
1785746661.7078803,fair-base8-w3-r01-u1-015-u2-040,1,0.15,0.4,EQUAL_100,1.0,0,5.492021213228366,5.492021213228366,1.0,0.0,1.0,2.328206919348688,1.5819071469398394,3.910114066288527,1.0,0.0,9.68490905369128,34.832113,1,"{""ue1"": {""delivered_bps"": 1581907.1469398395, ""delivery_ratio"": 1.0, ""offered_bps"": 1581907.1469398395}, ""ue2"": {""delivered_bps"": 3910114.066288527, ""delivery_ratio"": 1.0, ""offered_bps"": 3910114.066288527}, ""ue3"": {""delivered_bps"": 127991.14454711987, ""delivery_ratio"": 1.0, ""jitter_ms"": 9.68490905369128, ""loss_percent"": 0.0, ""offered_bps"": 127991.14454711987, ""rtt_p95_ms"": 34.832113}}"
1785746662.814293,fair-base8-w3-r01-u1-015-u2-040,1,0.15,0.4,EQUAL_100,1.0,1,6.16,6.16,1.0,0.0,1.0,2.8,1.68,4.48,1.0,0.0,10.939723266666665,41.076085,1,"{""ue1"": {""delivered_bps"": 1680000.0, ""delivery_ratio"": 1.0, ""offered_bps"": 1680000.0}, ""ue2"": {""delivered_bps"": 4480000.0, ""delivery_ratio"": 1.0, ""offered_bps"": 4480000.0}, ""ue3"": {""delivered_bps"": 127990.11686018923, ""delivery_ratio"": 1.0, ""jitter_ms"": 10.939723266666665, ""loss_percent"": 0.0, ""offered_bps"": 127990.11686018923, ""rtt_p95_ms"": 41.076085}}"
1785746663.923779,fair-base8-w3-r01-u1-015-u2-040,1,0.15,0.4,EQUAL_100,1.0,2,4.839907416543301,4.839907416543301,1.0,0.0,1.0,1.4799074165433017,1.68,3.1599074165433017,1.0,0.0,11.421146563758386,50.078655,1,"{""ue1"": {""delivered_bps"": 1680000.0, ""delivery_ratio"": 1.0, ""offered_bps"": 1680000.0}, ""ue2"": {""delivered_bps"": 3159907.4165433017, ""delivery_ratio"": 1.0, ""offered_bps"": 3159907.4165433017}, ""ue3"": {""delivered_bps"": 125429.73620657832, ""delivery_ratio"": 1.0, ""jitter_ms"": 11.421146563758386, ""loss_percent"": 0.0, ""offered_bps"": 127989.52674140644, ""rtt_p95_ms"": 50.078655}}"
1785746669.0766006,fair-base8-w3-r01-u1-055-u2-100,1,0.55,1.0,LIGHT_85,0.85,0,13.239303079059573,13.239303079059573,1.0,0.0,1.0,3.3786817026666665,4.930310688196453,8.30899239086312,1.0,0.0,10.222968651006713,39.51078,1,"{""ue1"": {""delivered_bps"": 4930310.688196453, ""delivery_ratio"": 1.0, ""offered_bps"": 4930310.688196453}, ""ue2"": {""delivered_bps"": 8308992.39086312, ""delivery_ratio"": 1.0, ""offered_bps"": 8308992.39086312}, ""ue3"": {""delivered_bps"": 127991.32026733996, ""delivery_ratio"": 1.0, ""jitter_ms"": 10.222968651006713, ""loss_percent"": 0.0, ""offered_bps"": 127991.32026733996, ""rtt_p95_ms"": 39.51078}}"
1785746670.1895554,fair-base8-w3-r01-u1-055-u2-100,1,0.55,1.0,LIGHT_85,0.85,1,14.756,14.756,1.0,0.0,1.0,4.284,5.236,9.52,1.0,0.0,10.248051697986579,36.670728,1,"{""ue1"": {""delivered_bps"": 5236000.0, ""delivery_ratio"": 1.0, ""offered_bps"": 5236000.0}, ""ue2"": {""delivered_bps"": 9520000.0, ""delivery_ratio"": 1.0, ""offered_bps"": 9520000.0}, ""ue3"": {""delivered_bps"": 127990.99814128665, ""delivery_ratio"": 1.0, ""jitter_ms"": 10.248051697986579, ""loss_percent"": 0.0, ""offered_bps"": 127990.99814128665, ""rtt_p95_ms"": 36.670728}}"
1785746671.2942061,fair-base8-w3-r01-u1-055-u2-100,1,0.55,1.0,LIGHT_85,0.85,2,11.950803260154515,11.950803260154515,1.0,0.0,1.0,1.4788032601545145,5.236,6.714803260154515,1.0,0.0,12.023009436241608,82.010114,0,"{""ue1"": {""delivered_bps"": 5236000.0, ""delivery_ratio"": 1.0, ""offered_bps"": 5236000.0}, ""ue2"": {""delivered_bps"": 6714803.260154515, ""delivery_ratio"": 1.0, ""offered_bps"": 6714803.260154515}, ""ue3"": {""delivered_bps"": 127990.73897256952, ""delivery_ratio"": 1.0, ""jitter_ms"": 12.023009436241608, ""loss_percent"": 0.0, ""offered_bps"": 127990.73897256952, ""rtt_p95_ms"": 82.010114}}"
1785746676.4655824,fair-base8-w3-r01-u1-055-u2-100,1,0.55,1.0,MEDIUM_70,0.7,0,10.902942001268231,10.902942001268231,1.0,0.0,1.0,2.7824572307416156,4.060242385263307,6.842699616004922,1.0,0.0,13.639951250000005,106.313498,0,"{""ue1"": {""delivered_bps"": 4060242.385263307, ""delivery_ratio"": 1.0, ""offered_bps"": 4060242.385263307}, ""ue2"": {""delivered_bps"": 6842699.616004922, ""delivery_ratio"": 1.0, ""offered_bps"": 6842699.616004922}, ""ue3"": {""delivered_bps"": 127989.39095459093, ""delivery_ratio"": 1.0, ""jitter_ms"": 13.639951250000005, ""loss_percent"": 0.0, ""offered_bps"": 127989.39095459093, ""rtt_p95_ms"": 106.313498}}"
1785746677.570685,fair-base8-w3-r01-u1-055-u2-100,1,0.55,1.0,MEDIUM_70,0.7,1,12.151999999999997,12.151999999999997,1.0,0.0,1.0,3.528,4.311999999999999,7.839999999999999,1.0,0.0,12.551606435064938,106.313498,0,"{""ue1"": {""delivered_bps"": 4311999.999999999, ""delivery_ratio"": 1.0, ""offered_bps"": 4311999.999999999}, ""ue2"": {""delivered_bps"": 7839999.999999999, ""delivery_ratio"": 1.0, ""offered_bps"": 7839999.999999999}, ""ue3"": {""delivered_bps"": 127991.41536117393, ""delivery_ratio"": 1.0, ""jitter_ms"": 12.551606435064938, ""loss_percent"": 0.0, ""offered_bps"": 127991.41536117393, ""rtt_p95_ms"": 106.313498}}"
1785746678.6863842,fair-base8-w3-r01-u1-055-u2-100,1,0.55,1.0,MEDIUM_70,0.7,2,9.841837978950776,9.841837978950776,1.0,0.0,1.0,1.217837978950778,4.311999999999999,5.529837978950777,1.0,0.0,14.699395100000002,145.22813,0,"{""ue1"": {""delivered_bps"": 4311999.999999999, ""delivery_ratio"": 1.0, ""offered_bps"": 4311999.999999999}, ""ue2"": {""delivered_bps"": 5529837.978950777, ""delivery_ratio"": 1.0, ""offered_bps"": 5529837.978950777}, ""ue3"": {""delivered_bps"": 145907.39009983995, ""delivery_ratio"": 1.0, ""jitter_ms"": 14.699395100000002, ""loss_percent"": 0.0, ""offered_bps"": 127988.93868407013, ""rtt_p95_ms"": 145.22813}}"
1785746683.835565,fair-base8-w3-r01-u1-055-u2-100,1,0.55,1.0,EQUAL_100,1.0,0,15.575686522305798,15.575686522305798,1.0,0.0,1.0,3.9748838091368377,5.80040135658448,9.775285165721318,1.0,0.0,11.657826783783781,53.405041,1,"{""ue1"": {""delivered_bps"": 5800401.35658448, ""delivery_ratio"": 1.0, ""offered_bps"": 5800401.35658448}, ""ue2"": {""delivered_bps"": 9775285.165721318, ""delivery_ratio"": 1.0, ""offered_bps"": 9775285.165721318}, ""ue3"": {""delivered_bps"": 125431.35627543651, ""delivery_ratio"": 1.0, ""jitter_ms"": 11.657826783783781, ""loss_percent"": 0.0, ""offered_bps"": 127991.17987289441, ""rtt_p95_ms"": 53.405041}}"
1785746684.9448051,fair-base8-w3-r01-u1-055-u2-100,1,0.55,1.0,EQUAL_100,1.0,1,17.36,17.36,1.0,0.0,1.0,5.04,6.16,11.2,1.0,0.0,10.804409711409395,40.723129,1,"{""ue1"": {""delivered_bps"": 6160000.0, ""delivery_ratio"": 1.0, ""offered_bps"": 6160000.0}, ""ue2"": {""delivered_bps"": 11200000.0, ""delivery_ratio"": 1.0, ""offered_bps"": 11200000.0}, ""ue3"": {""delivered_bps"": 130550.26682597394, ""delivery_ratio"": 1.0, ""jitter_ms"": 10.804409711409395, ""loss_percent"": 0.0, ""offered_bps"": 127990.45767252348, ""rtt_p95_ms"": 40.723129}}"
1785746686.0583885,fair-base8-w3-r01-u1-055-u2-100,1,0.55,1.0,EQUAL_100,1.0,2,14.059768541358252,14.059768541358252,1.0,0.0,1.0,1.739768541358253,6.16,7.899768541358253,1.0,0.0,11.25022024832215,42.444631,1,"{""ue1"": {""delivered_bps"": 6160000.0, ""delivery_ratio"": 1.0, ""offered_bps"": 6160000.0}, ""ue2"": {""delivered_bps"": 7899768.541358253, ""delivery_ratio"": 1.0, ""offered_bps"": 7899768.541358253}, ""ue3"": {""delivered_bps"": 127990.75727599981, ""delivery_ratio"": 1.0, ""jitter_ms"": 11.25022024832215, ""loss_percent"": 0.0, ""offered_bps"": 127990.75727599981, ""rtt_p95_ms"": 42.444631}}"
1785746691.3168921,fair-base8-w3-r01-u1-055-u2-100,1,0.55,1.0,STRONG_40,0.4,0,6.230283961272491,6.230283961272491,1.0,0.0,1.0,1.5899441713045634,2.3201698949839638,3.910114066288527,1.0,0.0,10.009332540540543,40.9183,1,"{""ue1"": {""delivered_bps"": 2320169.8949839636, ""delivery_ratio"": 1.0, ""offered_bps"": 2320169.8949839636}, ""ue2"": {""delivered_bps"": 3910114.066288527, ""delivery_ratio"": 1.0, ""offered_bps"": 3910114.066288527}, ""ue3"": {""delivered_bps"": 127990.87002435187, ""delivery_ratio"": 1.0, ""jitter_ms"": 10.009332540540543, ""loss_percent"": 0.0, ""offered_bps"": 127990.87002435187, ""rtt_p95_ms"": 40.9183}}"
1785746692.4486942,fair-base8-w3-r01-u1-055-u2-100,1,0.55,1.0,STRONG_40,0.4,1,6.944,6.944,1.0,0.0,1.0,2.016,2.464,4.48,1.0,0.0,9.841822073825504,38.53318,1,"{""ue1"": {""delivered_bps"": 2464000.0, ""delivery_ratio"": 1.0, ""offered_bps"": 2464000.0}, ""ue2"": {""delivered_bps"": 4480000.0, ""delivery_ratio"": 1.0, ""offered_bps"": 4480000.0}, ""ue3"": {""delivered_bps"": 127990.23882237493, ""delivery_ratio"": 1.0, ""jitter_ms"": 9.841822073825504, ""loss_percent"": 0.0, ""offered_bps"": 127990.23882237493, ""rtt_p95_ms"": 38.53318}}"
1785746693.5675623,fair-base8-w3-r01-u1-055-u2-100,1,0.55,1.0,STRONG_40,0.4,2,5.623907416543301,5.623907416543301,1.0,0.0,1.0,0.6959074165433017,2.464,3.1599074165433017,1.0,0.0,9.87942312,37.796233,1,"{""ue1"": {""delivered_bps"": 2464000.0, ""delivery_ratio"": 1.0, ""offered_bps"": 2464000.0}, ""ue2"": {""delivered_bps"": 3159907.4165433017, ""delivery_ratio"": 1.0, ""offered_bps"": 3159907.4165433017}, ""ue3"": {""delivered_bps"": 130551.90708796898, ""delivery_ratio"": 1.0, ""jitter_ms"": 9.87942312, ""loss_percent"": 0.0, ""offered_bps"": 127992.0657725186, ""rtt_p95_ms"": 37.796233}}"
1785746698.7881749,fair-base8-w3-r01-u1-040-u2-015,1,0.4,0.15,MEDIUM_70,0.7,0,3.979345067816987,3.979345067816987,1.0,0.0,1.0,1.92653518301551,2.9529401254162484,1.0264049424007384,1.0,0.0,12.719251785234894,76.441155,0,"{""ue1"": {""delivered_bps"": 2952940.1254162486, ""delivery_ratio"": 1.0, ""offered_bps"": 2952940.1254162486}, ""ue2"": {""delivered_bps"": 1026404.9424007385, ""delivery_ratio"": 1.0, ""offered_bps"": 1026404.9424007385}, ""ue3"": {""delivered_bps"": 127990.47648988687, ""delivery_ratio"": 1.0, ""jitter_ms"": 12.719251785234894, ""loss_percent"": 0.0, ""offered_bps"": 127990.47648988687, ""rtt_p95_ms"": 76.441155}}"
1785746699.9125714,fair-base8-w3-r01-u1-040-u2-015,1,0.4,0.15,MEDIUM_70,0.7,1,3.965475696842616,3.965475696842616,1.0,0.0,1.0,2.306524303157383,3.1359999999999997,0.8294756968426166,1.0,0.0,12.941686101351358,94.947595,0,"{""ue1"": {""delivered_bps"": 3135999.9999999995, ""delivery_ratio"": 1.0, ""offered_bps"": 3135999.9999999995}, ""ue2"": {""delivered_bps"": 829475.6968426165, ""delivery_ratio"": 1.0, ""offered_bps"": 829475.6968426165}, ""ue3"": {""delivered_bps"": 125430.60775320388, ""delivery_ratio"": 1.0, ""jitter_ms"": 12.941686101351358, ""loss_percent"": 0.0, ""offered_bps"": 127990.41607469783, ""rtt_p95_ms"": 94.947595}}"
1785746701.0325353,fair-base8-w3-r01-u1-040-u2-015,1,0.4,0.15,MEDIUM_70,0.7,2,4.312,4.312,1.0,0.0,1.0,1.9599999999999995,3.1359999999999997,1.176,1.0,0.0,11.912678805369131,59.062785,1,"{""ue1"": {""delivered_bps"": 3135999.9999999995, ""delivery_ratio"": 1.0, ""offered_bps"": 3135999.9999999995}, ""ue2"": {""delivered_bps"": 1176000.0, ""delivery_ratio"": 1.0, ""offered_bps"": 1176000.0}, ""ue3"": {""delivered_bps"": 130550.00692119579, ""delivery_ratio"": 1.0, ""jitter_ms"": 11.912678805369131, ""loss_percent"": 0.0, ""offered_bps"": 127990.20286391744, ""rtt_p95_ms"": 59.062785}}"
1785746706.2242937,fair-base8-w3-r01-u1-040-u2-015,1,0.4,0.15,STRONG_40,0.4,0,2.664891108876006,2.664891108876006,1.0,0.0,1.0,0.7098340757317422,1.687362592303874,0.9775285165721318,1.0,0.0,9.99804514666666,34.887652,1,"{""ue1"": {""delivered_bps"": 1687362.592303874, ""delivery_ratio"": 1.0, ""offered_bps"": 1687362.592303874}, ""ue2"": {""delivered_bps"": 977528.5165721318, ""delivery_ratio"": 1.0, ""offered_bps"": 977528.5165721318}, ""ue3"": {""delivered_bps"": 127989.96162170383, ""delivery_ratio"": 1.0, ""jitter_ms"": 9.99804514666666, ""loss_percent"": 0.0, ""offered_bps"": 127989.96162170383, ""rtt_p95_ms"": 34.887652}}"
1785746707.3301659,fair-base8-w3-r01-u1-040-u2-015,1,0.4,0.15,STRONG_40,0.4,1,2.912,2.912,1.0,0.0,1.0,0.6720000000000003,1.7920000000000003,1.12,1.0,0.0,10.158933135135138,34.589157,1,"{""ue1"": {""delivered_bps"": 1792000.0000000002, ""delivery_ratio"": 1.0, ""offered_bps"": 1792000.0000000002}, ""ue2"": {""delivered_bps"": 1120000.0, ""delivery_ratio"": 1.0, ""offered_bps"": 1120000.0}, ""ue3"": {""delivered_bps"": 125435.40856180567, ""delivery_ratio"": 1.0, ""jitter_ms"": 10.158933135135138, ""loss_percent"": 0.0, ""offered_bps"": 127995.31485898538, ""rtt_p95_ms"": 34.589157}}"
1785746708.4692328,fair-base8-w3-r01-u1-040-u2-015,1,0.4,0.15,STRONG_40,0.4,2,2.912,2.912,1.0,0.0,1.0,0.6720000000000003,1.7920000000000003,1.12,1.0,0.0,10.458521382550332,34.783204,1,"{""ue1"": {""delivered_bps"": 1792000.0000000002, ""delivery_ratio"": 1.0, ""offered_bps"": 1792000.0000000002}, ""ue2"": {""delivered_bps"": 1120000.0, ""delivery_ratio"": 1.0, ""offered_bps"": 1120000.0}, ""ue3"": {""delivered_bps"": 130550.46916565654, ""delivery_ratio"": 1.0, ""jitter_ms"": 10.458521382550332, ""loss_percent"": 0.0, ""offered_bps"": 127990.65604476132, ""rtt_p95_ms"": 34.783204}}"
1785746713.6341646,fair-base8-w3-r01-u1-040-u2-015,1,0.4,0.15,EQUAL_100,1.0,0,5.684705185290951,5.684705185290951,1.0,0.0,1.0,2.752119635574556,4.218412410432753,1.4662927748581975,1.0,0.0,12.133891574324318,97.952232,0,"{""ue1"": {""delivered_bps"": 4218412.410432753, ""delivery_ratio"": 1.0, ""offered_bps"": 4218412.410432753}, ""ue2"": {""delivered_bps"": 1466292.7748581974, ""delivery_ratio"": 1.0, ""offered_bps"": 1466292.7748581974}, ""ue3"": {""delivered_bps"": 127990.28797382722, ""delivery_ratio"": 1.0, ""jitter_ms"": 12.133891574324318, ""loss_percent"": 0.0, ""offered_bps"": 127990.28797382722, ""rtt_p95_ms"": 97.952232}}"
1785746714.732313,fair-base8-w3-r01-u1-040-u2-015,1,0.4,0.15,EQUAL_100,1.0,1,6.16,6.16,1.0,0.0,1.0,2.8,4.48,1.68,1.0,0.0,13.620860313333331,117.943295,0,"{""ue1"": {""delivered_bps"": 4480000.0, ""delivery_ratio"": 1.0, ""offered_bps"": 4480000.0}, ""ue2"": {""delivered_bps"": 1680000.0, ""delivery_ratio"": 1.0, ""offered_bps"": 1680000.0}, ""ue3"": {""delivered_bps"": 130549.15527964287, ""delivery_ratio"": 1.0, ""jitter_ms"": 13.620860313333331, ""loss_percent"": 0.0, ""offered_bps"": 127989.3679212185, ""rtt_p95_ms"": 117.943295}}"
1785746715.8595395,fair-base8-w3-r01-u1-040-u2-015,1,0.4,0.15,EQUAL_100,1.0,2,6.16,6.16,1.0,0.0,1.0,2.8,4.48,1.68,1.0,0.0,11.506288766666675,40.914655,1,"{""ue1"": {""delivered_bps"": 4480000.0, ""delivery_ratio"": 1.0, ""offered_bps"": 4480000.0}, ""ue2"": {""delivered_bps"": 1680000.0, ""delivery_ratio"": 1.0, ""offered_bps"": 1680000.0}, ""ue3"": {""delivered_bps"": 127990.70378112934, ""delivery_ratio"": 1.0, ""jitter_ms"": 11.506288766666675, ""loss_percent"": 0.0, ""offered_bps"": 127990.70378112934, ""rtt_p95_ms"": 40.914655}}"
1785746720.9785514,fair-base8-w3-r01-u1-040-u2-015,1,0.4,0.15,LIGHT_85,0.85,0,4.832077677965162,4.832077677965162,1.0,0.0,1.0,2.3393799607062267,3.5857288193356944,1.246348858629468,1.0,0.0,10.197074926666664,35.421945,1,"{""ue1"": {""delivered_bps"": 3585728.8193356944, ""delivery_ratio"": 1.0, ""offered_bps"": 3585728.8193356944}, ""ue2"": {""delivered_bps"": 1246348.858629468, ""delivery_ratio"": 1.0, ""offered_bps"": 1246348.858629468}, ""ue3"": {""delivered_bps"": 127990.81268543932, ""delivery_ratio"": 1.0, ""jitter_ms"": 10.197074926666664, ""loss_percent"": 0.0, ""offered_bps"": 127990.81268543932, ""rtt_p95_ms"": 35.421945}}"
1785746722.1059067,fair-base8-w3-r01-u1-040-u2-015,1,0.4,0.15,LIGHT_85,0.85,1,5.236,5.236,1.0,0.0,1.0,2.38,3.808,1.428,1.0,0.0,11.209709621621622,39.815462,1,"{""ue1"": {""delivered_bps"": 3808000.0, ""delivery_ratio"": 1.0, ""offered_bps"": 3808000.0}, ""ue2"": {""delivered_bps"": 1428000.0, ""delivery_ratio"": 1.0, ""offered_bps"": 1428000.0}, ""ue3"": {""delivered_bps"": 125431.36555445247, ""delivery_ratio"": 1.0, ""jitter_ms"": 11.209709621621622, ""loss_percent"": 0.0, ""offered_bps"": 127991.18934127803, ""rtt_p95_ms"": 39.815462}}"
1785746723.206394,fair-base8-w3-r01-u1-040-u2-015,1,0.4,0.15,LIGHT_85,0.85,2,5.236,5.236,1.0,0.0,1.0,2.38,3.808,1.428,1.0,0.0,11.841707302013422,76.96327,0,"{""ue1"": {""delivered_bps"": 3808000.0, ""delivery_ratio"": 1.0, ""offered_bps"": 3808000.0}, ""ue2"": {""delivered_bps"": 1428000.0, ""delivery_ratio"": 1.0, ""offered_bps"": 1428000.0}, ""ue3"": {""delivered_bps"": 130551.09263173917, ""delivery_ratio"": 1.0, ""jitter_ms"": 11.841707302013422, ""loss_percent"": 0.0, ""offered_bps"": 127991.2672860188, ""rtt_p95_ms"": 76.96327}}"
1785746728.3148792,fair-base8-w3-r01-u1-075-u2-075,1,0.75,0.75,LIGHT_85,0.85,0,12.95479113197587,12.95479113197587,1.0,0.0,1.0,0.4913025456811925,6.723046838828532,6.231744293147339,1.0,0.0,11.369349765100667,46.343804,1,"{""ue1"": {""delivered_bps"": 6723046.838828532, ""delivery_ratio"": 1.0, ""offered_bps"": 6723046.838828532}, ""ue2"": {""delivered_bps"": 6231744.2931473395, ""delivery_ratio"": 1.0, ""offered_bps"": 6231744.2931473395}, ""ue3"": {""delivered_bps"": 130549.55055355262, ""delivery_ratio"": 1.0, ""jitter_ms"": 11.369349765100667, ""loss_percent"": 0.0, ""offered_bps"": 127989.75544465943, ""rtt_p95_ms"": 46.343804}}"
1785746729.4243684,fair-base8-w3-r01-u1-075-u2-075,1,0.75,0.75,LIGHT_85,0.85,1,14.279999999999998,14.279999999999998,1.0,0.0,1.0,0.0,7.139999999999999,7.139999999999999,1.0,0.0,11.697346412162162,46.343804,1,"{""ue1"": {""delivered_bps"": 7139999.999999999, ""delivery_ratio"": 1.0, ""offered_bps"": 7139999.999999999}, ""ue2"": {""delivered_bps"": 7139999.999999999, ""delivery_ratio"": 1.0, ""offered_bps"": 7139999.999999999}, ""ue3"": {""delivered_bps"": 125431.04196509572, ""delivery_ratio"": 1.0, ""jitter_ms"": 11.697346412162162, ""loss_percent"": 0.0, ""offered_bps"": 127990.85914805686, ""rtt_p95_ms"": 46.343804}}"
1785746730.5223706,fair-base8-w3-r01-u1-075-u2-075,1,0.75,0.75,LIGHT_85,0.85,2,12.176102445115884,12.176102445115884,1.0,0.0,1.0,2.1038975548841132,7.139999999999999,5.036102445115886,1.0,0.0,12.676843817567564,95.60614,0,"{""ue1"": {""delivered_bps"": 7139999.999999999, ""delivery_ratio"": 1.0, ""offered_bps"": 7139999.999999999}, ""ue2"": {""delivered_bps"": 5036102.445115886, ""delivery_ratio"": 1.0, ""offered_bps"": 5036102.445115886}, ""ue3"": {""delivered_bps"": 125430.50265564484, ""delivery_ratio"": 1.0, ""jitter_ms"": 12.676843817567564, ""loss_percent"": 0.0, ""offered_bps"": 127990.30883229066, ""rtt_p95_ms"": 95.60614}}"
1785746735.7584374,fair-base8-w3-r01-u1-075-u2-075,1,0.75,0.75,MEDIUM_70,0.7,0,10.668742822452325,10.668742822452325,1.0,0.0,1.0,0.4046933984449431,5.536718110448634,5.132024712003691,1.0,0.0,10.737844081081086,39.483644,1,"{""ue1"": {""delivered_bps"": 5536718.110448634, ""delivery_ratio"": 1.0, ""offered_bps"": 5536718.110448634}, ""ue2"": {""delivered_bps"": 5132024.712003691, ""delivery_ratio"": 1.0, ""offered_bps"": 5132024.712003691}, ""ue3"": {""delivered_bps"": 125430.98991966626, ""delivery_ratio"": 1.0, ""jitter_ms"": 10.737844081081086, ""loss_percent"": 0.0, ""offered_bps"": 127990.80604047577, ""rtt_p95_ms"": 39.483644}}"
1785746736.8784225,fair-base8-w3-r01-u1-075-u2-075,1,0.75,0.75,MEDIUM_70,0.7,1,11.759999999999998,11.759999999999998,1.0,0.0,1.0,0.0,5.879999999999999,5.879999999999999,1.0,0.0,9.902302765100675,41.347567,1,"{""ue1"": {""delivered_bps"": 5879999.999999999, ""delivery_ratio"": 1.0, ""offered_bps"": 5879999.999999999}, ""ue2"": {""delivered_bps"": 5879999.999999999, ""delivery_ratio"": 1.0, ""offered_bps"": 5879999.999999999}, ""ue3"": {""delivered_bps"": 130550.02663152335, ""delivery_ratio"": 1.0, ""jitter_ms"": 9.902302765100675, ""loss_percent"": 0.0, ""offered_bps"": 127990.22218776798, ""rtt_p95_ms"": 41.347567}}"
1785746737.9951105,fair-base8-w3-r01-u1-075-u2-075,1,0.75,0.75,MEDIUM_70,0.7,2,10.02737848421308,10.02737848421308,1.0,0.0,1.0,1.7326215157869174,5.879999999999999,4.147378484213082,1.0,0.0,10.387931087248324,42.157532,1,"{""ue1"": {""delivered_bps"": 5879999.999999999, ""delivery_ratio"": 1.0, ""offered_bps"": 5879999.999999999}, ""ue2"": {""delivered_bps"": 4147378.4842130817, ""delivery_ratio"": 1.0, ""offered_bps"": 4147378.4842130817}, ""ue3"": {""delivered_bps"": 127989.79255752132, ""delivery_ratio"": 1.0, ""jitter_ms"": 10.387931087248324, ""loss_percent"": 0.0, ""offered_bps"": 127989.79255752132, ""rtt_p95_ms"": 42.157532}}"
1785746743.3258414,fair-base8-w3-r01-u1-075-u2-075,1,0.75,0.75,STRONG_40,0.4,0,6.096414442966431,6.096414442966431,1.0,0.0,1.0,0.23124334353363887,3.1638288932500345,2.932585549716396,1.0,0.0,11.02525192666666,38.983818,1,"{""ue1"": {""delivered_bps"": 3163828.8932500347, ""delivery_ratio"": 1.0, ""offered_bps"": 3163828.8932500347}, ""ue2"": {""delivered_bps"": 2932585.549716396, ""delivery_ratio"": 1.0, ""offered_bps"": 2932585.549716396}, ""ue3"": {""delivered_bps"": 127990.36424879135, ""delivery_ratio"": 1.0, ""jitter_ms"": 11.02525192666666, ""loss_percent"": 0.0, ""offered_bps"": 127990.36424879135, ""rtt_p95_ms"": 38.983818}}"
1785746744.4411209,fair-base8-w3-r01-u1-075-u2-075,1,0.75,0.75,STRONG_40,0.4,1,6.720000000000001,6.720000000000001,1.0,0.0,1.0,0.0,3.3600000000000003,3.3600000000000003,0.9733333333333334,2.6666666666666665,12.147302784722221,41.049342,0,"{""ue1"": {""delivered_bps"": 3360000.0000000005, ""delivery_ratio"": 1.0, ""offered_bps"": 3360000.0000000005}, ""ue2"": {""delivered_bps"": 3360000.0000000005, ""delivery_ratio"": 1.0, ""offered_bps"": 3360000.0000000005}, ""ue3"": {""delivered_bps"": 115191.21805102545, ""delivery_ratio"": 0.9733333333333334, ""jitter_ms"": 12.147302784722221, ""loss_percent"": 2.6666666666666665, ""offered_bps"": 127990.24227891717, ""rtt_p95_ms"": 41.049342}}"
1785746745.5552678,fair-base8-w3-r01-u1-075-u2-075,1,0.75,0.75,STRONG_40,0.4,2,5.729930562407477,5.729930562407477,1.0,0.0,1.0,0.9900694375925241,3.3600000000000003,2.3699305624074762,1.0,0.0,12.307504871621628,74.490286,0,"{""ue1"": {""delivered_bps"": 3360000.0000000005, ""delivery_ratio"": 1.0, ""offered_bps"": 3360000.0000000005}, ""ue2"": {""delivered_bps"": 2369930.5624074764, ""delivery_ratio"": 1.0, ""offered_bps"": 2369930.5624074764}, ""ue3"": {""delivered_bps"": 138229.5332572846, ""delivery_ratio"": 1.0, ""jitter_ms"": 12.307504871621628, ""loss_percent"": 0.0, ""offered_bps"": 127990.30857155981, ""rtt_p95_ms"": 74.490286}}"
1785746750.810412,fair-base8-w3-r01-u1-075-u2-075,1,0.75,0.75,EQUAL_100,1.0,0,15.241011700773209,15.241011700773209,1.0,0.0,1.0,0.5780839521912327,7.909547826482221,7.331463874290989,1.0,0.0,12.573278865771806,97.915249,0,"{""ue1"": {""delivered_bps"": 7909547.8264822215, ""delivery_ratio"": 1.0, ""offered_bps"": 7909547.8264822215}, ""ue2"": {""delivered_bps"": 7331463.874290989, ""delivery_ratio"": 1.0, ""offered_bps"": 7331463.874290989}, ""ue3"": {""delivered_bps"": 127988.9402260738, ""delivery_ratio"": 1.0, ""jitter_ms"": 12.573278865771806, ""loss_percent"": 0.0, ""offered_bps"": 127988.9402260738, ""rtt_p95_ms"": 97.915249}}"
1785746751.925145,fair-base8-w3-r01-u1-075-u2-075,1,0.75,0.75,EQUAL_100,1.0,1,16.799999999999997,16.799999999999997,1.0,0.0,1.0,0.0,8.399999999999999,8.399999999999999,1.0,0.0,11.527229664429532,43.776962,1,"{""ue1"": {""delivered_bps"": 8399999.999999998, ""delivery_ratio"": 1.0, ""offered_bps"": 8399999.999999998}, ""ue2"": {""delivered_bps"": 8399999.999999998, ""delivery_ratio"": 1.0, ""offered_bps"": 8399999.999999998}, ""ue3"": {""delivered_bps"": 127990.4542159696, ""delivery_ratio"": 1.0, ""jitter_ms"": 11.527229664429532, ""loss_percent"": 0.0, ""offered_bps"": 127990.4542159696, ""rtt_p95_ms"": 43.776962}}"
1785746753.078811,fair-base8-w3-r01-u1-075-u2-075,1,0.75,0.75,EQUAL_100,1.0,2,14.324826406018689,14.324826406018689,1.0,0.0,1.0,2.475173593981308,8.399999999999999,5.92482640601869,1.0,0.0,10.717921147651005,44.740798,1,"{""ue1"": {""delivered_bps"": 8399999.999999998, ""delivery_ratio"": 1.0, ""offered_bps"": 8399999.999999998}, ""ue2"": {""delivered_bps"": 5924826.40601869, ""delivery_ratio"": 1.0, ""offered_bps"": 5924826.40601869}, ""ue3"": {""delivered_bps"": 127988.43316959815, ""delivery_ratio"": 1.0, ""jitter_ms"": 10.717921147651005, ""loss_percent"": 0.0, ""offered_bps"": 127988.43316959815, ""rtt_p95_ms"": 44.740798}}"
1785746758.273187,fair-base8-w3-r01-u1-025-u2-040,1,0.25,0.4,MEDIUM_70,0.7,0,4.58266243360136,4.58266243360136,1.0,0.0,1.0,0.8914972592025769,1.8455825871993916,2.7370798464019686,1.0,0.0,10.819923720000002,43.141819,1,"{""ue1"": {""delivered_bps"": 1845582.5871993916, ""delivery_ratio"": 1.0, ""offered_bps"": 1845582.5871993916}, ""ue2"": {""delivered_bps"": 2737079.8464019685, ""delivery_ratio"": 1.0, ""offered_bps"": 2737079.8464019685}, ""ue3"": {""delivered_bps"": 127989.51023362372, ""delivery_ratio"": 1.0, ""jitter_ms"": 10.819923720000002, ""loss_percent"": 0.0, ""offered_bps"": 127989.51023362372, ""rtt_p95_ms"": 43.141819}}"
1785746759.3838253,fair-base8-w3-r01-u1-025-u2-040,1,0.25,0.4,MEDIUM_70,0.7,1,5.095999999999999,5.095999999999999,1.0,0.0,1.0,1.1759999999999997,1.9599999999999997,3.1359999999999997,1.0,0.0,10.221592838926176,39.420948,1,"{""ue1"": {""delivered_bps"": 1959999.9999999998, ""delivery_ratio"": 1.0, ""offered_bps"": 1959999.9999999998}, ""ue2"": {""delivered_bps"": 3135999.9999999995, ""delivery_ratio"": 1.0, ""offered_bps"": 3135999.9999999995}, ""ue3"": {""delivered_bps"": 127991.18972865489, ""delivery_ratio"": 1.0, ""jitter_ms"": 10.221592838926176, ""loss_percent"": 0.0, ""offered_bps"": 127991.18972865489, ""rtt_p95_ms"": 39.420948}}"
1785746760.5287614,fair-base8-w3-r01-u1-025-u2-040,1,0.25,0.4,MEDIUM_70,0.7,2,4.17193519158031,4.17193519158031,1.0,0.0,1.0,0.25193519158031114,1.9599999999999997,2.2119351915803107,0.9866666666666667,1.3333333333333333,9.231733897260273,37.015299,1,"{""ue1"": {""delivered_bps"": 1959999.9999999998, ""delivery_ratio"": 1.0, ""offered_bps"": 1959999.9999999998}, ""ue2"": {""delivered_bps"": 2211935.191580311, ""delivery_ratio"": 1.0, ""offered_bps"": 2211935.191580311}, ""ue3"": {""delivered_bps"": 120311.45163119573, ""delivery_ratio"": 0.9866666666666667, ""jitter_ms"": 9.231733897260273, ""loss_percent"": 1.3333333333333333, ""offered_bps"": 127990.90599063375, ""rtt_p95_ms"": 37.015299}}"
1785746765.6615138,fair-base8-w3-r01-u1-025-u2-040,1,0.25,0.4,LIGHT_85,0.85,0,5.564668118387259,5.564668118387259,1.0,0.0,1.0,1.0825257943032365,2.2410711620420116,3.323596956345248,1.0,0.0,10.521336447368418,37.481503,1,"{""ue1"": {""delivered_bps"": 2241071.1620420115, ""delivery_ratio"": 1.0, ""offered_bps"": 2241071.1620420115}, ""ue2"": {""delivered_bps"": 3323596.956345248, ""delivery_ratio"": 1.0, ""offered_bps"": 3323596.956345248}, ""ue3"": {""delivered_bps"": 127990.30332714554, ""delivery_ratio"": 1.0, ""jitter_ms"": 10.521336447368418, ""loss_percent"": 0.0, ""offered_bps"": 127990.30332714554, ""rtt_p95_ms"": 37.481503}}"
1785746766.7992759,fair-base8-w3-r01-u1-025-u2-040,1,0.25,0.4,LIGHT_85,0.85,1,6.188,6.188,1.0,0.0,1.0,1.428,2.38,3.808,1.0,0.0,11.798426832214767,40.24469,1,"{""ue1"": {""delivered_bps"": 2380000.0, ""delivery_ratio"": 1.0, ""offered_bps"": 2380000.0}, ""ue2"": {""delivered_bps"": 3808000.0, ""delivery_ratio"": 1.0, ""offered_bps"": 3808000.0}, ""ue3"": {""delivered_bps"": 127990.41185830082, ""delivery_ratio"": 1.0, ""jitter_ms"": 11.798426832214767, ""loss_percent"": 0.0, ""offered_bps"": 127990.41185830082, ""rtt_p95_ms"": 40.24469}}"
1785746767.9147305,fair-base8-w3-r01-u1-025-u2-040,1,0.25,0.4,LIGHT_85,0.85,2,5.065921304061805,5.065921304061805,1.0,0.0,1.0,0.3059213040618063,2.38,2.6859213040618064,1.0,0.0,12.178915040268453,77.207569,0,"{""ue1"": {""delivered_bps"": 2380000.0, ""delivery_ratio"": 1.0, ""offered_bps"": 2380000.0}, ""ue2"": {""delivered_bps"": 2685921.3040618063, ""delivery_ratio"": 1.0, ""offered_bps"": 2685921.3040618063}, ""ue3"": {""delivered_bps"": 127989.2396883581, ""delivery_ratio"": 1.0, ""jitter_ms"": 12.178915040268453, ""loss_percent"": 0.0, ""offered_bps"": 127989.2396883581, ""rtt_p95_ms"": 77.207569}}"
1785746773.1504219,fair-base8-w3-r01-u1-025-u2-040,1,0.25,0.4,EQUAL_100,1.0,0,6.546724972822981,6.546724972822981,1.0,0.0,1.0,1.2735031597540734,2.636610906534454,3.910114066288527,1.0,0.0,9.917319459999998,48.625492,1,"{""ue1"": {""delivered_bps"": 2636610.906534454, ""delivery_ratio"": 1.0, ""offered_bps"": 2636610.906534454}, ""ue2"": {""delivered_bps"": 3910114.066288527, ""delivery_ratio"": 1.0, ""offered_bps"": 3910114.066288527}, ""ue3"": {""delivered_bps"": 130549.58815032682, ""delivery_ratio"": 1.0, ""jitter_ms"": 9.917319459999998, ""loss_percent"": 0.0, ""offered_bps"": 127989.79230424197, ""rtt_p95_ms"": 48.625492}}"
1785746774.2645373,fair-base8-w3-r01-u1-025-u2-040,1,0.25,0.4,EQUAL_100,1.0,1,7.28,7.28,1.0,0.0,1.0,1.68,2.8,4.48,1.0,0.0,9.671009619999996,43.446277,1,"{""ue1"": {""delivered_bps"": 2800000.0, ""delivery_ratio"": 1.0, ""offered_bps"": 2800000.0}, ""ue2"": {""delivered_bps"": 4480000.0, ""delivery_ratio"": 1.0, ""offered_bps"": 4480000.0}, ""ue3"": {""delivered_bps"": 127990.30614303838, ""delivery_ratio"": 1.0, ""jitter_ms"": 9.671009619999996, ""loss_percent"": 0.0, ""offered_bps"": 127990.30614303838, ""rtt_p95_ms"": 43.446277}}"
1785746775.377247,fair-base8-w3-r01-u1-025-u2-040,1,0.25,0.4,EQUAL_100,1.0,2,5.9599074165433015,5.9599074165433015,1.0,0.0,1.0,0.35990741654330166,2.8,3.1599074165433017,1.0,0.0,9.782988402684563,43.123826,1,"{""ue1"": {""delivered_bps"": 2800000.0, ""delivery_ratio"": 1.0, ""offered_bps"": 2800000.0}, ""ue2"": {""delivered_bps"": 3159907.4165433017, ""delivery_ratio"": 1.0, ""offered_bps"": 3159907.4165433017}, ""ue3"": {""delivered_bps"": 125429.33875356676, ""delivery_ratio"": 1.0, ""jitter_ms"": 9.782988402684563, ""loss_percent"": 0.0, ""offered_bps"": 127989.12117710893, ""rtt_p95_ms"": 43.123826}}"
1785746780.5902162,fair-base8-w3-r01-u1-025-u2-040,1,0.25,0.4,STRONG_40,0.4,0,2.618656635534264,2.618656635534264,1.0,0.0,1.0,0.5094346174965587,1.0546110090188525,1.5640456265154112,1.0,0.0,10.652843087248321,34.857752,1,"{""ue1"": {""delivered_bps"": 1054611.0090188526, ""delivery_ratio"": 1.0, ""offered_bps"": 1054611.0090188526}, ""ue2"": {""delivered_bps"": 1564045.6265154113, ""delivery_ratio"": 1.0, ""offered_bps"": 1564045.6265154113}, ""ue3"": {""delivered_bps"": 127989.61748214198, ""delivery_ratio"": 1.0, ""jitter_ms"": 10.652843087248321, ""loss_percent"": 0.0, ""offered_bps"": 127989.61748214198, ""rtt_p95_ms"": 34.857752}}"
1785746781.6924512,fair-base8-w3-r01-u1-025-u2-040,1,0.25,0.4,STRONG_40,0.4,1,2.912,2.912,1.0,0.0,1.0,0.6720000000000003,1.12,1.7920000000000003,1.0,0.0,10.418335221476504,34.996835,1,"{""ue1"": {""delivered_bps"": 1120000.0, ""delivery_ratio"": 1.0, ""offered_bps"": 1120000.0}, ""ue2"": {""delivered_bps"": 1792000.0000000002, ""delivery_ratio"": 1.0, ""offered_bps"": 1792000.0000000002}, ""ue3"": {""delivered_bps"": 125427.24116352791, ""delivery_ratio"": 1.0, ""jitter_ms"": 10.418335221476504, ""loss_percent"": 0.0, ""offered_bps"": 127986.98077911012, ""rtt_p95_ms"": 34.996835}}"
1785746782.7911527,fair-base8-w3-r01-u1-025-u2-040,1,0.25,0.4,STRONG_40,0.4,2,2.912,2.912,1.0,0.0,1.0,0.6720000000000003,1.12,1.7920000000000003,1.0,0.0,10.53722116107383,39.497865,1,"{""ue1"": {""delivered_bps"": 1120000.0, ""delivery_ratio"": 1.0, ""offered_bps"": 1120000.0}, ""ue2"": {""delivered_bps"": 1792000.0000000002, ""delivery_ratio"": 1.0, ""offered_bps"": 1792000.0000000002}, ""ue3"": {""delivered_bps"": 127989.60250890609, ""delivery_ratio"": 1.0, ""jitter_ms"": 10.53722116107383, ""loss_percent"": 0.0, ""offered_bps"": 127989.60250890609, ""rtt_p95_ms"": 39.497865}}"
1785746787.903343,fair-base8-w3-r01-u1-100-u2-040,1,1.0,0.4,MEDIUM_70,0.7,0,10.119399946241243,10.119399946241243,1.0,0.0,1.0,4.645240253437307,7.382320099839275,2.7370798464019686,1.0,0.0,12.902134046979866,105.670836,0,"{""ue1"": {""delivered_bps"": 7382320.099839275, ""delivery_ratio"": 1.0, ""offered_bps"": 7382320.099839275}, ""ue2"": {""delivered_bps"": 2737079.8464019685, ""delivery_ratio"": 1.0, ""offered_bps"": 2737079.8464019685}, ""ue3"": {""delivered_bps"": 127990.71171484565, ""delivery_ratio"": 1.0, ""jitter_ms"": 12.902134046979866, ""loss_percent"": 0.0, ""offered_bps"": 127990.71171484565, ""rtt_p95_ms"": 105.670836}}"
1785746789.0075321,fair-base8-w3-r01-u1-100-u2-040,1,1.0,0.4,MEDIUM_70,0.7,1,10.975999999999997,10.975999999999997,1.0,0.0,1.0,4.704,7.839999999999999,3.1359999999999997,1.0,0.0,11.834217308724831,105.670836,0,"{""ue1"": {""delivered_bps"": 7839999.999999999, ""delivery_ratio"": 1.0, ""offered_bps"": 7839999.999999999}, ""ue2"": {""delivered_bps"": 3135999.9999999995, ""delivery_ratio"": 1.0, ""offered_bps"": 3135999.9999999995}, ""ue3"": {""delivered_bps"": 127986.93163764694, ""delivery_ratio"": 1.0, ""jitter_ms"": 11.834217308724831, ""loss_percent"": 0.0, ""offered_bps"": 127986.93163764694, ""rtt_p95_ms"": 105.670836}}"
1785746790.108867,fair-base8-w3-r01-u1-100-u2-040,1,1.0,0.4,MEDIUM_70,0.7,2,10.051935191580311,10.051935191580311,1.0,0.0,1.0,5.628064808419688,7.839999999999999,2.2119351915803107,1.0,0.0,12.283733580000002,105.670836,0,"{""ue1"": {""delivered_bps"": 7839999.999999999, ""delivery_ratio"": 1.0, ""offered_bps"": 7839999.999999999}, ""ue2"": {""delivered_bps"": 2211935.191580311, ""delivery_ratio"": 1.0, ""offered_bps"": 2211935.191580311}, ""ue3"": {""delivered_bps"": 130549.72900165178, ""delivery_ratio"": 1.0, ""jitter_ms"": 12.283733580000002, ""loss_percent"": 0.0, ""offered_bps"": 127989.93039377625, ""rtt_p95_ms"": 105.670836}}"
1785746795.2730231,fair-base8-w3-r01-u1-100-u2-040,1,1.0,0.4,EQUAL_100,1.0,0,14.456312900369797,14.456312900369797,1.0,0.0,1.0,6.636084767792743,10.54619883408127,3.910114066288527,1.0,0.0,13.384827476510068,112.413375,0,"{""ue1"": {""delivered_bps"": 10546198.83408127, ""delivery_ratio"": 1.0, ""offered_bps"": 10546198.83408127}, ""ue2"": {""delivered_bps"": 3910114.066288527, ""delivery_ratio"": 1.0, ""offered_bps"": 3910114.066288527}, ""ue3"": {""delivered_bps"": 125429.32772277226, ""delivery_ratio"": 1.0, ""jitter_ms"": 13.384827476510068, ""loss_percent"": 0.0, ""offered_bps"": 127989.10992119618, ""rtt_p95_ms"": 112.413375}}"
1785746796.3880668,fair-base8-w3-r01-u1-100-u2-040,1,1.0,0.4,EQUAL_100,1.0,1,15.68,15.68,1.0,0.0,1.0,6.72,11.2,4.48,1.0,0.0,14.59348901342282,118.558752,0,"{""ue1"": {""delivered_bps"": 11200000.0, ""delivery_ratio"": 1.0, ""offered_bps"": 11200000.0}, ""ue2"": {""delivered_bps"": 4480000.0, ""delivery_ratio"": 1.0, ""offered_bps"": 4480000.0}, ""ue3"": {""delivered_bps"": 117755.70933448871, ""delivery_ratio"": 1.0, ""jitter_ms"": 14.59348901342282, ""loss_percent"": 0.0, ""offered_bps"": 127995.3362331399, ""rtt_p95_ms"": 118.558752}}"
1785746797.5363796,fair-base8-w3-r01-u1-100-u2-040,1,1.0,0.4,EQUAL_100,1.0,2,14.359907416543301,14.359907416543301,1.0,0.0,1.0,8.0400925834567,11.2,3.1599074165433017,1.0,0.0,14.670114590604026,120.737381,0,"{""ue1"": {""delivered_bps"": 11200000.0, ""delivery_ratio"": 1.0, ""offered_bps"": 11200000.0}, ""ue2"": {""delivered_bps"": 3159907.4165433017, ""delivery_ratio"": 1.0, ""offered_bps"": 3159907.4165433017}, ""ue3"": {""delivered_bps"": 140788.19955625955, ""delivery_ratio"": 1.0, ""jitter_ms"": 14.670114590604026, ""loss_percent"": 0.0, ""offered_bps"": 127989.27232387233, ""rtt_p95_ms"": 120.737381}}"
1785746802.8380752,fair-base8-w3-r01-u1-100-u2-040,1,1.0,0.4,LIGHT_85,0.85,0,12.287780468644797,12.287780468644797,1.0,0.0,1.0,5.640586555954303,8.96418351229955,3.323596956345248,1.0,0.0,13.096435295302014,105.485808,0,"{""ue1"": {""delivered_bps"": 8964183.51229955, ""delivery_ratio"": 1.0, ""offered_bps"": 8964183.51229955}, ""ue2"": {""delivered_bps"": 3323596.956345248, ""delivery_ratio"": 1.0, ""offered_bps"": 3323596.956345248}, ""ue3"": {""delivered_bps"": 130549.805631526, ""delivery_ratio"": 1.0, ""jitter_ms"": 13.096435295302014, ""loss_percent"": 0.0, ""offered_bps"": 127990.00552110393, ""rtt_p95_ms"": 105.485808}}"
1785746803.9532926,fair-base8-w3-r01-u1-100-u2-040,1,1.0,0.4,LIGHT_85,0.85,1,13.328,13.328,1.0,0.0,1.0,5.712,9.52,3.808,1.0,0.0,12.938436333333332,99.557633,0,"{""ue1"": {""delivered_bps"": 9520000.0, ""delivery_ratio"": 1.0, ""offered_bps"": 9520000.0}, ""ue2"": {""delivered_bps"": 3808000.0, ""delivery_ratio"": 1.0, ""offered_bps"": 3808000.0}, ""ue3"": {""delivered_bps"": 125429.25258785568, ""delivery_ratio"": 1.0, ""jitter_ms"": 12.938436333333332, ""loss_percent"": 0.0, ""offered_bps"": 127989.03325291396, ""rtt_p95_ms"": 99.557633}}"
1785746805.1187387,fair-base8-w3-r01-u1-100-u2-040,1,1.0,0.4,LIGHT_85,0.85,2,12.205921304061805,12.205921304061805,1.0,0.0,1.0,6.834078695938194,9.52,2.6859213040618064,1.0,0.0,14.934131697986583,118.664945,0,"{""ue1"": {""delivered_bps"": 9520000.0, ""delivery_ratio"": 1.0, ""offered_bps"": 9520000.0}, ""ue2"": {""delivered_bps"": 2685921.3040618063, ""delivery_ratio"": 1.0, ""offered_bps"": 2685921.3040618063}, ""ue3"": {""delivered_bps"": 127990.1487288591, ""delivery_ratio"": 1.0, ""jitter_ms"": 14.934131697986583, ""loss_percent"": 0.0, ""offered_bps"": 127990.1487288591, ""rtt_p95_ms"": 118.664945}}"
1785746810.3365612,fair-base8-w3-r01-u1-100-u2-040,1,1.0,0.4,STRONG_40,0.4,0,5.782590593660112,5.782590593660112,1.0,0.0,1.0,2.6544993406292905,4.218544967144702,1.5640456265154112,1.0,0.0,12.905186359999997,63.766672,0,"{""ue1"": {""delivered_bps"": 4218544.967144702, ""delivery_ratio"": 1.0, ""offered_bps"": 4218544.967144702}, ""ue2"": {""delivered_bps"": 1564045.6265154113, ""delivery_ratio"": 1.0, ""offered_bps"": 1564045.6265154113}, ""ue3"": {""delivered_bps"": 130549.22447007042, ""delivery_ratio"": 1.0, ""jitter_ms"": 12.905186359999997, ""loss_percent"": 0.0, ""offered_bps"": 127989.435754971, ""rtt_p95_ms"": 63.766672}}"
1785746811.5130382,fair-base8-w3-r01-u1-100-u2-040,1,1.0,0.4,STRONG_40,0.4,1,6.272,6.272,1.0,0.0,1.0,2.688,4.48,1.7920000000000003,0.9933333333333333,0.6666666666666666,12.570531278911565,63.766672,0,"{""ue1"": {""delivered_bps"": 4480000.0, ""delivery_ratio"": 1.0, ""offered_bps"": 4480000.0}, ""ue2"": {""delivered_bps"": 1792000.0000000002, ""delivery_ratio"": 1.0, ""offered_bps"": 1792000.0000000002}, ""ue3"": {""delivered_bps"": 122869.76580748048, ""delivery_ratio"": 0.9933333333333333, ""jitter_ms"": 12.570531278911565, ""loss_percent"": 0.6666666666666666, ""offered_bps"": 127989.33938279217, ""rtt_p95_ms"": 63.766672}}"
1785746812.655401,fair-base8-w3-r01-u1-100-u2-040,1,1.0,0.4,STRONG_40,0.4,2,6.272,6.272,1.0,0.0,1.0,2.688,4.48,1.7920000000000003,1.0,0.0,11.007358486666668,40.643969,1,"{""ue1"": {""delivered_bps"": 4480000.0, ""delivery_ratio"": 1.0, ""offered_bps"": 4480000.0}, ""ue2"": {""delivered_bps"": 1792000.0000000002, ""delivery_ratio"": 1.0, ""offered_bps"": 1792000.0000000002}, ""ue3"": {""delivered_bps"": 133108.15670067785, ""delivery_ratio"": 1.0, ""jitter_ms"": 11.007358486666668, ""loss_percent"": 0.0, ""offered_bps"": 127988.61221219024, ""rtt_p95_ms"": 40.643969}}"
1785746817.9121552,fair-base8-w3-r01-u1-040-u2-025,1,0.4,0.25,EQUAL_100,1.0,0,6.662294614733029,6.662294614733029,1.0,0.0,1.0,1.7746520318723706,4.2184733233027005,2.4438212914303294,1.0,0.0,11.140013952702704,39.524428,1,"{""ue1"": {""delivered_bps"": 4218473.3233027, ""delivery_ratio"": 1.0, ""offered_bps"": 4218473.3233027}, ""ue2"": {""delivered_bps"": 2443821.2914303294, ""delivery_ratio"": 1.0, ""offered_bps"": 2443821.2914303294}, ""ue3"": {""delivered_bps"": 127986.47209192958, ""delivery_ratio"": 1.0, ""jitter_ms"": 11.140013952702704, ""loss_percent"": 0.0, ""offered_bps"": 127986.47209192958, ""rtt_p95_ms"": 39.524428}}"
1785746819.031018,fair-base8-w3-r01-u1-040-u2-025,1,0.4,0.25,EQUAL_100,1.0,1,7.28,7.28,1.0,0.0,1.0,1.68,4.48,2.8,1.0,0.0,10.215030288590603,38.440173,1,"{""ue1"": {""delivered_bps"": 4480000.0, ""delivery_ratio"": 1.0, ""offered_bps"": 4480000.0}, ""ue2"": {""delivered_bps"": 2800000.0, ""delivery_ratio"": 1.0, ""offered_bps"": 2800000.0}, ""ue3"": {""delivered_bps"": 130548.51342148968, ""delivery_ratio"": 1.0, ""jitter_ms"": 10.215030288590603, ""loss_percent"": 0.0, ""offered_bps"": 127988.7386485193, ""rtt_p95_ms"": 38.440173}}"
1785746820.1546004,fair-base8-w3-r01-u1-040-u2-025,1,0.4,0.25,EQUAL_100,1.0,2,7.28,7.28,1.0,0.0,1.0,1.68,4.48,2.8,1.0,0.0,9.78068858389262,36.051597,1,"{""ue1"": {""delivered_bps"": 4480000.0, ""delivery_ratio"": 1.0, ""offered_bps"": 4480000.0}, ""ue2"": {""delivered_bps"": 2800000.0, ""delivery_ratio"": 1.0, ""offered_bps"": 2800000.0}, ""ue3"": {""delivered_bps"": 125433.26887682879, ""delivery_ratio"": 1.0, ""jitter_ms"": 9.78068858389262, ""loss_percent"": 0.0, ""offered_bps"": 127993.13150696816, ""rtt_p95_ms"": 36.051597}}"
1785746825.3523164,fair-base8-w3-r01-u1-040-u2-025,1,0.4,0.25,STRONG_40,0.4,0,2.6649327717433935,2.6649327717433935,1.0,0.0,1.0,0.70987573859913,1.6874042551712618,0.9775285165721318,1.0,0.0,10.733580574324327,36.392533,1,"{""ue1"": {""delivered_bps"": 1687404.2551712617, ""delivery_ratio"": 1.0, ""offered_bps"": 1687404.2551712617}, ""ue2"": {""delivered_bps"": 977528.5165721318, ""delivery_ratio"": 1.0, ""offered_bps"": 977528.5165721318}, ""ue3"": {""delivered_bps"": 125430.20277522711, ""delivery_ratio"": 1.0, ""jitter_ms"": 10.733580574324327, ""loss_percent"": 0.0, ""offered_bps"": 127990.0028318644, ""rtt_p95_ms"": 36.392533}}"
1785746826.4699256,fair-base8-w3-r01-u1-040-u2-025,1,0.4,0.25,STRONG_40,0.4,1,2.912,2.912,1.0,0.0,1.0,0.6720000000000003,1.7920000000000003,1.12,1.0,0.0,10.533898436241614,38.650332,1,"{""ue1"": {""delivered_bps"": 1792000.0000000002, ""delivery_ratio"": 1.0, ""offered_bps"": 1792000.0000000002}, ""ue2"": {""delivered_bps"": 1120000.0, ""delivery_ratio"": 1.0, ""offered_bps"": 1120000.0}, ""ue3"": {""delivered_bps"": 127989.89378739391, ""delivery_ratio"": 1.0, ""jitter_ms"": 10.533898436241614, ""loss_percent"": 0.0, ""offered_bps"": 127989.89378739391, ""rtt_p95_ms"": 38.650332}}"
1785746827.5836484,fair-base8-w3-r01-u1-040-u2-025,1,0.4,0.25,STRONG_40,0.4,2,2.912,2.912,1.0,0.0,1.0,0.6720000000000003,1.7920000000000003,1.12,1.0,0.0,11.253616060810808,38.994614,1,"{""ue1"": {""delivered_bps"": 1792000.0000000002, ""delivery_ratio"": 1.0, ""offered_bps"": 1792000.0000000002}, ""ue2"": {""delivered_bps"": 1120000.0, ""delivery_ratio"": 1.0, ""offered_bps"": 1120000.0}, ""ue3"": {""delivered_bps"": 127991.10910217211, ""delivery_ratio"": 1.0, ""jitter_ms"": 11.253616060810808, ""loss_percent"": 0.0, ""offered_bps"": 127991.10910217211, ""rtt_p95_ms"": 38.994614}}"
1785746832.8149755,fair-base8-w3-r01-u1-040-u2-025,1,0.4,0.25,LIGHT_85,0.85,0,5.662922230526682,5.662922230526682,1.0,0.0,1.0,1.5084260350951224,3.5856741328109023,2.07724809771578,1.0,0.0,11.927526360000002,41.285447,1,"{""ue1"": {""delivered_bps"": 3585674.1328109023, ""delivery_ratio"": 1.0, ""offered_bps"": 3585674.1328109023}, ""ue2"": {""delivered_bps"": 2077248.09771578, ""delivery_ratio"": 1.0, ""offered_bps"": 2077248.09771578}, ""ue3"": {""delivered_bps"": 127989.73317099312, ""delivery_ratio"": 1.0, ""jitter_ms"": 11.927526360000002, ""loss_percent"": 0.0, ""offered_bps"": 127989.73317099312, ""rtt_p95_ms"": 41.285447}}"
1785746833.9456809,fair-base8-w3-r01-u1-040-u2-025,1,0.4,0.25,LIGHT_85,0.85,1,6.188,6.188,1.0,0.0,1.0,1.428,3.808,2.38,1.0,0.0,12.485298194630877,56.344447,1,"{""ue1"": {""delivered_bps"": 3808000.0, ""delivery_ratio"": 1.0, ""offered_bps"": 3808000.0}, ""ue2"": {""delivered_bps"": 2380000.0, ""delivery_ratio"": 1.0, ""offered_bps"": 2380000.0}, ""ue3"": {""delivered_bps"": 127990.1123830819, ""delivery_ratio"": 1.0, ""jitter_ms"": 12.485298194630877, ""loss_percent"": 0.0, ""offered_bps"": 127990.1123830819, ""rtt_p95_ms"": 56.344447}}"
1785746835.0908084,fair-base8-w3-r01-u1-040-u2-025,1,0.4,0.25,LIGHT_85,0.85,2,5.4867008150386285,5.4867008150386285,1.0,0.0,1.0,2.129299184961371,3.808,1.6787008150386287,1.0,0.0,12.192085668918917,65.325429,0,"{""ue1"": {""delivered_bps"": 3808000.0, ""delivery_ratio"": 1.0, ""offered_bps"": 3808000.0}, ""ue2"": {""delivered_bps"": 1678700.8150386286, ""delivery_ratio"": 1.0, ""offered_bps"": 1678700.8150386286}, ""ue3"": {""delivered_bps"": 125430.2170694677, ""delivery_ratio"": 1.0, ""jitter_ms"": 12.192085668918917, ""loss_percent"": 0.0, ""offered_bps"": 127990.01741782419, ""rtt_p95_ms"": 65.325429}}"
1785746840.2800038,fair-base8-w3-r01-u1-040-u2-025,1,0.4,0.25,MEDIUM_70,0.7,0,4.663574519462567,4.663574519462567,1.0,0.0,1.0,1.242224711460106,2.9528996154613365,1.7106749040012306,0.98,2.0,10.514082006896551,34.526888,1,"{""ue1"": {""delivered_bps"": 2952899.6154613364, ""delivery_ratio"": 1.0, ""offered_bps"": 2952899.6154613364}, ""ue2"": {""delivered_bps"": 1710674.9040012306, ""delivery_ratio"": 1.0, ""offered_bps"": 1710674.9040012306}, ""ue3"": {""delivered_bps"": 117749.57633472008, ""delivery_ratio"": 0.98, ""jitter_ms"": 10.514082006896551, ""loss_percent"": 2.0, ""offered_bps"": 127988.66992904358, ""rtt_p95_ms"": 34.526888}}"
1785746841.4016893,fair-base8-w3-r01-u1-040-u2-025,1,0.4,0.25,MEDIUM_70,0.7,1,5.095999999999999,5.095999999999999,1.0,0.0,1.0,1.1759999999999997,3.1359999999999997,1.9599999999999997,1.0,0.0,11.712536886666664,43.844177,1,"{""ue1"": {""delivered_bps"": 3135999.9999999995, ""delivery_ratio"": 1.0, ""offered_bps"": 3135999.9999999995}, ""ue2"": {""delivered_bps"": 1959999.9999999998, ""delivery_ratio"": 1.0, ""offered_bps"": 1959999.9999999998}, ""ue3"": {""delivered_bps"": 140787.07827836098, ""delivery_ratio"": 1.0, ""jitter_ms"": 11.712536886666664, ""loss_percent"": 0.0, ""offered_bps"": 127988.25298032815, ""rtt_p95_ms"": 43.844177}}"
1785746842.5526035,fair-base8-w3-r01-u1-040-u2-025,1,0.4,0.25,MEDIUM_70,0.7,2,4.518459494737694,4.518459494737694,1.0,0.0,1.0,1.7535405052623052,3.1359999999999997,1.3824594947376942,1.0,0.0,12.630636280000003,72.971601,0,"{""ue1"": {""delivered_bps"": 3135999.9999999995, ""delivery_ratio"": 1.0, ""offered_bps"": 3135999.9999999995}, ""ue2"": {""delivered_bps"": 1382459.4947376943, ""delivery_ratio"": 1.0, ""offered_bps"": 1382459.4947376943}, ""ue3"": {""delivered_bps"": 127990.11072185914, ""delivery_ratio"": 1.0, ""jitter_ms"": 12.630636280000003, ""loss_percent"": 0.0, ""offered_bps"": 127990.11072185914, ""rtt_p95_ms"": 72.971601}}"
1785746847.7444427,fair-base8-w3-r01-u1-040-u2-100,1,0.4,1.0,LIGHT_85,0.85,0,11.894703765878454,11.894703765878454,1.0,0.0,1.0,4.7232810158477845,3.585711375015335,8.30899239086312,1.0,0.0,11.066613340000002,59.570423,1,"{""ue1"": {""delivered_bps"": 3585711.375015335, ""delivery_ratio"": 1.0, ""offered_bps"": 3585711.375015335}, ""ue2"": {""delivered_bps"": 8308992.39086312, ""delivery_ratio"": 1.0, ""offered_bps"": 8308992.39086312}, ""ue3"": {""delivered_bps"": 127989.49257119483, ""delivery_ratio"": 1.0, ""jitter_ms"": 11.066613340000002, ""loss_percent"": 0.0, ""offered_bps"": 127989.49257119483, ""rtt_p95_ms"": 59.570423}}"
1785746848.8897805,fair-base8-w3-r01-u1-040-u2-100,1,0.4,1.0,LIGHT_85,0.85,1,13.328,13.328,1.0,0.0,1.0,5.712,3.808,9.52,1.0,0.0,12.978664040268459,129.785642,0,"{""ue1"": {""delivered_bps"": 3808000.0, ""delivery_ratio"": 1.0, ""offered_bps"": 3808000.0}, ""ue2"": {""delivered_bps"": 9520000.0, ""delivery_ratio"": 1.0, ""offered_bps"": 9520000.0}, ""ue3"": {""delivered_bps"": 125430.18383791849, ""delivery_ratio"": 1.0, ""jitter_ms"": 12.978664040268459, ""loss_percent"": 0.0, ""offered_bps"": 127989.98350808008, ""rtt_p95_ms"": 129.785642}}"
1785746850.0098293,fair-base8-w3-r01-u1-040-u2-100,1,0.4,1.0,LIGHT_85,0.85,2,10.522803260154516,10.522803260154516,1.0,0.0,1.0,2.9068032601545144,3.808,6.714803260154515,1.0,0.0,13.045770006756758,129.785642,0,"{""ue1"": {""delivered_bps"": 3808000.0, ""delivery_ratio"": 1.0, ""offered_bps"": 3808000.0}, ""ue2"": {""delivered_bps"": 6714803.260154515, ""delivery_ratio"": 1.0, ""offered_bps"": 6714803.260154515}, ""ue3"": {""delivered_bps"": 127991.31297421118, ""delivery_ratio"": 1.0, ""jitter_ms"": 13.045770006756758, ""loss_percent"": 0.0, ""offered_bps"": 127991.31297421118, ""rtt_p95_ms"": 129.785642}}"
1785746855.2210782,fair-base8-w3-r01-u1-040-u2-100,1,0.4,1.0,MEDIUM_70,0.7,0,9.79566431055818,9.79566431055818,1.0,0.0,1.0,3.8897349214516646,2.9529646945532577,6.842699616004922,1.0,0.0,10.59381210067114,66.980248,0,"{""ue1"": {""delivered_bps"": 2952964.694553258, ""delivery_ratio"": 1.0, ""offered_bps"": 2952964.694553258}, ""ue2"": {""delivered_bps"": 6842699.616004922, ""delivery_ratio"": 1.0, ""offered_bps"": 6842699.616004922}, ""ue3"": {""delivered_bps"": 130548.0554990586, ""delivery_ratio"": 1.0, ""jitter_ms"": 10.59381210067114, ""loss_percent"": 0.0, ""offered_bps"": 127988.2897049594, ""rtt_p95_ms"": 66.980248}}"
1785746856.3473034,fair-base8-w3-r01-u1-040-u2-100,1,0.4,1.0,MEDIUM_70,0.7,1,10.975999999999997,10.975999999999997,1.0,0.0,1.0,4.704,3.1359999999999997,7.839999999999999,1.0,0.0,10.147925671140943,39.734339,1,"{""ue1"": {""delivered_bps"": 3135999.9999999995, ""delivery_ratio"": 1.0, ""offered_bps"": 3135999.9999999995}, ""ue2"": {""delivered_bps"": 7839999.999999999, ""delivery_ratio"": 1.0, ""offered_bps"": 7839999.999999999}, ""ue3"": {""delivered_bps"": 125431.05313490175, ""delivery_ratio"": 1.0, ""jitter_ms"": 10.147925671140943, ""loss_percent"": 0.0, ""offered_bps"": 127990.87054581812, ""rtt_p95_ms"": 39.734339}}"
1785746857.4623327,fair-base8-w3-r01-u1-040-u2-100,1,0.4,1.0,MEDIUM_70,0.7,2,8.665837978950776,8.665837978950776,1.0,0.0,1.0,2.3938379789507778,3.1359999999999997,5.529837978950777,1.0,0.0,10.615734818791944,40.211483,1,"{""ue1"": {""delivered_bps"": 3135999.9999999995, ""delivery_ratio"": 1.0, ""offered_bps"": 3135999.9999999995}, ""ue2"": {""delivered_bps"": 5529837.978950777, ""delivery_ratio"": 1.0, ""offered_bps"": 5529837.978950777}, ""ue3"": {""delivered_bps"": 127989.37662205161, ""delivery_ratio"": 1.0, ""jitter_ms"": 10.615734818791944, ""loss_percent"": 0.0, ""offered_bps"": 127989.37662205161, ""rtt_p95_ms"": 40.211483}}"
1785746862.7114484,fair-base8-w3-r01-u1-040-u2-100,1,0.4,1.0,STRONG_40,0.4,0,5.597470542209243,5.597470542209243,1.0,0.0,1.0,2.2227575903678103,1.6873564759207167,3.910114066288527,1.0,0.0,13.589975546666661,113.003136,0,"{""ue1"": {""delivered_bps"": 1687356.4759207168, ""delivery_ratio"": 1.0, ""offered_bps"": 1687356.4759207168}, ""ue2"": {""delivered_bps"": 3910114.066288527, ""delivery_ratio"": 1.0, ""offered_bps"": 3910114.066288527}, ""ue3"": {""delivered_bps"": 130549.01495383952, ""delivery_ratio"": 1.0, ""jitter_ms"": 13.589975546666661, ""loss_percent"": 0.0, ""offered_bps"": 127989.23034690149, ""rtt_p95_ms"": 113.003136}}"
1785746863.8272958,fair-base8-w3-r01-u1-040-u2-100,1,0.4,1.0,STRONG_40,0.4,1,6.272,6.272,1.0,0.0,1.0,2.688,1.7920000000000003,4.48,1.0,0.0,11.725577456375834,40.960553,1,"{""ue1"": {""delivered_bps"": 1792000.0000000002, ""delivery_ratio"": 1.0, ""offered_bps"": 1792000.0000000002}, ""ue2"": {""delivered_bps"": 4480000.0, ""delivery_ratio"": 1.0, ""offered_bps"": 4480000.0}, ""ue3"": {""delivered_bps"": 125429.48586994725, ""delivery_ratio"": 1.0, ""jitter_ms"": 11.725577456375834, ""loss_percent"": 0.0, ""offered_bps"": 127989.27129586454, ""rtt_p95_ms"": 40.960553}}"
1785746864.9513333,fair-base8-w3-r01-u1-040-u2-100,1,0.4,1.0,STRONG_40,0.4,2,4.951907416543302,4.951907416543302,1.0,0.0,1.0,1.3679074165433014,1.7920000000000003,3.1599074165433017,1.0,0.0,10.372075583892615,35.550028,1,"{""ue1"": {""delivered_bps"": 1792000.0000000002, ""delivery_ratio"": 1.0, ""offered_bps"": 1792000.0000000002}, ""ue2"": {""delivered_bps"": 3159907.4165433017, ""delivery_ratio"": 1.0, ""offered_bps"": 3159907.4165433017}, ""ue3"": {""delivered_bps"": 127989.82096951001, ""delivery_ratio"": 1.0, ""jitter_ms"": 10.372075583892615, ""loss_percent"": 0.0, ""offered_bps"": 127989.82096951001, ""rtt_p95_ms"": 35.550028}}"
1785746870.0974126,fair-base8-w3-r01-u1-040-u2-100,1,0.4,1.0,EQUAL_100,1.0,0,13.993717257591836,13.993717257591836,1.0,0.0,1.0,5.556853073850799,4.218432091870519,9.775285165721318,1.0,0.0,12.398602879194632,72.353945,0,"{""ue1"": {""delivered_bps"": 4218432.091870519, ""delivery_ratio"": 1.0, ""offered_bps"": 4218432.091870519}, ""ue2"": {""delivered_bps"": 9775285.165721318, ""delivery_ratio"": 1.0, ""offered_bps"": 9775285.165721318}, ""ue3"": {""delivered_bps"": 127990.38804981692, ""delivery_ratio"": 1.0, ""jitter_ms"": 12.398602879194632, ""loss_percent"": 0.0, ""offered_bps"": 127990.38804981692, ""rtt_p95_ms"": 72.353945}}"
1785746871.199883,fair-base8-w3-r01-u1-040-u2-100,1,0.4,1.0,EQUAL_100,1.0,1,15.68,15.68,1.0,0.0,1.0,6.72,4.48,11.2,1.0,0.0,12.868995713333323,91.306205,0,"{""ue1"": {""delivered_bps"": 4480000.0, ""delivery_ratio"": 1.0, ""offered_bps"": 4480000.0}, ""ue2"": {""delivered_bps"": 11200000.0, ""delivery_ratio"": 1.0, ""offered_bps"": 11200000.0}, ""ue3"": {""delivered_bps"": 130549.665821015, ""delivery_ratio"": 1.0, ""jitter_ms"": 12.868995713333323, ""loss_percent"": 0.0, ""offered_bps"": 127989.86845197549, ""rtt_p95_ms"": 91.306205}}"
1785746872.3059545,fair-base8-w3-r01-u1-040-u2-100,1,0.4,1.0,EQUAL_100,1.0,2,12.379768541358253,12.379768541358253,1.0,0.0,1.0,3.419768541358253,4.48,7.899768541358253,1.0,0.0,12.297819153333334,72.353945,0,"{""ue1"": {""delivered_bps"": 4480000.0, ""delivery_ratio"": 1.0, ""offered_bps"": 4480000.0}, ""ue2"": {""delivered_bps"": 7899768.541358253, ""delivery_ratio"": 1.0, ""offered_bps"": 7899768.541358253}, ""ue3"": {""delivered_bps"": 127990.65309476221, ""delivery_ratio"": 1.0, ""jitter_ms"": 12.297819153333334, ""loss_percent"": 0.0, ""offered_bps"": 127990.65309476221, ""rtt_p95_ms"": 72.353945}}"
1785746877.4720519,fair-base8-w3-r01-u1-015-u2-055,1,0.15,0.55,LIGHT_85,0.85,0,5.914605584591432,5.914605584591432,1.0,0.0,1.0,3.2252860453580015,1.3446597696167157,4.569945814974717,0.9933774834437086,0.6622516556291391,12.208193601351352,43.590689,1,"{""ue1"": {""delivered_bps"": 1344659.7696167158, ""delivery_ratio"": 1.0, ""offered_bps"": 1344659.7696167158}, ""ue2"": {""delivered_bps"": 4569945.814974717, ""delivery_ratio"": 1.0, ""offered_bps"": 4569945.814974717}, ""ue3"": {""delivered_bps"": 133111.3569471483, ""delivery_ratio"": 0.9933774834437086, ""jitter_ms"": 12.208193601351352, ""loss_percent"": 0.6622516556291391, ""offered_bps"": 127991.68937225797, ""rtt_p95_ms"": 43.590689}}"
1785746878.5778012,fair-base8-w3-r01-u1-015-u2-055,1,0.15,0.55,LIGHT_85,0.85,1,6.664,6.664,1.0,0.0,1.0,3.808,1.428,5.236,1.0,0.0,12.232088442953014,49.149896,1,"{""ue1"": {""delivered_bps"": 1428000.0, ""delivery_ratio"": 1.0, ""offered_bps"": 1428000.0}, ""ue2"": {""delivered_bps"": 5236000.0, ""delivery_ratio"": 1.0, ""offered_bps"": 5236000.0}, ""ue3"": {""delivered_bps"": 130550.55114573802, ""delivery_ratio"": 1.0, ""jitter_ms"": 12.232088442953014, ""loss_percent"": 0.0, ""offered_bps"": 127990.73641739022, ""rtt_p95_ms"": 49.149896}}"
1785746879.7143185,fair-base8-w3-r01-u1-015-u2-055,1,0.15,0.55,LIGHT_85,0.85,2,5.121141793084984,5.121141793084984,1.0,0.0,1.0,2.2651417930849838,1.428,3.6931417930849837,1.0,0.0,11.875366052631586,80.036957,0,"{""ue1"": {""delivered_bps"": 1428000.0, ""delivery_ratio"": 1.0, ""offered_bps"": 1428000.0}, ""ue2"": {""delivered_bps"": 3693141.7930849837, ""delivery_ratio"": 1.0, ""offered_bps"": 3693141.7930849837}, ""ue3"": {""delivered_bps"": 127990.79528338378, ""delivery_ratio"": 1.0, ""jitter_ms"": 11.875366052631586, ""loss_percent"": 0.0, ""offered_bps"": 127990.79528338378, ""rtt_p95_ms"": 80.036957}}"
1785746884.838396,fair-base8-w3-r01-u1-015-u2-055,1,0.15,0.55,MEDIUM_70,0.7,0,4.870831783662666,4.870831783662666,1.0,0.0,1.0,2.6561377939427486,1.1073469948599588,3.7634847888027076,1.0,0.0,10.995432134228196,36.06202,1,"{""ue1"": {""delivered_bps"": 1107346.9948599588, ""delivery_ratio"": 1.0, ""offered_bps"": 1107346.9948599588}, ""ue2"": {""delivered_bps"": 3763484.7888027076, ""delivery_ratio"": 1.0, ""offered_bps"": 3763484.7888027076}, ""ue3"": {""delivered_bps"": 125431.13390068916, ""delivery_ratio"": 1.0, ""jitter_ms"": 10.995432134228196, ""loss_percent"": 0.0, ""offered_bps"": 127990.9529598869, ""rtt_p95_ms"": 36.06202}}"
1785746885.972821,fair-base8-w3-r01-u1-015-u2-055,1,0.15,0.55,MEDIUM_70,0.7,1,5.487999999999999,5.487999999999999,1.0,0.0,1.0,3.1359999999999992,1.176,4.311999999999999,1.0,0.0,11.109700393333343,35.88821,1,"{""ue1"": {""delivered_bps"": 1176000.0, ""delivery_ratio"": 1.0, ""offered_bps"": 1176000.0}, ""ue2"": {""delivered_bps"": 4311999.999999999, ""delivery_ratio"": 1.0, ""offered_bps"": 4311999.999999999}, ""ue3"": {""delivered_bps"": 130550.09568610262, ""delivery_ratio"": 1.0, ""jitter_ms"": 11.109700393333343, ""loss_percent"": 0.0, ""offered_bps"": 127990.2898883359, ""rtt_p95_ms"": 35.88821}}"
1785746887.073687,fair-base8-w3-r01-u1-015-u2-055,1,0.15,0.55,MEDIUM_70,0.7,2,4.217410888422928,4.217410888422928,1.0,0.0,1.0,1.865410888422928,1.176,3.0414108884229276,1.0,0.0,10.800076756756754,37.591929,1,"{""ue1"": {""delivered_bps"": 1176000.0, ""delivery_ratio"": 1.0, ""offered_bps"": 1176000.0}, ""ue2"": {""delivered_bps"": 3041410.888422928, ""delivery_ratio"": 1.0, ""offered_bps"": 3041410.888422928}, ""ue3"": {""delivered_bps"": 125430.58568386994, ""delivery_ratio"": 1.0, ""jitter_ms"": 10.800076756756754, ""loss_percent"": 0.0, ""offered_bps"": 127990.39355496933, ""rtt_p95_ms"": 37.591929}}"
1785746892.2079887,fair-base8-w3-r01-u1-015-u2-055,1,0.15,0.55,EQUAL_100,1.0,0,6.95836834611186,6.95836834611186,1.0,0.0,1.0,3.79444533618159,1.581961504965135,5.376406841146725,1.0,0.0,10.98312919463087,39.118223,1,"{""ue1"": {""delivered_bps"": 1581961.504965135, ""delivery_ratio"": 1.0, ""offered_bps"": 1581961.504965135}, ""ue2"": {""delivered_bps"": 5376406.841146725, ""delivery_ratio"": 1.0, ""offered_bps"": 5376406.841146725}, ""ue3"": {""delivered_bps"": 130547.15703308163, ""delivery_ratio"": 1.0, ""jitter_ms"": 10.98312919463087, ""loss_percent"": 0.0, ""offered_bps"": 127987.40885596239, ""rtt_p95_ms"": 39.118223}}"
1785746893.3104455,fair-base8-w3-r01-u1-015-u2-055,1,0.15,0.55,EQUAL_100,1.0,1,7.84,7.84,1.0,0.0,1.0,4.48,1.68,6.16,0.9933333333333333,0.6666666666666666,11.08009193877551,44.408089,1,"{""ue1"": {""delivered_bps"": 1680000.0, ""delivery_ratio"": 1.0, ""offered_bps"": 1680000.0}, ""ue2"": {""delivered_bps"": 6160000.0, ""delivery_ratio"": 1.0, ""offered_bps"": 6160000.0}, ""ue3"": {""delivered_bps"": 122869.89161444007, ""delivery_ratio"": 0.9933333333333333, ""jitter_ms"": 11.08009193877551, ""loss_percent"": 0.6666666666666666, ""offered_bps"": 127989.47043170841, ""rtt_p95_ms"": 44.408089}}"
1785746894.418126,fair-base8-w3-r01-u1-015-u2-055,1,0.15,0.55,EQUAL_100,1.0,2,6.02487269774704,6.02487269774704,1.0,0.0,1.0,2.6648726977470396,1.68,4.344872697747039,1.0,0.0,11.129290586666668,60.786823,0,"{""ue1"": {""delivered_bps"": 1680000.0, ""delivery_ratio"": 1.0, ""offered_bps"": 1680000.0}, ""ue2"": {""delivered_bps"": 4344872.69774704, ""delivery_ratio"": 1.0, ""offered_bps"": 4344872.69774704}, ""ue3"": {""delivered_bps"": 133109.28776642322, ""delivery_ratio"": 1.0, ""jitter_ms"": 11.129290586666668, ""loss_percent"": 0.0, ""offered_bps"": 127989.69977540696, ""rtt_p95_ms"": 60.786823}}"
1785746899.5490797,fair-base8-w3-r01-u1-015-u2-055,1,0.15,0.55,STRONG_40,0.4,0,3.205180311428913,3.205180311428913,1.0,0.0,1.0,1.0959451614884677,1.0546175749702227,2.1505627364586903,1.0,0.0,11.524398630872485,44.105486,1,"{""ue1"": {""delivered_bps"": 1054617.5749702228, ""delivery_ratio"": 1.0, ""offered_bps"": 1054617.5749702228}, ""ue2"": {""delivered_bps"": 2150562.7364586904, ""delivery_ratio"": 1.0, ""offered_bps"": 2150562.7364586904}, ""ue3"": {""delivered_bps"": 125430.56949872327, ""delivery_ratio"": 1.0, ""jitter_ms"": 11.524398630872485, ""loss_percent"": 0.0, ""offered_bps"": 127990.37703951354, ""rtt_p95_ms"": 44.105486}}"
1785746900.6657999,fair-base8-w3-r01-u1-015-u2-055,1,0.15,0.55,STRONG_40,0.4,1,3.584,3.584,1.0,0.0,1.0,1.344,1.12,2.464,1.0,0.0,11.490042281879195,44.105486,1,"{""ue1"": {""delivered_bps"": 1120000.0, ""delivery_ratio"": 1.0, ""offered_bps"": 1120000.0}, ""ue2"": {""delivered_bps"": 2464000.0, ""delivery_ratio"": 1.0, ""offered_bps"": 2464000.0}, ""ue3"": {""delivered_bps"": 130549.94374029002, ""delivery_ratio"": 1.0, ""jitter_ms"": 11.490042281879195, ""loss_percent"": 0.0, ""offered_bps"": 127990.14092185296, ""rtt_p95_ms"": 44.105486}}"
1785746901.7846766,fair-base8-w3-r01-u1-015-u2-055,1,0.15,0.55,STRONG_40,0.4,2,3.584,3.584,1.0,0.0,1.0,1.344,1.12,2.464,1.0,0.0,9.880758013422817,35.486901,1,"{""ue1"": {""delivered_bps"": 1120000.0, ""delivery_ratio"": 1.0, ""offered_bps"": 1120000.0}, ""ue2"": {""delivered_bps"": 2464000.0, ""delivery_ratio"": 1.0, ""offered_bps"": 2464000.0}, ""ue3"": {""delivered_bps"": 125428.15005243944, ""delivery_ratio"": 1.0, ""jitter_ms"": 9.880758013422817, ""loss_percent"": 0.0, ""offered_bps"": 127987.90821677493, ""rtt_p95_ms"": 35.486901}}"
1785746906.9599102,fair-base8-w3-r01-u1-075-u2-055,1,0.75,0.55,MEDIUM_70,0.7,0,9.30050595067035,9.30050595067035,1.0,0.0,1.0,1.7735363730649352,5.537021161867643,3.7634847888027076,1.0,0.0,9.493434295302011,44.359919,1,"{""ue1"": {""delivered_bps"": 5537021.161867643, ""delivery_ratio"": 1.0, ""offered_bps"": 5537021.161867643}, ""ue2"": {""delivered_bps"": 3763484.7888027076, ""delivery_ratio"": 1.0, ""offered_bps"": 3763484.7888027076}, ""ue3"": {""delivered_bps"": 127990.9690881158, ""delivery_ratio"": 1.0, ""jitter_ms"": 9.493434295302011, ""loss_percent"": 0.0, ""offered_bps"": 127990.9690881158, ""rtt_p95_ms"": 44.359919}}"
1785746908.0799491,fair-base8-w3-r01-u1-075-u2-055,1,0.75,0.55,MEDIUM_70,0.7,1,10.191999999999998,10.191999999999998,1.0,0.0,1.0,1.568,5.879999999999999,4.311999999999999,1.0,0.0,11.571051067114091,61.526737,0,"{""ue1"": {""delivered_bps"": 5879999.999999999, ""delivery_ratio"": 1.0, ""offered_bps"": 5879999.999999999}, ""ue2"": {""delivered_bps"": 4311999.999999999, ""delivery_ratio"": 1.0, ""offered_bps"": 4311999.999999999}, ""ue3"": {""delivered_bps"": 125431.77167153255, ""delivery_ratio"": 1.0, ""jitter_ms"": 11.571051067114091, ""loss_percent"": 0.0, ""offered_bps"": 127991.60374646178, ""rtt_p95_ms"": 61.526737}}"
1785746909.198222,fair-base8-w3-r01-u1-075-u2-055,1,0.75,0.55,MEDIUM_70,0.7,2,8.921410888422926,8.921410888422926,1.0,0.0,1.0,2.8385891115770714,5.879999999999999,3.0414108884229276,1.0,0.0,11.891407322147648,61.526737,0,"{""ue1"": {""delivered_bps"": 5879999.999999999, ""delivery_ratio"": 1.0, ""offered_bps"": 5879999.999999999}, ""ue2"": {""delivered_bps"": 3041410.888422928, ""delivery_ratio"": 1.0, ""offered_bps"": 3041410.888422928}, ""ue3"": {""delivered_bps"": 130549.26180071483, ""delivery_ratio"": 1.0, ""jitter_ms"": 11.891407322147648, ""loss_percent"": 0.0, ""offered_bps"": 127989.47235364199, ""rtt_p95_ms"": 61.526737}}"
1785746914.4291573,fair-base8-w3-r01-u1-075-u2-055,1,0.75,0.55,STRONG_40,0.4,0,5.314379363694303,5.314379363694303,1.0,0.0,1.0,1.0132538907769215,3.163816627235612,2.1505627364586903,1.0,0.0,9.61448741891892,37.432399,1,"{""ue1"": {""delivered_bps"": 3163816.627235612, ""delivery_ratio"": 1.0, ""offered_bps"": 3163816.627235612}, ""ue2"": {""delivered_bps"": 2150562.7364586904, ""delivery_ratio"": 1.0, ""offered_bps"": 2150562.7364586904}, ""ue3"": {""delivered_bps"": 125431.5506824235, ""delivery_ratio"": 1.0, ""jitter_ms"": 9.61448741891892, ""loss_percent"": 0.0, ""offered_bps"": 127991.37824737093, ""rtt_p95_ms"": 37.432399}}"
1785746915.5522046,fair-base8-w3-r01-u1-075-u2-055,1,0.75,0.55,STRONG_40,0.4,1,5.824,5.824,1.0,0.0,1.0,0.8960000000000005,3.3600000000000003,2.464,1.0,0.0,9.918548503355701,36.522143,1,"{""ue1"": {""delivered_bps"": 3360000.0000000005, ""delivery_ratio"": 1.0, ""offered_bps"": 3360000.0000000005}, ""ue2"": {""delivered_bps"": 2464000.0, ""delivery_ratio"": 1.0, ""offered_bps"": 2464000.0}, ""ue3"": {""delivered_bps"": 127990.25981491238, ""delivery_ratio"": 1.0, ""jitter_ms"": 9.918548503355701, ""loss_percent"": 0.0, ""offered_bps"": 127990.25981491238, ""rtt_p95_ms"": 36.522143}}"
1785746916.6844714,fair-base8-w3-r01-u1-075-u2-055,1,0.75,0.55,STRONG_40,0.4,2,5.824,5.824,1.0,0.0,1.0,0.8960000000000005,3.3600000000000003,2.464,1.0,0.0,10.115988594594587,37.33273,1,"{""ue1"": {""delivered_bps"": 3360000.0000000005, ""delivery_ratio"": 1.0, ""offered_bps"": 3360000.0000000005}, ""ue2"": {""delivered_bps"": 2464000.0, ""delivery_ratio"": 1.0, ""offered_bps"": 2464000.0}, ""ue3"": {""delivered_bps"": 127992.87796162316, ""delivery_ratio"": 1.0, ""jitter_ms"": 10.115988594594587, ""loss_percent"": 0.0, ""offered_bps"": 127992.87796162316, ""rtt_p95_ms"": 37.33273}}"
1785746921.84688,fair-base8-w3-r01-u1-075-u2-055,1,0.75,0.55,LIGHT_85,0.85,0,11.293104293993228,11.293104293993228,1.0,0.0,1.0,2.1532126640437945,6.723158479018511,4.569945814974717,1.0,0.0,11.87983508724832,86.700112,0,"{""ue1"": {""delivered_bps"": 6723158.479018511, ""delivery_ratio"": 1.0, ""offered_bps"": 6723158.479018511}, ""ue2"": {""delivered_bps"": 4569945.814974717, ""delivery_ratio"": 1.0, ""offered_bps"": 4569945.814974717}, ""ue3"": {""delivered_bps"": 130548.89838061889, ""delivery_ratio"": 1.0, ""jitter_ms"": 11.87983508724832, ""loss_percent"": 0.0, ""offered_bps"": 127989.1160594303, ""rtt_p95_ms"": 86.700112}}"
1785746922.9871109,fair-base8-w3-r01-u1-075-u2-055,1,0.75,0.55,LIGHT_85,0.85,1,12.376,12.376,1.0,0.0,1.0,1.903999999999999,7.139999999999999,5.236,1.0,0.0,12.877985026845634,109.802721,0,"{""ue1"": {""delivered_bps"": 7139999.999999999, ""delivery_ratio"": 1.0, ""offered_bps"": 7139999.999999999}, ""ue2"": {""delivered_bps"": 5236000.0, ""delivery_ratio"": 1.0, ""offered_bps"": 5236000.0}, ""ue3"": {""delivered_bps"": 127990.13131953467, ""delivery_ratio"": 1.0, ""jitter_ms"": 12.877985026845634, ""loss_percent"": 0.0, ""offered_bps"": 127990.13131953467, ""rtt_p95_ms"": 109.802721}}"
1785746924.0952775,fair-base8-w3-r01-u1-075-u2-055,1,0.75,0.55,LIGHT_85,0.85,2,10.833141793084982,10.833141793084982,1.0,0.0,1.0,3.4468582069150155,7.139999999999999,3.6931417930849837,1.0,0.0,11.791503369127511,102.982784,0,"{""ue1"": {""delivered_bps"": 7139999.999999999, ""delivery_ratio"": 1.0, ""offered_bps"": 7139999.999999999}, ""ue2"": {""delivered_bps"": 3693141.7930849837, ""delivery_ratio"": 1.0, ""offered_bps"": 3693141.7930849837}, ""ue3"": {""delivered_bps"": 125430.79476246629, ""delivery_ratio"": 1.0, ""jitter_ms"": 11.791503369127511, ""loss_percent"": 0.0, ""offered_bps"": 127990.6069004758, ""rtt_p95_ms"": 102.982784}}"
1785746929.3214326,fair-base8-w3-r01-u1-075-u2-055,1,0.75,0.55,EQUAL_100,1.0,0,13.286076877736177,13.286076877736177,1.0,0.0,1.0,2.5332631954427276,7.909670036589453,5.376406841146725,1.0,0.0,10.034262763513512,39.446057,1,"{""ue1"": {""delivered_bps"": 7909670.036589453, ""delivery_ratio"": 1.0, ""offered_bps"": 7909670.036589453}, ""ue2"": {""delivered_bps"": 5376406.841146725, ""delivery_ratio"": 1.0, ""offered_bps"": 5376406.841146725}, ""ue3"": {""delivered_bps"": 122871.64890543153, ""delivery_ratio"": 1.0, ""jitter_ms"": 10.034262763513512, ""loss_percent"": 0.0, ""offered_bps"": 127991.30094315784, ""rtt_p95_ms"": 39.446057}}"
1785746930.4407592,fair-base8-w3-r01-u1-075-u2-055,1,0.75,0.55,EQUAL_100,1.0,1,14.559999999999999,14.559999999999999,1.0,0.0,1.0,2.239999999999998,8.399999999999999,6.16,0.9933333333333333,0.6666666666666666,11.138369074829932,54.168271,1,"{""ue1"": {""delivered_bps"": 8399999.999999998, ""delivery_ratio"": 1.0, ""offered_bps"": 8399999.999999998}, ""ue2"": {""delivered_bps"": 6160000.0, ""delivery_ratio"": 1.0, ""offered_bps"": 6160000.0}, ""ue3"": {""delivered_bps"": 127990.79170017001, ""delivery_ratio"": 0.9933333333333333, ""jitter_ms"": 11.138369074829932, ""loss_percent"": 0.6666666666666666, ""offered_bps"": 127990.79170017001, ""rtt_p95_ms"": 54.168271}}"
1785746931.5558228,fair-base8-w3-r01-u1-075-u2-055,1,0.75,0.55,EQUAL_100,1.0,2,12.744872697747036,12.744872697747036,1.0,0.0,1.0,4.055127302252958,8.399999999999999,4.344872697747039,1.0,0.0,11.340737452702703,54.168271,1,"{""ue1"": {""delivered_bps"": 8399999.999999998, ""delivery_ratio"": 1.0, ""offered_bps"": 8399999.999999998}, ""ue2"": {""delivered_bps"": 4344872.69774704, ""delivery_ratio"": 1.0, ""offered_bps"": 4344872.69774704}, ""ue3"": {""delivered_bps"": 130549.97820673927, ""delivery_ratio"": 1.0, ""jitter_ms"": 11.340737452702703, ""loss_percent"": 0.0, ""offered_bps"": 127990.17471248948, ""rtt_p95_ms"": 54.168271}}"
1785746936.8413992,fair-base8-w3-r01-u1-055-u2-015,1,0.55,0.15,EQUAL_100,1.0,0,7.266704423020372,7.266704423020372,1.0,0.0,1.0,4.334118873303978,5.800411648162175,1.4662927748581975,1.0,0.0,10.820876234899327,39.787855,1,"{""ue1"": {""delivered_bps"": 5800411.648162175, ""delivery_ratio"": 1.0, ""offered_bps"": 5800411.648162175}, ""ue2"": {""delivered_bps"": 1466292.7748581974, ""delivery_ratio"": 1.0, ""offered_bps"": 1466292.7748581974}, ""ue3"": {""delivered_bps"": 127988.66315021583, ""delivery_ratio"": 1.0, ""jitter_ms"": 10.820876234899327, ""loss_percent"": 0.0, ""offered_bps"": 127988.66315021583, ""rtt_p95_ms"": 39.787855}}"
1785746937.9597814,fair-base8-w3-r01-u1-055-u2-015,1,0.55,0.15,EQUAL_100,1.0,1,7.84,7.84,1.0,0.0,1.0,4.48,6.16,1.68,1.0,0.0,12.262449939999998,70.08441,0,"{""ue1"": {""delivered_bps"": 6160000.0, ""delivery_ratio"": 1.0, ""offered_bps"": 6160000.0}, ""ue2"": {""delivered_bps"": 1680000.0, ""delivery_ratio"": 1.0, ""offered_bps"": 1680000.0}, ""ue3"": {""delivered_bps"": 130549.63304917062, ""delivery_ratio"": 1.0, ""jitter_ms"": 12.262449939999998, ""loss_percent"": 0.0, ""offered_bps"": 127989.83632271629, ""rtt_p95_ms"": 70.08441}}"
1785746939.081996,fair-base8-w3-r01-u1-055-u2-015,1,0.55,0.15,EQUAL_100,1.0,2,7.84,7.84,1.0,0.0,1.0,4.48,6.16,1.68,1.0,0.0,12.543066653333337,84.062985,0,"{""ue1"": {""delivered_bps"": 6160000.0, ""delivery_ratio"": 1.0, ""offered_bps"": 6160000.0}, ""ue2"": {""delivered_bps"": 1680000.0, ""delivery_ratio"": 1.0, ""offered_bps"": 1680000.0}, ""ue3"": {""delivered_bps"": 127989.9219461477, ""delivery_ratio"": 1.0, ""jitter_ms"": 12.543066653333337, ""loss_percent"": 0.0, ""offered_bps"": 127989.9219461477, ""rtt_p95_ms"": 84.062985}}"
1785746944.3720412,fair-base8-w3-r01-u1-055-u2-015,1,0.55,0.15,STRONG_40,0.4,0,3.2976753874717626,3.2976753874717626,1.0,0.0,1.0,1.342618354327499,2.320146870899631,0.9775285165721318,1.0,0.0,10.21472016778523,34.332865,1,"{""ue1"": {""delivered_bps"": 2320146.8708996307, ""delivery_ratio"": 1.0, ""offered_bps"": 2320146.8708996307}, ""ue2"": {""delivered_bps"": 977528.5165721318, ""delivery_ratio"": 1.0, ""offered_bps"": 977528.5165721318}, ""ue3"": {""delivered_bps"": 125430.65290666187, ""delivery_ratio"": 1.0, ""jitter_ms"": 10.21472016778523, ""loss_percent"": 0.0, ""offered_bps"": 127990.46214965497, ""rtt_p95_ms"": 34.332865}}"
1785746945.4946268,fair-base8-w3-r01-u1-055-u2-015,1,0.55,0.15,STRONG_40,0.4,1,3.584,3.584,1.0,0.0,1.0,1.344,2.464,1.12,1.0,0.0,10.091460986577177,34.215123,1,"{""ue1"": {""delivered_bps"": 2464000.0, ""delivery_ratio"": 1.0, ""offered_bps"": 2464000.0}, ""ue2"": {""delivered_bps"": 1120000.0, ""delivery_ratio"": 1.0, ""offered_bps"": 1120000.0}, ""ue3"": {""delivered_bps"": 130550.95647336893, ""delivery_ratio"": 1.0, ""jitter_ms"": 10.091460986577177, ""loss_percent"": 0.0, ""offered_bps"": 127991.13379742052, ""rtt_p95_ms"": 34.215123}}"
1785746946.622584,fair-base8-w3-r01-u1-055-u2-015,1,0.55,0.15,STRONG_40,0.4,2,3.584,3.584,1.0,0.0,1.0,1.344,2.464,1.12,1.0,0.0,10.751143581081084,34.687969,1,"{""ue1"": {""delivered_bps"": 2464000.0, ""delivery_ratio"": 1.0, ""offered_bps"": 2464000.0}, ""ue2"": {""delivered_bps"": 1120000.0, ""delivery_ratio"": 1.0, ""offered_bps"": 1120000.0}, ""ue3"": {""delivered_bps"": 125431.09865370706, ""delivery_ratio"": 1.0, ""jitter_ms"": 10.751143581081084, ""loss_percent"": 0.0, ""offered_bps"": 127990.91699357862, ""rtt_p95_ms"": 34.687969}}"
1785746952.006602,fair-base8-w3-r01-u1-055-u2-015,1,0.55,0.15,LIGHT_85,0.85,0,6.1767327733304915,6.1767327733304915,1.0,0.0,1.0,3.684035056071556,4.930383914701024,1.246348858629468,1.0,0.0,11.54651899324324,39.17252,1,"{""ue1"": {""delivered_bps"": 4930383.914701024, ""delivery_ratio"": 1.0, ""offered_bps"": 4930383.914701024}, ""ue2"": {""delivered_bps"": 1246348.858629468, ""delivery_ratio"": 1.0, ""offered_bps"": 1246348.858629468}, ""ue3"": {""delivered_bps"": 127991.09283981615, ""delivery_ratio"": 1.0, ""jitter_ms"": 11.54651899324324, ""loss_percent"": 0.0, ""offered_bps"": 127991.09283981615, ""rtt_p95_ms"": 39.17252}}"
1785746953.1606255,fair-base8-w3-r01-u1-055-u2-015,1,0.55,0.15,LIGHT_85,0.85,1,6.664,6.664,1.0,0.0,1.0,3.808,5.236,1.428,1.0,0.0,11.023228597315434,37.654833,1,"{""ue1"": {""delivered_bps"": 5236000.0, ""delivery_ratio"": 1.0, ""offered_bps"": 5236000.0}, ""ue2"": {""delivered_bps"": 1428000.0, ""delivery_ratio"": 1.0, ""offered_bps"": 1428000.0}, ""ue3"": {""delivered_bps"": 127991.10423761902, ""delivery_ratio"": 1.0, ""jitter_ms"": 11.023228597315434, ""loss_percent"": 0.0, ""offered_bps"": 127991.10423761902, ""rtt_p95_ms"": 37.654833}}"
1785746954.329663,fair-base8-w3-r01-u1-055-u2-015,1,0.55,0.15,LIGHT_85,0.85,2,6.664,6.664,1.0,0.0,1.0,3.808,5.236,1.428,1.0,0.0,11.721657353333335,61.119188,0,"{""ue1"": {""delivered_bps"": 5236000.0, ""delivery_ratio"": 1.0, ""offered_bps"": 5236000.0}, ""ue2"": {""delivered_bps"": 1428000.0, ""delivery_ratio"": 1.0, ""offered_bps"": 1428000.0}, ""ue3"": {""delivered_bps"": 130550.50101090535, ""delivery_ratio"": 1.0, ""jitter_ms"": 11.721657353333335, ""loss_percent"": 0.0, ""offered_bps"": 127990.68726559349, ""rtt_p95_ms"": 61.119188}}"
1785746959.708565,fair-base8-w3-r01-u1-055-u2-015,1,0.55,0.15,MEDIUM_70,0.7,0,5.086716658833407,5.086716658833407,1.0,0.0,1.0,3.0339067740319305,4.060311716432669,1.0264049424007384,1.0,0.0,10.807107134228188,39.141581,1,"{""ue1"": {""delivered_bps"": 4060311.716432669, ""delivery_ratio"": 1.0, ""offered_bps"": 4060311.716432669}, ""ue2"": {""delivered_bps"": 1026404.9424007385, ""delivery_ratio"": 1.0, ""offered_bps"": 1026404.9424007385}, ""ue3"": {""delivered_bps"": 130550.45311006454, ""delivery_ratio"": 1.0, ""jitter_ms"": 10.807107134228188, ""loss_percent"": 0.0, ""offered_bps"": 127990.64030398484, ""rtt_p95_ms"": 39.141581}}"
1785746960.8708184,fair-base8-w3-r01-u1-055-u2-015,1,0.55,0.15,MEDIUM_70,0.7,1,5.487999999999999,5.487999999999999,1.0,0.0,1.0,3.1359999999999992,4.311999999999999,1.176,1.0,0.0,11.064730540000003,75.525756,0,"{""ue1"": {""delivered_bps"": 4311999.999999999, ""delivery_ratio"": 1.0, ""offered_bps"": 4311999.999999999}, ""ue2"": {""delivered_bps"": 1176000.0, ""delivery_ratio"": 1.0, ""offered_bps"": 1176000.0}, ""ue3"": {""delivered_bps"": 130549.45225343914, ""delivery_ratio"": 1.0, ""jitter_ms"": 11.064730540000003, ""loss_percent"": 0.0, ""offered_bps"": 127989.65907199917, ""rtt_p95_ms"": 75.525756}}"
1785746962.00309,fair-base8-w3-r01-u1-055-u2-015,1,0.55,0.15,MEDIUM_70,0.7,2,5.487999999999999,5.487999999999999,1.0,0.0,1.0,3.1359999999999992,4.311999999999999,1.176,1.0,0.0,11.300070731543617,75.525756,0,"{""ue1"": {""delivered_bps"": 4311999.999999999, ""delivery_ratio"": 1.0, ""offered_bps"": 4311999.999999999}, ""ue2"": {""delivered_bps"": 1176000.0, ""delivery_ratio"": 1.0, ""offered_bps"": 1176000.0}, ""ue3"": {""delivered_bps"": 127988.44073057122, ""delivery_ratio"": 1.0, ""jitter_ms"": 11.300070731543617, ""loss_percent"": 0.0, ""offered_bps"": 127988.44073057122, ""rtt_p95_ms"": 75.525756}}"
1785746967.3695705,fair-base8-w3-r01-u1-055-u2-075,1,0.55,0.75,EQUAL_100,1.0,0,13.131805736426443,13.131805736426443,1.0,0.0,1.0,1.5311220121555356,5.800341862135453,7.331463874290989,0.9933333333333333,0.6666666666666666,11.003987510204086,54.195626,1,"{""ue1"": {""delivered_bps"": 5800341.862135453, ""delivery_ratio"": 1.0, ""offered_bps"": 5800341.862135453}, ""ue2"": {""delivered_bps"": 7331463.874290989, ""delivery_ratio"": 1.0, ""offered_bps"": 7331463.874290989}, ""ue3"": {""delivered_bps"": 122871.37517196583, ""delivery_ratio"": 0.9933333333333333, ""jitter_ms"": 11.003987510204086, ""loss_percent"": 0.6666666666666666, ""offered_bps"": 127991.01580413108, ""rtt_p95_ms"": 54.195626}}"
1785746968.4976518,fair-base8-w3-r01-u1-055-u2-075,1,0.55,0.75,EQUAL_100,1.0,1,14.559999999999999,14.559999999999999,1.0,0.0,1.0,2.239999999999998,6.16,8.399999999999999,1.0,0.0,11.559368662162159,65.446813,0,"{""ue1"": {""delivered_bps"": 6160000.0, ""delivery_ratio"": 1.0, ""offered_bps"": 6160000.0}, ""ue2"": {""delivered_bps"": 8399999.999999998, ""delivery_ratio"": 1.0, ""offered_bps"": 8399999.999999998}, ""ue3"": {""delivered_bps"": 130551.48999939756, ""delivery_ratio"": 1.0, ""jitter_ms"": 11.559368662162159, ""loss_percent"": 0.0, ""offered_bps"": 127991.65686215447, ""rtt_p95_ms"": 65.446813}}"
1785746969.6154377,fair-base8-w3-r01-u1-055-u2-075,1,0.55,0.75,EQUAL_100,1.0,2,12.084826406018689,12.084826406018689,1.0,0.0,1.0,0.2351735939813098,6.16,5.92482640601869,0.9866666666666667,1.3333333333333333,11.297287883561644,85.419931,0,"{""ue1"": {""delivered_bps"": 6160000.0, ""delivery_ratio"": 1.0, ""offered_bps"": 6160000.0}, ""ue2"": {""delivered_bps"": 5924826.40601869, ""delivery_ratio"": 1.0, ""offered_bps"": 5924826.40601869}, ""ue3"": {""delivered_bps"": 122870.57484684383, ""delivery_ratio"": 0.9866666666666667, ""jitter_ms"": 11.297287883561644, ""loss_percent"": 1.3333333333333333, ""offered_bps"": 127990.18213212899, ""rtt_p95_ms"": 85.419931}}"
1785746974.9152012,fair-base8-w3-r01-u1-055-u2-075,1,0.55,0.75,LIGHT_85,0.85,0,11.162081205710493,11.162081205710493,1.0,0.0,1.0,1.3014073805841868,4.930336912563153,6.231744293147339,1.0,0.0,15.417731288590607,117.149324,0,"{""ue1"": {""delivered_bps"": 4930336.912563153, ""delivery_ratio"": 1.0, ""offered_bps"": 4930336.912563153}, ""ue2"": {""delivered_bps"": 6231744.2931473395, ""delivery_ratio"": 1.0, ""offered_bps"": 6231744.2931473395}, ""ue3"": {""delivered_bps"": 127990.61188418289, ""delivery_ratio"": 1.0, ""jitter_ms"": 15.417731288590607, ""loss_percent"": 0.0, ""offered_bps"": 127990.61188418289, ""rtt_p95_ms"": 117.149324}}"
1785746976.040898,fair-base8-w3-r01-u1-055-u2-075,1,0.55,0.75,LIGHT_85,0.85,1,12.376,12.376,1.0,0.0,1.0,1.903999999999999,5.236,7.139999999999999,1.0,0.0,13.74527032885906,112.817663,0,"{""ue1"": {""delivered_bps"": 5236000.0, ""delivery_ratio"": 1.0, ""offered_bps"": 5236000.0}, ""ue2"": {""delivered_bps"": 7139999.999999999, ""delivery_ratio"": 1.0, ""offered_bps"": 7139999.999999999}, ""ue3"": {""delivered_bps"": 127990.49632038429, ""delivery_ratio"": 1.0, ""jitter_ms"": 13.74527032885906, ""loss_percent"": 0.0, ""offered_bps"": 127990.49632038429, ""rtt_p95_ms"": 112.817663}}"
1785746977.1611986,fair-base8-w3-r01-u1-055-u2-075,1,0.55,0.75,LIGHT_85,0.85,2,10.272102445115886,10.272102445115886,1.0,0.0,1.0,0.19989755488411431,5.236,5.036102445115886,1.0,0.0,12.64358379865772,93.233994,0,"{""ue1"": {""delivered_bps"": 5236000.0, ""delivery_ratio"": 1.0, ""offered_bps"": 5236000.0}, ""ue2"": {""delivered_bps"": 5036102.445115886, ""delivery_ratio"": 1.0, ""offered_bps"": 5036102.445115886}, ""ue3"": {""delivered_bps"": 127990.38587457416, ""delivery_ratio"": 1.0, ""jitter_ms"": 12.64358379865772, ""loss_percent"": 0.0, ""offered_bps"": 127990.38587457416, ""rtt_p95_ms"": 93.233994}}"
1785746982.3849745,fair-base8-w3-r01-u1-055-u2-075,1,0.55,0.75,MEDIUM_70,0.7,0,9.192312678324583,9.192312678324583,1.0,0.0,1.0,1.0717367456827978,4.060287966320893,5.132024712003691,1.0,0.0,9.85390262162162,38.975207,1,"{""ue1"": {""delivered_bps"": 4060287.9663208933, ""delivery_ratio"": 1.0, ""offered_bps"": 4060287.9663208933}, ""ue2"": {""delivered_bps"": 5132024.712003691, ""delivery_ratio"": 1.0, ""offered_bps"": 5132024.712003691}, ""ue3"": {""delivered_bps"": 125430.26309869667, ""delivery_ratio"": 1.0, ""jitter_ms"": 9.85390262162162, ""loss_percent"": 0.0, ""offered_bps"": 127990.06438642518, ""rtt_p95_ms"": 38.975207}}"
1785746983.4978046,fair-base8-w3-r01-u1-055-u2-075,1,0.55,0.75,MEDIUM_70,0.7,1,10.191999999999998,10.191999999999998,1.0,0.0,1.0,1.568,4.311999999999999,5.879999999999999,1.0,0.0,9.266529879194632,38.561423,1,"{""ue1"": {""delivered_bps"": 4311999.999999999, ""delivery_ratio"": 1.0, ""offered_bps"": 4311999.999999999}, ""ue2"": {""delivered_bps"": 5879999.999999999, ""delivery_ratio"": 1.0, ""offered_bps"": 5879999.999999999}, ""ue3"": {""delivered_bps"": 130549.48241135417, ""delivery_ratio"": 1.0, ""jitter_ms"": 9.266529879194632, ""loss_percent"": 0.0, ""offered_bps"": 127989.68863858252, ""rtt_p95_ms"": 38.561423}}"
1785746984.620453,fair-base8-w3-r01-u1-055-u2-075,1,0.55,0.75,MEDIUM_70,0.7,2,8.45937848421308,8.45937848421308,1.0,0.0,1.0,0.16462151578691742,4.311999999999999,4.147378484213082,1.0,0.0,10.254927536912758,48.990321,1,"{""ue1"": {""delivered_bps"": 4311999.999999999, ""delivery_ratio"": 1.0, ""offered_bps"": 4311999.999999999}, ""ue2"": {""delivered_bps"": 4147378.4842130817, ""delivery_ratio"": 1.0, ""offered_bps"": 4147378.4842130817}, ""ue3"": {""delivered_bps"": 127991.35661380319, ""delivery_ratio"": 1.0, ""jitter_ms"": 10.254927536912758, ""loss_percent"": 0.0, ""offered_bps"": 127991.35661380319, ""rtt_p95_ms"": 48.990321}}"
1785746989.8884592,fair-base8-w3-r01-u1-055-u2-075,1,0.55,0.75,STRONG_40,0.4,0,5.252809038715184,5.252809038715184,1.0,0.0,1.0,0.6123620607176083,2.3202234889987876,2.932585549716396,1.0,0.0,10.487327442953019,34.76651,1,"{""ue1"": {""delivered_bps"": 2320223.4889987875, ""delivery_ratio"": 1.0, ""offered_bps"": 2320223.4889987875}, ""ue2"": {""delivered_bps"": 2932585.549716396, ""delivery_ratio"": 1.0, ""offered_bps"": 2932585.549716396}, ""ue3"": {""delivered_bps"": 127991.15184022948, ""delivery_ratio"": 1.0, ""jitter_ms"": 10.487327442953019, ""loss_percent"": 0.0, ""offered_bps"": 127991.15184022948, ""rtt_p95_ms"": 34.76651}}"
1785746990.9959195,fair-base8-w3-r01-u1-055-u2-075,1,0.55,0.75,STRONG_40,0.4,1,5.824,5.824,1.0,0.0,1.0,0.8960000000000005,2.464,3.3600000000000003,1.0,0.0,10.82276272483221,38.804093,1,"{""ue1"": {""delivered_bps"": 2464000.0, ""delivery_ratio"": 1.0, ""offered_bps"": 2464000.0}, ""ue2"": {""delivered_bps"": 3360000.0000000005, ""delivery_ratio"": 1.0, ""offered_bps"": 3360000.0000000005}, ""ue3"": {""delivered_bps"": 127990.40916904421, ""delivery_ratio"": 1.0, ""jitter_ms"": 10.82276272483221, ""loss_percent"": 0.0, ""offered_bps"": 127990.40916904421, ""rtt_p95_ms"": 38.804093}}"
1785746992.1334589,fair-base8-w3-r01-u1-055-u2-075,1,0.55,0.75,STRONG_40,0.4,2,4.833930562407477,4.833930562407477,1.0,0.0,1.0,0.09406943759252363,2.464,2.3699305624074762,1.0,0.0,10.676750533333337,38.804093,1,"{""ue1"": {""delivered_bps"": 2464000.0, ""delivery_ratio"": 1.0, ""offered_bps"": 2464000.0}, ""ue2"": {""delivered_bps"": 2369930.5624074764, ""delivery_ratio"": 1.0, ""offered_bps"": 2369930.5624074764}, ""ue3"": {""delivered_bps"": 130547.25232088772, ""delivery_ratio"": 1.0, ""jitter_ms"": 10.676750533333337, ""loss_percent"": 0.0, ""offered_bps"": 127987.50227538012, ""rtt_p95_ms"": 38.804093}}"
1785746997.2646036,fair-base8-w3-r01-u1-040-u2-040,1,0.4,0.4,STRONG_40,0.4,0,3.2514151094059747,3.2514151094059747,1.0,0.0,1.0,0.12332385637515247,1.6873694828905639,1.5640456265154112,1.0,0.0,9.747679939999994,36.118202,1,"{""ue1"": {""delivered_bps"": 1687369.4828905638, ""delivery_ratio"": 1.0, ""offered_bps"": 1687369.4828905638}, ""ue2"": {""delivered_bps"": 1564045.6265154113, ""delivery_ratio"": 1.0, ""offered_bps"": 1564045.6265154113}, ""ue3"": {""delivered_bps"": 127991.45964150019, ""delivery_ratio"": 1.0, ""jitter_ms"": 9.747679939999994, ""loss_percent"": 0.0, ""offered_bps"": 127991.45964150019, ""rtt_p95_ms"": 36.118202}}"
1785746998.3955107,fair-base8-w3-r01-u1-040-u2-040,1,0.4,0.4,STRONG_40,0.4,1,3.5840000000000005,3.5840000000000005,1.0,0.0,1.0,0.0,1.7920000000000003,1.7920000000000003,1.0,0.0,10.210142798657717,37.191197,1,"{""ue1"": {""delivered_bps"": 1792000.0000000002, ""delivery_ratio"": 1.0, ""offered_bps"": 1792000.0000000002}, ""ue2"": {""delivered_bps"": 1792000.0000000002, ""delivery_ratio"": 1.0, ""offered_bps"": 1792000.0000000002}, ""ue3"": {""delivered_bps"": 127990.5208962046, ""delivery_ratio"": 1.0, ""jitter_ms"": 10.210142798657717, ""loss_percent"": 0.0, ""offered_bps"": 127990.5208962046, ""rtt_p95_ms"": 37.191197}}"
1785746999.507232,fair-base8-w3-r01-u1-040-u2-040,1,0.4,0.4,STRONG_40,0.4,2,3.5840000000000005,3.5840000000000005,1.0,0.0,1.0,0.0,1.7920000000000003,1.7920000000000003,1.0,0.0,9.80222597986577,36.997309,1,"{""ue1"": {""delivered_bps"": 1792000.0000000002, ""delivery_ratio"": 1.0, ""offered_bps"": 1792000.0000000002}, ""ue2"": {""delivered_bps"": 1792000.0000000002, ""delivery_ratio"": 1.0, ""offered_bps"": 1792000.0000000002}, ""ue3"": {""delivered_bps"": 127989.67955033926, ""delivery_ratio"": 1.0, ""jitter_ms"": 9.80222597986577, ""loss_percent"": 0.0, ""offered_bps"": 127989.67955033926, ""rtt_p95_ms"": 36.997309}}"
1785747004.81702,fair-base8-w3-r01-u1-040-u2-040,1,0.4,0.4,MEDIUM_70,0.7,0,5.690002827127056,5.690002827127056,1.0,0.0,1.0,0.2158431343231192,2.952922980725088,2.7370798464019686,1.0,0.0,9.821413873333334,34.999201,1,"{""ue1"": {""delivered_bps"": 2952922.9807250877, ""delivery_ratio"": 1.0, ""offered_bps"": 2952922.9807250877}, ""ue2"": {""delivered_bps"": 2737079.8464019685, ""delivery_ratio"": 1.0, ""offered_bps"": 2737079.8464019685}, ""ue3"": {""delivered_bps"": 130549.6552440581, ""delivery_ratio"": 1.0, ""jitter_ms"": 9.821413873333334, ""loss_percent"": 0.0, ""offered_bps"": 127989.85808240989, ""rtt_p95_ms"": 34.999201}}"
1785747005.9668958,fair-base8-w3-r01-u1-040-u2-040,1,0.4,0.4,MEDIUM_70,0.7,1,6.271999999999999,6.271999999999999,1.0,0.0,1.0,0.0,3.1359999999999997,3.1359999999999997,1.0,0.0,10.37098928187919,37.086017,1,"{""ue1"": {""delivered_bps"": 3135999.9999999995, ""delivery_ratio"": 1.0, ""offered_bps"": 3135999.9999999995}, ""ue2"": {""delivered_bps"": 3135999.9999999995, ""delivery_ratio"": 1.0, ""offered_bps"": 3135999.9999999995}, ""ue3"": {""delivered_bps"": 127989.26938138633, ""delivery_ratio"": 1.0, ""jitter_ms"": 10.37098928187919, ""loss_percent"": 0.0, ""offered_bps"": 127989.26938138633, ""rtt_p95_ms"": 37.086017}}"
1785747007.1258662,fair-base8-w3-r01-u1-040-u2-040,1,0.4,0.4,MEDIUM_70,0.7,2,6.271999999999999,6.271999999999999,1.0,0.0,1.0,0.0,3.1359999999999997,3.1359999999999997,1.0,0.0,10.043027639999996,39.663784,1,"{""ue1"": {""delivered_bps"": 3135999.9999999995, ""delivery_ratio"": 1.0, ""offered_bps"": 3135999.9999999995}, ""ue2"": {""delivered_bps"": 3135999.9999999995, ""delivery_ratio"": 1.0, ""offered_bps"": 3135999.9999999995}, ""ue3"": {""delivered_bps"": 127990.20145597328, ""delivery_ratio"": 1.0, ""jitter_ms"": 10.043027639999996, ""loss_percent"": 0.0, ""offered_bps"": 127990.20145597328, ""rtt_p95_ms"": 39.663784}}"
1785747012.492765,fair-base8-w3-r01-u1-040-u2-040,1,0.4,0.4,EQUAL_100,1.0,0,8.128516147319282,8.128516147319282,1.0,0.0,1.0,0.3082880147422273,4.218402081030755,3.910114066288527,0.9933333333333333,0.6666666666666666,9.235317884353746,38.209538,1,"{""ue1"": {""delivered_bps"": 4218402.081030754, ""delivery_ratio"": 1.0, ""offered_bps"": 4218402.081030754}, ""ue2"": {""delivered_bps"": 3910114.066288527, ""delivery_ratio"": 1.0, ""offered_bps"": 3910114.066288527}, ""ue3"": {""delivered_bps"": 122871.50969998311, ""delivery_ratio"": 0.9933333333333333, ""jitter_ms"": 9.235317884353746, ""loss_percent"": 0.6666666666666666, ""offered_bps"": 127991.15593748241, ""rtt_p95_ms"": 38.209538}}"
1785747013.625525,fair-base8-w3-r01-u1-040-u2-040,1,0.4,0.4,EQUAL_100,1.0,1,8.96,8.96,1.0,0.0,1.0,0.0,4.48,4.48,1.0,0.0,10.171823167785234,43.009676,1,"{""ue1"": {""delivered_bps"": 4480000.0, ""delivery_ratio"": 1.0, ""offered_bps"": 4480000.0}, ""ue2"": {""delivered_bps"": 4480000.0, ""delivery_ratio"": 1.0, ""offered_bps"": 4480000.0}, ""ue3"": {""delivered_bps"": 133109.04699450402, ""delivery_ratio"": 1.0, ""jitter_ms"": 10.171823167785234, ""loss_percent"": 0.0, ""offered_bps"": 127989.46826394618, ""rtt_p95_ms"": 43.009676}}"
1785747014.8045816,fair-base8-w3-r01-u1-040-u2-040,1,0.4,0.4,EQUAL_100,1.0,2,7.639907416543301,7.639907416543301,1.0,0.0,1.0,1.3200925834566983,4.48,3.1599074165433017,1.0,0.0,11.685936350993378,60.891381,0,"{""ue1"": {""delivered_bps"": 4480000.0, ""delivery_ratio"": 1.0, ""offered_bps"": 4480000.0}, ""ue2"": {""delivered_bps"": 3159907.4165433017, ""delivery_ratio"": 1.0, ""offered_bps"": 3159907.4165433017}, ""ue3"": {""delivered_bps"": 125430.74295815818, ""delivery_ratio"": 1.0, ""jitter_ms"": 11.685936350993378, ""loss_percent"": 0.0, ""offered_bps"": 127990.55403893691, ""rtt_p95_ms"": 60.891381}}"
1785747019.99575,fair-base8-w3-r01-u1-040-u2-040,1,0.4,0.4,LIGHT_85,0.85,0,6.909291039601252,6.909291039601252,1.0,0.0,1.0,0.26209712691075493,3.585694083256003,3.323596956345248,1.0,0.0,11.976330637583894,52.16975,1,"{""ue1"": {""delivered_bps"": 3585694.083256003, ""delivery_ratio"": 1.0, ""offered_bps"": 3585694.083256003}, ""ue2"": {""delivered_bps"": 3323596.956345248, ""delivery_ratio"": 1.0, ""offered_bps"": 3323596.956345248}, ""ue3"": {""delivered_bps"": 127991.07517695046, ""delivery_ratio"": 1.0, ""jitter_ms"": 11.976330637583894, ""loss_percent"": 0.0, ""offered_bps"": 127991.07517695046, ""rtt_p95_ms"": 52.16975}}"
1785747021.1536026,fair-base8-w3-r01-u1-040-u2-040,1,0.4,0.4,LIGHT_85,0.85,1,7.616,7.616,1.0,0.0,1.0,0.0,3.808,3.808,1.0,0.0,11.36413313333333,52.16975,1,"{""ue1"": {""delivered_bps"": 3808000.0, ""delivery_ratio"": 1.0, ""offered_bps"": 3808000.0}, ""ue2"": {""delivered_bps"": 3808000.0, ""delivery_ratio"": 1.0, ""offered_bps"": 3808000.0}, ""ue3"": {""delivered_bps"": 130549.03414718207, ""delivery_ratio"": 1.0, ""jitter_ms"": 11.36413313333333, ""loss_percent"": 0.0, ""offered_bps"": 127989.249163904, ""rtt_p95_ms"": 52.16975}}"
1785747022.2745168,fair-base8-w3-r01-u1-040-u2-040,1,0.4,0.4,LIGHT_85,0.85,2,6.493921304061806,6.493921304061806,1.0,0.0,1.0,1.1220786959381936,3.808,2.6859213040618064,1.0,0.0,12.177384469798659,86.533197,0,"{""ue1"": {""delivered_bps"": 3808000.0, ""delivery_ratio"": 1.0, ""offered_bps"": 3808000.0}, ""ue2"": {""delivered_bps"": 2685921.3040618063, ""delivery_ratio"": 1.0, ""offered_bps"": 2685921.3040618063}, ""ue3"": {""delivered_bps"": 125430.52447673371, ""delivery_ratio"": 1.0, ""jitter_ms"": 12.177384469798659, ""loss_percent"": 0.0, ""offered_bps"": 127990.33109870787, ""rtt_p95_ms"": 86.533197}}"
1785747027.631876,fair-base8-w3-r01-u1-100-u2-025,1,1.0,0.25,STRONG_40,0.4,0,5.196051844113006,5.196051844113006,1.0,0.0,1.0,3.2409948109687425,4.218523327540875,0.9775285165721318,1.0,0.0,11.232067226666667,37.370277,1,"{""ue1"": {""delivered_bps"": 4218523.3275408745, ""delivery_ratio"": 1.0, ""offered_bps"": 4218523.3275408745}, ""ue2"": {""delivered_bps"": 977528.5165721318, ""delivery_ratio"": 1.0, ""offered_bps"": 977528.5165721318}, ""ue3"": {""delivered_bps"": 127989.71871918702, ""delivery_ratio"": 1.0, ""jitter_ms"": 11.232067226666667, ""loss_percent"": 0.0, ""offered_bps"": 127989.71871918702, ""rtt_p95_ms"": 37.370277}}"
1785747028.769961,fair-base8-w3-r01-u1-100-u2-025,1,1.0,0.25,STRONG_40,0.4,1,5.269976854135825,5.269976854135825,1.0,0.0,1.0,3.6900231458641746,4.48,0.7899768541358254,1.0,0.0,10.962820675675678,34.683444,1,"{""ue1"": {""delivered_bps"": 4480000.0, ""delivery_ratio"": 1.0, ""offered_bps"": 4480000.0}, ""ue2"": {""delivered_bps"": 789976.8541358254, ""delivery_ratio"": 1.0, ""offered_bps"": 789976.8541358254}, ""ue3"": {""delivered_bps"": 127989.85423851963, ""delivery_ratio"": 1.0, ""jitter_ms"": 10.962820675675678, ""loss_percent"": 0.0, ""offered_bps"": 127989.85423851963, ""rtt_p95_ms"": 34.683444}}"
1785747029.885231,fair-base8-w3-r01-u1-100-u2-025,1,1.0,0.25,STRONG_40,0.4,2,5.6,5.6,1.0,0.0,1.0,3.36,4.48,1.12,1.0,0.0,10.43832787919463,35.01414,1,"{""ue1"": {""delivered_bps"": 4480000.0, ""delivery_ratio"": 1.0, ""offered_bps"": 4480000.0}, ""ue2"": {""delivered_bps"": 1120000.0, ""delivery_ratio"": 1.0, ""offered_bps"": 1120000.0}, ""ue3"": {""delivered_bps"": 130548.9725324694, ""delivery_ratio"": 1.0, ""jitter_ms"": 10.43832787919463, ""loss_percent"": 0.0, ""offered_bps"": 127989.18875732293, ""rtt_p95_ms"": 35.01414}}"
1785747035.0696788,fair-base8-w3-r01-u1-100-u2-025,1,1.0,0.25,EQUAL_100,1.0,0,12.990078993976507,12.990078993976507,1.0,0.0,1.0,8.102436411115848,10.546257702546177,2.4438212914303294,1.0,0.0,12.956550563758388,92.322673,0,"{""ue1"": {""delivered_bps"": 10546257.702546177, ""delivery_ratio"": 1.0, ""offered_bps"": 10546257.702546177}, ""ue2"": {""delivered_bps"": 2443821.2914303294, ""delivery_ratio"": 1.0, ""offered_bps"": 2443821.2914303294}, ""ue3"": {""delivered_bps"": 127989.91887699193, ""delivery_ratio"": 1.0, ""jitter_ms"": 12.956550563758388, ""loss_percent"": 0.0, ""offered_bps"": 127989.91887699193, ""rtt_p95_ms"": 92.322673}}"
1785747036.195104,fair-base8-w3-r01-u1-100-u2-025,1,1.0,0.25,EQUAL_100,1.0,1,14.0,14.0,1.0,0.0,1.0,8.4,11.2,2.8,1.0,0.0,14.425274825503353,112.631579,0,"{""ue1"": {""delivered_bps"": 11200000.0, ""delivery_ratio"": 1.0, ""offered_bps"": 11200000.0}, ""ue2"": {""delivered_bps"": 2800000.0, ""delivery_ratio"": 1.0, ""offered_bps"": 2800000.0}, ""ue3"": {""delivered_bps"": 127989.01086775948, ""delivery_ratio"": 1.0, ""jitter_ms"": 14.425274825503353, ""loss_percent"": 0.0, ""offered_bps"": 127989.01086775948, ""rtt_p95_ms"": 112.631579}}"
1785747037.3231566,fair-base8-w3-r01-u1-100-u2-025,1,1.0,0.25,EQUAL_100,1.0,2,14.0,14.0,1.0,0.0,1.0,8.4,11.2,2.8,1.0,0.0,13.141709604026847,97.174209,0,"{""ue1"": {""delivered_bps"": 11200000.0, ""delivery_ratio"": 1.0, ""offered_bps"": 11200000.0}, ""ue2"": {""delivered_bps"": 2800000.0, ""delivery_ratio"": 1.0, ""offered_bps"": 2800000.0}, ""ue3"": {""delivered_bps"": 127989.80689015378, ""delivery_ratio"": 1.0, ""jitter_ms"": 13.141709604026847, ""loss_percent"": 0.0, ""offered_bps"": 127989.80689015378, ""rtt_p95_ms"": 97.174209}}"
1785747042.622294,fair-base8-w3-r01-u1-100-u2-025,1,1.0,0.25,MEDIUM_70,0.7,0,9.092995864288763,9.092995864288763,1.0,0.0,1.0,5.671646056286304,7.382320960287534,1.7106749040012306,1.0,0.0,12.714766308724831,67.449885,0,"{""ue1"": {""delivered_bps"": 7382320.960287534, ""delivery_ratio"": 1.0, ""offered_bps"": 7382320.960287534}, ""ue2"": {""delivered_bps"": 1710674.9040012306, ""delivery_ratio"": 1.0, ""offered_bps"": 1710674.9040012306}, ""ue3"": {""delivered_bps"": 127990.4703440728, ""delivery_ratio"": 1.0, ""jitter_ms"": 12.714766308724831, ""loss_percent"": 0.0, ""offered_bps"": 127990.4703440728, ""rtt_p95_ms"": 67.449885}}"
1785747043.7643914,fair-base8-w3-r01-u1-100-u2-025,1,1.0,0.25,MEDIUM_70,0.7,1,9.799999999999999,9.799999999999999,1.0,0.0,1.0,5.879999999999999,7.839999999999999,1.9599999999999997,1.0,0.0,11.199021033557052,39.88237,1,"{""ue1"": {""delivered_bps"": 7839999.999999999, ""delivery_ratio"": 1.0, ""offered_bps"": 7839999.999999999}, ""ue2"": {""delivered_bps"": 1959999.9999999998, ""delivery_ratio"": 1.0, ""offered_bps"": 1959999.9999999998}, ""ue3"": {""delivered_bps"": 125429.35268259395, ""delivery_ratio"": 1.0, ""jitter_ms"": 11.199021033557052, ""loss_percent"": 0.0, ""offered_bps"": 127989.13539040198, ""rtt_p95_ms"": 39.88237}}"
1785747044.9451294,fair-base8-w3-r01-u1-100-u2-025,1,1.0,0.25,MEDIUM_70,0.7,2,9.222459494737693,9.222459494737693,1.0,0.0,1.0,6.457540505262305,7.839999999999999,1.3824594947376942,1.0,0.0,11.555512624161071,45.763638,1,"{""ue1"": {""delivered_bps"": 7839999.999999999, ""delivery_ratio"": 1.0, ""offered_bps"": 7839999.999999999}, ""ue2"": {""delivered_bps"": 1382459.4947376943, ""delivery_ratio"": 1.0, ""offered_bps"": 1382459.4947376943}, ""ue3"": {""delivered_bps"": 127991.18934127803, ""delivery_ratio"": 1.0, ""jitter_ms"": 11.555512624161071, ""loss_percent"": 0.0, ""offered_bps"": 127991.18934127803, ""rtt_p95_ms"": 45.763638}}"
1785747050.3270519,fair-base8-w3-r01-u1-100-u2-025,1,1.0,0.25,LIGHT_85,0.85,0,11.04143265581501,11.04143265581501,1.0,0.0,1.0,6.886936460383449,8.964184558099229,2.07724809771578,1.0,0.0,11.918247476510064,80.978541,0,"{""ue1"": {""delivered_bps"": 8964184.558099229, ""delivery_ratio"": 1.0, ""offered_bps"": 8964184.558099229}, ""ue2"": {""delivered_bps"": 2077248.09771578, ""delivery_ratio"": 1.0, ""offered_bps"": 2077248.09771578}, ""ue3"": {""delivered_bps"": 130547.80931778614, ""delivery_ratio"": 1.0, ""jitter_ms"": 11.918247476510064, ""loss_percent"": 0.0, ""offered_bps"": 127988.04835077074, ""rtt_p95_ms"": 80.978541}}"
1785747051.465132,fair-base8-w3-r01-u1-100-u2-025,1,1.0,0.25,LIGHT_85,0.85,1,11.19870081503863,11.19870081503863,1.0,0.0,1.0,7.841299184961371,9.52,1.6787008150386287,1.0,0.0,10.92639831543624,54.078249,1,"{""ue1"": {""delivered_bps"": 9520000.0, ""delivery_ratio"": 1.0, ""offered_bps"": 9520000.0}, ""ue2"": {""delivered_bps"": 1678700.8150386286, ""delivery_ratio"": 1.0, ""offered_bps"": 1678700.8150386286}, ""ue3"": {""delivered_bps"": 127989.73304435358, ""delivery_ratio"": 1.0, ""jitter_ms"": 10.92639831543624, ""loss_percent"": 0.0, ""offered_bps"": 127989.73304435358, ""rtt_p95_ms"": 54.078249}}"
1785747052.6212835,fair-base8-w3-r01-u1-100-u2-025,1,1.0,0.25,LIGHT_85,0.85,2,11.9,11.9,1.0,0.0,1.0,7.14,9.52,2.38,1.0,0.0,11.7906747,82.125405,0,"{""ue1"": {""delivered_bps"": 9520000.0, ""delivery_ratio"": 1.0, ""offered_bps"": 9520000.0}, ""ue2"": {""delivered_bps"": 2380000.0, ""delivery_ratio"": 1.0, ""offered_bps"": 2380000.0}, ""ue3"": {""delivered_bps"": 127990.10611066251, ""delivery_ratio"": 1.0, ""jitter_ms"": 11.7906747, ""loss_percent"": 0.0, ""offered_bps"": 127990.10611066251, ""rtt_p95_ms"": 82.125405}}"
1785747058.006925,fair-base8-w3-r01-u1-025-u2-055,1,0.25,0.55,STRONG_40,0.4,0,3.205171545701139,3.205171545701139,1.0,0.0,1.0,1.0959539272162415,1.0546088092424488,2.1505627364586903,1.0,0.0,10.026679866666665,36.42649,1,"{""ue1"": {""delivered_bps"": 1054608.8092424488, ""delivery_ratio"": 1.0, ""offered_bps"": 1054608.8092424488}, ""ue2"": {""delivered_bps"": 2150562.7364586904, ""delivery_ratio"": 1.0, ""offered_bps"": 2150562.7364586904}, ""ue3"": {""delivered_bps"": 127990.22948077247, ""delivery_ratio"": 1.0, ""jitter_ms"": 10.026679866666665, ""loss_percent"": 0.0, ""offered_bps"": 127990.22948077247, ""rtt_p95_ms"": 36.42649}}"
1785747059.1370382,fair-base8-w3-r01-u1-025-u2-055,1,0.25,0.55,STRONG_40,0.4,1,3.584,3.584,1.0,0.0,1.0,1.344,1.12,2.464,1.0,0.0,10.19900618918919,36.932278,1,"{""ue1"": {""delivered_bps"": 1120000.0, ""delivery_ratio"": 1.0, ""offered_bps"": 1120000.0}, ""ue2"": {""delivered_bps"": 2464000.0, ""delivery_ratio"": 1.0, ""offered_bps"": 2464000.0}, ""ue3"": {""delivered_bps"": 125431.62868922688, ""delivery_ratio"": 1.0, ""jitter_ms"": 10.19900618918919, ""loss_percent"": 0.0, ""offered_bps"": 127991.45784614989, ""rtt_p95_ms"": 36.932278}}"
1785747060.245708,fair-base8-w3-r01-u1-025-u2-055,1,0.25,0.55,STRONG_40,0.4,2,3.584,3.584,1.0,0.0,1.0,1.344,1.12,2.464,1.0,0.0,9.787696161073825,36.830635,1,"{""ue1"": {""delivered_bps"": 1120000.0, ""delivery_ratio"": 1.0, ""offered_bps"": 1120000.0}, ""ue2"": {""delivered_bps"": 2464000.0, ""delivery_ratio"": 1.0, ""offered_bps"": 2464000.0}, ""ue3"": {""delivered_bps"": 130549.72391072629, ""delivery_ratio"": 1.0, ""jitter_ms"": 9.787696161073825, ""loss_percent"": 0.0, ""offered_bps"": 127989.92540267283, ""rtt_p95_ms"": 36.830635}}"
1785747065.408389,fair-base8-w3-r01-u1-025-u2-055,1,0.25,0.55,EQUAL_100,1.0,0,8.012943382849855,8.012943382849855,1.0,0.0,1.0,2.739870299443595,2.63653654170313,5.376406841146725,1.0,0.0,11.532701601351345,42.055971,1,"{""ue1"": {""delivered_bps"": 2636536.54170313, ""delivery_ratio"": 1.0, ""offered_bps"": 2636536.54170313}, ""ue2"": {""delivered_bps"": 5376406.841146725, ""delivery_ratio"": 1.0, ""offered_bps"": 5376406.841146725}, ""ue3"": {""delivered_bps"": 127984.96778288469, ""delivery_ratio"": 1.0, ""jitter_ms"": 11.532701601351345, ""loss_percent"": 0.0, ""offered_bps"": 127984.96778288469, ""rtt_p95_ms"": 42.055971}}"
1785747066.5147612,fair-base8-w3-r01-u1-025-u2-055,1,0.25,0.55,EQUAL_100,1.0,1,8.96,8.96,1.0,0.0,1.0,3.36,2.8,6.16,0.9933333333333333,0.6666666666666666,11.566124299319728,43.40084,1,"{""ue1"": {""delivered_bps"": 2800000.0, ""delivery_ratio"": 1.0, ""offered_bps"": 2800000.0}, ""ue2"": {""delivered_bps"": 6160000.0, ""delivery_ratio"": 1.0, ""offered_bps"": 6160000.0}, ""ue3"": {""delivered_bps"": 115191.42146592142, ""delivery_ratio"": 0.9933333333333333, ""jitter_ms"": 11.566124299319728, ""loss_percent"": 0.6666666666666666, ""offered_bps"": 127990.46829546825, ""rtt_p95_ms"": 43.40084}}"
1785747067.6588798,fair-base8-w3-r01-u1-025-u2-055,1,0.25,0.55,EQUAL_100,1.0,2,7.14487269774704,7.14487269774704,1.0,0.0,1.0,1.5448726977470395,2.8,4.344872697747039,1.0,0.0,11.252245128378371,49.813356,1,"{""ue1"": {""delivered_bps"": 2800000.0, ""delivery_ratio"": 1.0, ""offered_bps"": 2800000.0}, ""ue2"": {""delivered_bps"": 4344872.69774704, ""delivery_ratio"": 1.0, ""offered_bps"": 4344872.69774704}, ""ue3"": {""delivered_bps"": 138229.86208196176, ""delivery_ratio"": 1.0, ""jitter_ms"": 11.252245128378371, ""loss_percent"": 0.0, ""offered_bps"": 127990.6130388535, ""rtt_p95_ms"": 49.813356}}"
1785747072.914823,fair-base8-w3-r01-u1-025-u2-055,1,0.25,0.55,MEDIUM_70,0.7,0,5.609105150954112,5.609105150954112,1.0,0.0,1.0,1.9178644266513039,1.8456203621514036,3.7634847888027076,1.0,0.0,11.910486255033558,51.616925,1,"{""ue1"": {""delivered_bps"": 1845620.3621514037, ""delivery_ratio"": 1.0, ""offered_bps"": 1845620.3621514037}, ""ue2"": {""delivered_bps"": 3763484.7888027076, ""delivery_ratio"": 1.0, ""offered_bps"": 3763484.7888027076}, ""ue3"": {""delivered_bps"": 127990.48262825205, ""delivery_ratio"": 1.0, ""jitter_ms"": 11.910486255033558, ""loss_percent"": 0.0, ""offered_bps"": 127990.48262825205, ""rtt_p95_ms"": 51.616925}}"
1785747074.069171,fair-base8-w3-r01-u1-025-u2-055,1,0.25,0.55,MEDIUM_70,0.7,1,6.271999999999999,6.271999999999999,1.0,0.0,1.0,2.351999999999999,1.9599999999999997,4.311999999999999,1.0,0.0,12.681176766666672,82.413914,0,"{""ue1"": {""delivered_bps"": 1959999.9999999998, ""delivery_ratio"": 1.0, ""offered_bps"": 1959999.9999999998}, ""ue2"": {""delivered_bps"": 4311999.999999999, ""delivery_ratio"": 1.0, ""offered_bps"": 4311999.999999999}, ""ue3"": {""delivered_bps"": 130550.25285240904, ""delivery_ratio"": 1.0, ""jitter_ms"": 12.681176766666672, ""loss_percent"": 0.0, ""offered_bps"": 127990.44397295004, ""rtt_p95_ms"": 82.413914}}"
1785747075.23614,fair-base8-w3-r01-u1-025-u2-055,1,0.25,0.55,MEDIUM_70,0.7,2,5.001410888422928,5.001410888422928,1.0,0.0,1.0,1.081410888422928,1.9599999999999997,3.0414108884229276,1.0,0.0,13.464695912751685,101.360128,0,"{""ue1"": {""delivered_bps"": 1959999.9999999998, ""delivery_ratio"": 1.0, ""offered_bps"": 1959999.9999999998}, ""ue2"": {""delivered_bps"": 3041410.888422928, ""delivery_ratio"": 1.0, ""offered_bps"": 3041410.888422928}, ""ue3"": {""delivered_bps"": 125429.59712000385, ""delivery_ratio"": 1.0, ""jitter_ms"": 13.464695912751685, ""loss_percent"": 0.0, ""offered_bps"": 127989.38481633045, ""rtt_p95_ms"": 101.360128}}"
1785747080.6490831,fair-base8-w3-r01-u1-025-u2-055,1,0.25,0.55,LIGHT_85,0.85,0,6.810986632375879,6.810986632375879,1.0,0.0,1.0,2.328904997573554,2.2410408174011627,4.569945814974717,1.0,0.0,10.825076348993287,38.487867,1,"{""ue1"": {""delivered_bps"": 2241040.817401163, ""delivery_ratio"": 1.0, ""offered_bps"": 2241040.817401163}, ""ue2"": {""delivered_bps"": 4569945.814974717, ""delivery_ratio"": 1.0, ""offered_bps"": 4569945.814974717}, ""ue3"": {""delivered_bps"": 130547.94638137448, ""delivery_ratio"": 1.0, ""jitter_ms"": 10.825076348993287, ""loss_percent"": 0.0, ""offered_bps"": 127988.18272683772, ""rtt_p95_ms"": 38.487867}}"
1785747081.7808175,fair-base8-w3-r01-u1-025-u2-055,1,0.25,0.55,LIGHT_85,0.85,1,7.616,7.616,1.0,0.0,1.0,2.856,2.38,5.236,1.0,0.0,11.293411626666666,78.218923,0,"{""ue1"": {""delivered_bps"": 2380000.0, ""delivery_ratio"": 1.0, ""offered_bps"": 2380000.0}, ""ue2"": {""delivered_bps"": 5236000.0, ""delivery_ratio"": 1.0, ""offered_bps"": 5236000.0}, ""ue3"": {""delivered_bps"": 127989.80560885802, ""delivery_ratio"": 1.0, ""jitter_ms"": 11.293411626666666, ""loss_percent"": 0.0, ""offered_bps"": 127989.80560885802, ""rtt_p95_ms"": 78.218923}}"
1785747082.9119797,fair-base8-w3-r01-u1-025-u2-055,1,0.25,0.55,LIGHT_85,0.85,2,6.073141793084984,6.073141793084984,1.0,0.0,1.0,1.3131417930849838,2.38,3.6931417930849837,1.0,0.0,11.218061733333329,98.207012,0,"{""ue1"": {""delivered_bps"": 2380000.0, ""delivery_ratio"": 1.0, ""offered_bps"": 2380000.0}, ""ue2"": {""delivered_bps"": 3693141.7930849837, ""delivery_ratio"": 1.0, ""offered_bps"": 3693141.7930849837}, ""ue3"": {""delivered_bps"": 130548.82214692087, ""delivery_ratio"": 1.0, ""jitter_ms"": 11.218061733333329, ""loss_percent"": 0.0, ""offered_bps"": 127989.04132051065, ""rtt_p95_ms"": 98.207012}}"
1785747088.1637123,fair-base8-w3-r01-u1-025-u2-100,1,0.25,1.0,STRONG_40,0.4,0,4.9647256679722735,4.9647256679722735,1.0,0.0,1.0,2.855502464604781,1.0546116016837461,3.910114066288527,1.0,0.0,10.213398812080534,38.090475,1,"{""ue1"": {""delivered_bps"": 1054611.601683746, ""delivery_ratio"": 1.0, ""offered_bps"": 1054611.601683746}, ""ue2"": {""delivered_bps"": 3910114.066288527, ""delivery_ratio"": 1.0, ""offered_bps"": 3910114.066288527}, ""ue3"": {""delivered_bps"": 127989.2508251044, ""delivery_ratio"": 1.0, ""jitter_ms"": 10.213398812080534, ""loss_percent"": 0.0, ""offered_bps"": 127989.2508251044, ""rtt_p95_ms"": 38.090475}}"
1785747089.2881713,fair-base8-w3-r01-u1-025-u2-100,1,0.25,1.0,STRONG_40,0.4,1,5.6,5.6,1.0,0.0,1.0,3.36,1.12,4.48,1.0,0.0,10.13832222,34.064804,1,"{""ue1"": {""delivered_bps"": 1120000.0, ""delivery_ratio"": 1.0, ""offered_bps"": 1120000.0}, ""ue2"": {""delivered_bps"": 4480000.0, ""delivery_ratio"": 1.0, ""offered_bps"": 4480000.0}, ""ue3"": {""delivered_bps"": 130548.61211529918, ""delivery_ratio"": 1.0, ""jitter_ms"": 10.13832222, ""loss_percent"": 0.0, ""offered_bps"": 127988.83540715608, ""rtt_p95_ms"": 34.064804}}"
1785747090.4521687,fair-base8-w3-r01-u1-025-u2-100,1,0.25,1.0,STRONG_40,0.4,2,4.279907416543301,4.279907416543301,1.0,0.0,1.0,2.0399074165433015,1.12,3.1599074165433017,1.0,0.0,9.890349139999998,37.563246,1,"{""ue1"": {""delivered_bps"": 1120000.0, ""delivery_ratio"": 1.0, ""offered_bps"": 1120000.0}, ""ue2"": {""delivered_bps"": 3159907.4165433017, ""delivery_ratio"": 1.0, ""offered_bps"": 3159907.4165433017}, ""ue3"": {""delivered_bps"": 127989.99553143633, ""delivery_ratio"": 1.0, ""jitter_ms"": 9.890349139999998, ""loss_percent"": 0.0, ""offered_bps"": 127989.99553143633, ""rtt_p95_ms"": 37.563246}}"
1785747095.6796649,fair-base8-w3-r01-u1-025-u2-100,1,0.25,1.0,EQUAL_100,1.0,0,12.411938207311627,12.411938207311627,1.0,0.0,1.0,7.13863212413101,2.636653041590308,9.775285165721318,1.0,0.0,12.054477228187915,51.227468,1,"{""ue1"": {""delivered_bps"": 2636653.041590308, ""delivery_ratio"": 1.0, ""offered_bps"": 2636653.041590308}, ""ue2"": {""delivered_bps"": 9775285.165721318, ""delivery_ratio"": 1.0, ""offered_bps"": 9775285.165721318}, ""ue3"": {""delivered_bps"": 125430.10708128357, ""delivery_ratio"": 1.0, ""jitter_ms"": 12.054477228187915, ""loss_percent"": 0.0, ""offered_bps"": 127989.90518498323, ""rtt_p95_ms"": 51.227468}}"
1785747096.830958,fair-base8-w3-r01-u1-025-u2-100,1,0.25,1.0,EQUAL_100,1.0,1,14.0,14.0,1.0,0.0,1.0,8.4,2.8,11.2,1.0,0.0,13.810250194630868,103.871862,0,"{""ue1"": {""delivered_bps"": 2800000.0, ""delivery_ratio"": 1.0, ""offered_bps"": 2800000.0}, ""ue2"": {""delivered_bps"": 11200000.0, ""delivery_ratio"": 1.0, ""offered_bps"": 11200000.0}, ""ue3"": {""delivered_bps"": 130549.55772641975, ""delivery_ratio"": 1.0, ""jitter_ms"": 13.810250194630868, ""loss_percent"": 0.0, ""offered_bps"": 127989.76247688211, ""rtt_p95_ms"": 103.871862}}"
1785747097.9598997,fair-base8-w3-r01-u1-025-u2-100,1,0.25,1.0,EQUAL_100,1.0,2,10.699768541358253,10.699768541358253,1.0,0.0,1.0,5.099768541358253,2.8,7.899768541358253,1.0,0.0,14.159269328859061,107.407244,0,"{""ue1"": {""delivered_bps"": 2800000.0, ""delivery_ratio"": 1.0, ""offered_bps"": 2800000.0}, ""ue2"": {""delivered_bps"": 7899768.541358253, ""delivery_ratio"": 1.0, ""offered_bps"": 7899768.541358253}, ""ue3"": {""delivered_bps"": 125428.31861404232, ""delivery_ratio"": 1.0, ""jitter_ms"": 14.159269328859061, ""loss_percent"": 0.0, ""offered_bps"": 127988.08021841053, ""rtt_p95_ms"": 107.407244}}"
1785747103.140921,fair-base8-w3-r01-u1-025-u2-100,1,0.25,1.0,MEDIUM_70,0.7,0,8.688276402706265,8.688276402706265,1.0,0.0,1.0,4.9971228293035805,1.8455767867013422,6.842699616004922,1.0,0.0,12.876915266666662,67.600796,0,"{""ue1"": {""delivered_bps"": 1845576.786701342, ""delivery_ratio"": 1.0, ""offered_bps"": 1845576.786701342}, ""ue2"": {""delivered_bps"": 6842699.616004922, ""delivery_ratio"": 1.0, ""offered_bps"": 6842699.616004922}, ""ue3"": {""delivered_bps"": 130548.03723298415, ""delivery_ratio"": 1.0, ""jitter_ms"": 12.876915266666662, ""loss_percent"": 0.0, ""offered_bps"": 127988.27179704329, ""rtt_p95_ms"": 67.600796}}"
1785747104.2578647,fair-base8-w3-r01-u1-025-u2-100,1,0.25,1.0,MEDIUM_70,0.7,1,9.799999999999999,9.799999999999999,1.0,0.0,1.0,5.879999999999999,1.9599999999999997,7.839999999999999,0.9933333333333333,0.6666666666666666,13.353469809523812,97.530623,0,"{""ue1"": {""delivered_bps"": 1959999.9999999998, ""delivery_ratio"": 1.0, ""offered_bps"": 1959999.9999999998}, ""ue2"": {""delivered_bps"": 7839999.999999999, ""delivery_ratio"": 1.0, ""offered_bps"": 7839999.999999999}, ""ue3"": {""delivered_bps"": 117751.95024266592, ""delivery_ratio"": 0.9933333333333333, ""jitter_ms"": 13.353469809523812, ""loss_percent"": 0.6666666666666666, ""offered_bps"": 127991.2502637673, ""rtt_p95_ms"": 97.530623}}"
1785747105.3677425,fair-base8-w3-r01-u1-025-u2-100,1,0.25,1.0,MEDIUM_70,0.7,2,7.489837978950777,7.489837978950777,1.0,0.0,1.0,3.569837978950777,1.9599999999999997,5.529837978950777,1.0,0.0,12.52539036,86.493369,0,"{""ue1"": {""delivered_bps"": 1959999.9999999998, ""delivery_ratio"": 1.0, ""offered_bps"": 1959999.9999999998}, ""ue2"": {""delivered_bps"": 5529837.978950777, ""delivery_ratio"": 1.0, ""offered_bps"": 5529837.978950777}, ""ue3"": {""delivered_bps"": 138229.05184584673, ""delivery_ratio"": 1.0, ""jitter_ms"": 12.52539036, ""loss_percent"": 0.0, ""offered_bps"": 127989.86282022845, ""rtt_p95_ms"": 86.493369}}"
1785747110.7071702,fair-base8-w3-r01-u1-025-u2-100,1,0.25,1.0,LIGHT_85,0.85,0,10.55004875713552,10.55004875713552,1.0,0.0,1.0,6.0679360245907175,2.241056366272402,8.30899239086312,1.0,0.0,11.60497829054054,39.064082,1,"{""ue1"": {""delivered_bps"": 2241056.366272402, ""delivery_ratio"": 1.0, ""offered_bps"": 2241056.366272402}, ""ue2"": {""delivered_bps"": 8308992.39086312, ""delivery_ratio"": 1.0, ""offered_bps"": 8308992.39086312}, ""ue3"": {""delivered_bps"": 127988.42728470349, ""delivery_ratio"": 1.0, ""jitter_ms"": 11.60497829054054, ""loss_percent"": 0.0, ""offered_bps"": 127988.42728470349, ""rtt_p95_ms"": 39.064082}}"
1785747111.8423352,fair-base8-w3-r01-u1-025-u2-100,1,0.25,1.0,LIGHT_85,0.85,1,11.9,11.9,1.0,0.0,1.0,7.14,2.38,9.52,1.0,0.0,13.210472610738258,119.516209,0,"{""ue1"": {""delivered_bps"": 2380000.0, ""delivery_ratio"": 1.0, ""offered_bps"": 2380000.0}, ""ue2"": {""delivered_bps"": 9520000.0, ""delivery_ratio"": 1.0, ""offered_bps"": 9520000.0}, ""ue3"": {""delivered_bps"": 127989.45021416256, ""delivery_ratio"": 1.0, ""jitter_ms"": 13.210472610738258, ""loss_percent"": 0.0, ""offered_bps"": 127989.45021416256, ""rtt_p95_ms"": 119.516209}}"
1785747113.011623,fair-base8-w3-r01-u1-025-u2-100,1,0.25,1.0,LIGHT_85,0.85,2,9.094803260154515,9.094803260154515,1.0,0.0,1.0,4.334803260154515,2.38,6.714803260154515,1.0,0.0,13.256309852348991,111.584083,0,"{""ue1"": {""delivered_bps"": 2380000.0, ""delivery_ratio"": 1.0, ""offered_bps"": 2380000.0}, ""ue2"": {""delivered_bps"": 6714803.260154515, ""delivery_ratio"": 1.0, ""offered_bps"": 6714803.260154515}, ""ue3"": {""delivered_bps"": 127989.15266536776, ""delivery_ratio"": 1.0, ""jitter_ms"": 13.256309852348991, ""loss_percent"": 0.0, ""offered_bps"": 127989.15266536776, ""rtt_p95_ms"": 111.584083}}"
1785747118.3584116,fair-base8-w3-r01-u1-055-u2-025,1,0.55,0.25,EQUAL_100,1.0,0,8.244267858223846,8.244267858223846,1.0,0.0,1.0,3.3566252753631876,5.800446566793517,2.4438212914303294,1.0,0.0,10.665669161073824,38.585555,1,"{""ue1"": {""delivered_bps"": 5800446.566793517, ""delivery_ratio"": 1.0, ""offered_bps"": 5800446.566793517}, ""ue2"": {""delivered_bps"": 2443821.2914303294, ""delivery_ratio"": 1.0, ""offered_bps"": 2443821.2914303294}, ""ue3"": {""delivered_bps"": 125430.03621617246, ""delivery_ratio"": 1.0, ""jitter_ms"": 10.665669161073824, ""loss_percent"": 0.0, ""offered_bps"": 127989.83287364537, ""rtt_p95_ms"": 38.585555}}"
1785747119.536024,fair-base8-w3-r01-u1-055-u2-025,1,0.55,0.25,EQUAL_100,1.0,1,8.96,8.96,1.0,0.0,1.0,3.36,6.16,2.8,1.0,0.0,11.242160479999995,40.595455,1,"{""ue1"": {""delivered_bps"": 6160000.0, ""delivery_ratio"": 1.0, ""offered_bps"": 6160000.0}, ""ue2"": {""delivered_bps"": 2800000.0, ""delivery_ratio"": 1.0, ""offered_bps"": 2800000.0}, ""ue3"": {""delivered_bps"": 130556.88974339477, ""delivery_ratio"": 1.0, ""jitter_ms"": 11.242160479999995, ""loss_percent"": 0.0, ""offered_bps"": 127996.9507288184, ""rtt_p95_ms"": 40.595455}}"
1785747120.66991,fair-base8-w3-r01-u1-055-u2-025,1,0.55,0.25,EQUAL_100,1.0,2,8.96,8.96,1.0,0.0,1.0,3.36,6.16,2.8,0.9867549668874173,1.3245033112582782,11.123513517006804,39.940793,1,"{""ue1"": {""delivered_bps"": 6160000.0, ""delivery_ratio"": 1.0, ""offered_bps"": 6160000.0}, ""ue2"": {""delivered_bps"": 2800000.0, ""delivery_ratio"": 1.0, ""offered_bps"": 2800000.0}, ""ue3"": {""delivered_bps"": 122748.58437919758, ""delivery_ratio"": 0.9867549668874173, ""jitter_ms"": 11.123513517006804, ""loss_percent"": 1.3245033112582782, ""offered_bps"": 130420.37090289743, ""rtt_p95_ms"": 39.940793}}"
1785747125.91202,fair-base8-w3-r01-u1-055-u2-025,1,0.55,0.25,MEDIUM_70,0.7,0,5.770975710833588,5.770975710833588,1.0,0.0,1.0,2.3496259028311277,4.060300806832358,1.7106749040012306,1.0,0.0,10.742903154362416,39.595138,1,"{""ue1"": {""delivered_bps"": 4060300.8068323582, ""delivery_ratio"": 1.0, ""offered_bps"": 4060300.8068323582}, ""ue2"": {""delivered_bps"": 1710674.9040012306, ""delivery_ratio"": 1.0, ""offered_bps"": 1710674.9040012306}, ""ue3"": {""delivered_bps"": 130549.73579461865, ""delivery_ratio"": 1.0, ""jitter_ms"": 10.742903154362416, ""loss_percent"": 0.0, ""offered_bps"": 127989.93705354769, ""rtt_p95_ms"": 39.595138}}"
1785747127.0282989,fair-base8-w3-r01-u1-055-u2-025,1,0.55,0.25,MEDIUM_70,0.7,1,6.271999999999999,6.271999999999999,1.0,0.0,1.0,2.351999999999999,4.311999999999999,1.9599999999999997,1.0,0.0,9.585299120000002,38.255239,1,"{""ue1"": {""delivered_bps"": 4311999.999999999, ""delivery_ratio"": 1.0, ""offered_bps"": 4311999.999999999}, ""ue2"": {""delivered_bps"": 1959999.9999999998, ""delivery_ratio"": 1.0, ""offered_bps"": 1959999.9999999998}, ""ue3"": {""delivered_bps"": 127991.51914882402, ""delivery_ratio"": 1.0, ""jitter_ms"": 9.585299120000002, ""loss_percent"": 0.0, ""offered_bps"": 127991.51914882402, ""rtt_p95_ms"": 38.255239}}"
1785747128.147585,fair-base8-w3-r01-u1-055-u2-025,1,0.55,0.25,MEDIUM_70,0.7,2,6.271999999999999,6.271999999999999,1.0,0.0,1.0,2.351999999999999,4.311999999999999,1.9599999999999997,1.0,0.0,9.25726955333333,38.255239,1,"{""ue1"": {""delivered_bps"": 4311999.999999999, ""delivery_ratio"": 1.0, ""offered_bps"": 4311999.999999999}, ""ue2"": {""delivered_bps"": 1959999.9999999998, ""delivery_ratio"": 1.0, ""offered_bps"": 1959999.9999999998}, ""ue3"": {""delivered_bps"": 127990.7957973999, ""delivery_ratio"": 1.0, ""jitter_ms"": 9.25726955333333, ""loss_percent"": 0.0, ""offered_bps"": 127990.7957973999, ""rtt_p95_ms"": 38.255239}}"
1785747133.374372,fair-base8-w3-r01-u1-055-u2-025,1,0.55,0.25,LIGHT_85,0.85,0,7.007578631201345,7.007578631201345,1.0,0.0,1.0,2.8530824357697853,4.930330533485566,2.07724809771578,1.0,0.0,10.560195736486481,41.144255,1,"{""ue1"": {""delivered_bps"": 4930330.533485565, ""delivery_ratio"": 1.0, ""offered_bps"": 4930330.533485565}, ""ue2"": {""delivered_bps"": 2077248.09771578, ""delivery_ratio"": 1.0, ""offered_bps"": 2077248.09771578}, ""ue3"": {""delivered_bps"": 125431.87653029762, ""delivery_ratio"": 1.0, ""jitter_ms"": 10.560195736486481, ""loss_percent"": 0.0, ""offered_bps"": 127991.71074520165, ""rtt_p95_ms"": 41.144255}}"
1785747134.488271,fair-base8-w3-r01-u1-055-u2-025,1,0.55,0.25,LIGHT_85,0.85,1,7.616,7.616,1.0,0.0,1.0,2.856,5.236,2.38,1.0,0.0,12.261392486486487,100.54541,0,"{""ue1"": {""delivered_bps"": 5236000.0, ""delivery_ratio"": 1.0, ""offered_bps"": 5236000.0}, ""ue2"": {""delivered_bps"": 2380000.0, ""delivery_ratio"": 1.0, ""offered_bps"": 2380000.0}, ""ue3"": {""delivered_bps"": 127991.06954509723, ""delivery_ratio"": 1.0, ""jitter_ms"": 12.261392486486487, ""loss_percent"": 0.0, ""offered_bps"": 127991.06954509723, ""rtt_p95_ms"": 100.54541}}"
1785747135.6241426,fair-base8-w3-r01-u1-055-u2-025,1,0.55,0.25,LIGHT_85,0.85,2,6.914700815038628,6.914700815038628,1.0,0.0,1.0,3.557299184961371,5.236,1.6787008150386287,1.0,0.0,12.148386510067114,100.54541,0,"{""ue1"": {""delivered_bps"": 5236000.0, ""delivery_ratio"": 1.0, ""offered_bps"": 5236000.0}, ""ue2"": {""delivered_bps"": 1678700.8150386286, ""delivery_ratio"": 1.0, ""offered_bps"": 1678700.8150386286}, ""ue3"": {""delivered_bps"": 130550.60179730706, ""delivery_ratio"": 1.0, ""jitter_ms"": 12.148386510067114, ""loss_percent"": 0.0, ""offered_bps"": 127990.78607579123, ""rtt_p95_ms"": 100.54541}}"
1785747140.852075,fair-base8-w3-r01-u1-055-u2-025,1,0.55,0.25,STRONG_40,0.4,0,3.297670702107224,3.297670702107224,1.0,0.0,1.0,1.3426136689629606,2.3201421855350923,0.9775285165721318,1.0,0.0,11.932146261744974,38.65127,1,"{""ue1"": {""delivered_bps"": 2320142.1855350924, ""delivery_ratio"": 1.0, ""offered_bps"": 2320142.1855350924}, ""ue2"": {""delivered_bps"": 977528.5165721318, ""delivery_ratio"": 1.0, ""offered_bps"": 977528.5165721318}, ""ue3"": {""delivered_bps"": 125430.86536561632, ""delivery_ratio"": 1.0, ""jitter_ms"": 11.932146261744974, ""loss_percent"": 0.0, ""offered_bps"": 127990.67894450645, ""rtt_p95_ms"": 38.65127}}"
1785747141.989722,fair-base8-w3-r01-u1-055-u2-025,1,0.55,0.25,STRONG_40,0.4,1,3.2539768541358254,3.2539768541358254,1.0,0.0,1.0,1.6740231458641748,2.464,0.7899768541358254,0.9933333333333333,0.6666666666666666,11.732082217687076,35.707751,1,"{""ue1"": {""delivered_bps"": 2464000.0, ""delivery_ratio"": 1.0, ""offered_bps"": 2464000.0}, ""ue2"": {""delivered_bps"": 789976.8541358254, ""delivery_ratio"": 1.0, ""offered_bps"": 789976.8541358254}, ""ue3"": {""delivered_bps"": 125431.23951034447, ""delivery_ratio"": 0.9933333333333333, ""jitter_ms"": 11.732082217687076, ""loss_percent"": 0.6666666666666666, ""offered_bps"": 127991.0607248413, ""rtt_p95_ms"": 35.707751}}"
1785747143.1082866,fair-base8-w3-r01-u1-055-u2-025,1,0.55,0.25,STRONG_40,0.4,2,3.584,3.584,1.0,0.0,1.0,1.344,2.464,1.12,1.0,0.0,11.549142209459458,41.813255,1,"{""ue1"": {""delivered_bps"": 2464000.0, ""delivery_ratio"": 1.0, ""offered_bps"": 2464000.0}, ""ue2"": {""delivered_bps"": 1120000.0, ""delivery_ratio"": 1.0, ""offered_bps"": 1120000.0}, ""ue3"": {""delivered_bps"": 130549.50864852362, ""delivery_ratio"": 1.0, ""jitter_ms"": 11.549142209459458, ""loss_percent"": 0.0, ""offered_bps"": 127989.71436129768, ""rtt_p95_ms"": 41.813255}}"
1785747148.319271,fair-base8-w3-r01-u1-100-u2-015,1,1.0,0.15,EQUAL_100,1.0,0,12.012429048285961,12.012429048285961,1.0,0.0,1.0,9.079843498569566,10.546136273427765,1.4662927748581975,1.0,0.0,12.63675195302014,90.402594,0,"{""ue1"": {""delivered_bps"": 10546136.273427764, ""delivery_ratio"": 1.0, ""offered_bps"": 10546136.273427764}, ""ue2"": {""delivered_bps"": 1466292.7748581974, ""delivery_ratio"": 1.0, ""offered_bps"": 1466292.7748581974}, ""ue3"": {""delivered_bps"": 138228.9628321233, ""delivery_ratio"": 1.0, ""jitter_ms"": 12.63675195302014, ""loss_percent"": 0.0, ""offered_bps"": 127989.78040011416, ""rtt_p95_ms"": 90.402594}}"
1785747149.444986,fair-base8-w3-r01-u1-100-u2-015,1,1.0,0.15,EQUAL_100,1.0,1,12.88,12.88,1.0,0.0,1.0,9.52,11.2,1.68,1.0,0.0,14.064164771812093,109.99797,0,"{""ue1"": {""delivered_bps"": 11200000.0, ""delivery_ratio"": 1.0, ""offered_bps"": 11200000.0}, ""ue2"": {""delivered_bps"": 1680000.0, ""delivery_ratio"": 1.0, ""offered_bps"": 1680000.0}, ""ue3"": {""delivered_bps"": 125429.34502454873, ""delivery_ratio"": 1.0, ""jitter_ms"": 14.064164771812093, ""loss_percent"": 0.0, ""offered_bps"": 127989.12757607014, ""rtt_p95_ms"": 109.99797}}"
1785747150.5563035,fair-base8-w3-r01-u1-100-u2-015,1,1.0,0.15,EQUAL_100,1.0,2,12.88,12.88,1.0,0.0,1.0,9.52,11.2,1.68,1.0,0.0,12.29352365789473,107.870968,0,"{""ue1"": {""delivered_bps"": 11200000.0, ""delivery_ratio"": 1.0, ""offered_bps"": 11200000.0}, ""ue2"": {""delivered_bps"": 1680000.0, ""delivery_ratio"": 1.0, ""offered_bps"": 1680000.0}, ""ue3"": {""delivered_bps"": 127990.08281630276, ""delivery_ratio"": 1.0, ""jitter_ms"": 12.29352365789473, ""loss_percent"": 0.0, ""offered_bps"": 127990.08281630276, ""rtt_p95_ms"": 107.870968}}"
1785747155.8138816,fair-base8-w3-r01-u1-100-u2-015,1,1.0,0.15,LIGHT_85,0.85,0,10.210642852871064,10.210642852871064,1.0,0.0,1.0,7.717945135612127,8.964293994241595,1.246348858629468,1.0,0.0,14.099337539999997,104.652829,0,"{""ue1"": {""delivered_bps"": 8964293.994241595, ""delivery_ratio"": 1.0, ""offered_bps"": 8964293.994241595}, ""ue2"": {""delivered_bps"": 1246348.858629468, ""delivery_ratio"": 1.0, ""offered_bps"": 1246348.858629468}, ""ue3"": {""delivered_bps"": 127989.56667744537, ""delivery_ratio"": 1.0, ""jitter_ms"": 14.099337539999997, ""loss_percent"": 0.0, ""offered_bps"": 127989.56667744537, ""rtt_p95_ms"": 104.652829}}"
1785747156.9301527,fair-base8-w3-r01-u1-100-u2-015,1,1.0,0.15,LIGHT_85,0.85,1,10.948,10.948,1.0,0.0,1.0,8.092,9.52,1.428,1.0,0.0,13.737683953020134,102.749921,0,"{""ue1"": {""delivered_bps"": 9520000.0, ""delivery_ratio"": 1.0, ""offered_bps"": 9520000.0}, ""ue2"": {""delivered_bps"": 1428000.0, ""delivery_ratio"": 1.0, ""offered_bps"": 1428000.0}, ""ue3"": {""delivered_bps"": 125429.69594502769, ""delivery_ratio"": 1.0, ""jitter_ms"": 13.737683953020134, ""loss_percent"": 0.0, ""offered_bps"": 127989.48565819152, ""rtt_p95_ms"": 102.749921}}"
1785747158.0704513,fair-base8-w3-r01-u1-100-u2-015,1,1.0,0.15,LIGHT_85,0.85,2,10.948,10.948,1.0,0.0,1.0,8.092,9.52,1.428,1.0,0.0,12.827633791946312,102.749921,0,"{""ue1"": {""delivered_bps"": 9520000.0, ""delivery_ratio"": 1.0, ""offered_bps"": 9520000.0}, ""ue2"": {""delivered_bps"": 1428000.0, ""delivery_ratio"": 1.0, ""offered_bps"": 1428000.0}, ""ue3"": {""delivered_bps"": 130549.87168449821, ""delivery_ratio"": 1.0, ""jitter_ms"": 12.827633791946312, ""loss_percent"": 0.0, ""offered_bps"": 127990.07027891983, ""rtt_p95_ms"": 102.749921}}"
1785747163.3322647,fair-base8-w3-r01-u1-100-u2-015,1,1.0,0.15,STRONG_40,0.4,0,5.195964424749603,5.195964424749603,1.0,0.0,1.0,3.240907391605339,4.2184359081774705,0.9775285165721318,1.0,0.0,10.200116335570472,36.262703,1,"{""ue1"": {""delivered_bps"": 4218435.908177471, ""delivery_ratio"": 1.0, ""offered_bps"": 4218435.908177471}, ""ue2"": {""delivered_bps"": 977528.5165721318, ""delivery_ratio"": 1.0, ""offered_bps"": 977528.5165721318}, ""ue3"": {""delivered_bps"": 125431.57764349114, ""delivery_ratio"": 1.0, ""jitter_ms"": 10.200116335570472, ""loss_percent"": 0.0, ""offered_bps"": 127991.40575866443, ""rtt_p95_ms"": 36.262703}}"
1785747164.4742792,fair-base8-w3-r01-u1-100-u2-015,1,1.0,0.15,STRONG_40,0.4,1,5.269976854135825,5.269976854135825,1.0,0.0,1.0,3.6900231458641746,4.48,0.7899768541358254,1.0,0.0,11.574174161073827,46.888547,1,"{""ue1"": {""delivered_bps"": 4480000.0, ""delivery_ratio"": 1.0, ""offered_bps"": 4480000.0}, ""ue2"": {""delivered_bps"": 789976.8541358254, ""delivery_ratio"": 1.0, ""offered_bps"": 789976.8541358254}, ""ue3"": {""delivered_bps"": 130550.3156460923, ""delivery_ratio"": 1.0, ""jitter_ms"": 11.574174161073827, ""loss_percent"": 0.0, ""offered_bps"": 127990.50553538461, ""rtt_p95_ms"": 46.888547}}"
1785747165.5931623,fair-base8-w3-r01-u1-100-u2-015,1,1.0,0.15,STRONG_40,0.4,2,5.6,5.6,1.0,0.0,1.0,3.36,4.48,1.12,1.0,0.0,12.657200348993292,78.984821,0,"{""ue1"": {""delivered_bps"": 4480000.0, ""delivery_ratio"": 1.0, ""offered_bps"": 4480000.0}, ""ue2"": {""delivered_bps"": 1120000.0, ""delivery_ratio"": 1.0, ""offered_bps"": 1120000.0}, ""ue3"": {""delivered_bps"": 127989.58229131851, ""delivery_ratio"": 1.0, ""jitter_ms"": 12.657200348993292, ""loss_percent"": 0.0, ""offered_bps"": 127989.58229131851, ""rtt_p95_ms"": 78.984821}}"
1785747170.9882083,fair-base8-w3-r01-u1-100-u2-015,1,1.0,0.15,MEDIUM_70,0.7,0,8.408669059923104,8.408669059923104,1.0,0.0,1.0,6.355859175121628,7.382264117522366,1.0264049424007384,1.0,0.0,10.662426479729726,37.122824,1,"{""ue1"": {""delivered_bps"": 7382264.117522366, ""delivery_ratio"": 1.0, ""offered_bps"": 7382264.117522366}, ""ue2"": {""delivered_bps"": 1026404.9424007385, ""delivery_ratio"": 1.0, ""offered_bps"": 1026404.9424007385}, ""ue3"": {""delivered_bps"": 125430.2422851585, ""delivery_ratio"": 1.0, ""jitter_ms"": 10.662426479729726, ""loss_percent"": 0.0, ""offered_bps"": 127990.04314812092, ""rtt_p95_ms"": 37.122824}}"
1785747172.1285653,fair-base8-w3-r01-u1-100-u2-015,1,1.0,0.15,MEDIUM_70,0.7,1,8.669475696842616,8.669475696842616,1.0,0.0,1.0,7.010524303157383,7.839999999999999,0.8294756968426166,1.0,0.0,10.927470020000001,37.857536,1,"{""ue1"": {""delivered_bps"": 7839999.999999999, ""delivery_ratio"": 1.0, ""offered_bps"": 7839999.999999999}, ""ue2"": {""delivered_bps"": 829475.6968426165, ""delivery_ratio"": 1.0, ""offered_bps"": 829475.6968426165}, ""ue3"": {""delivered_bps"": 130551.15829088846, ""delivery_ratio"": 1.0, ""jitter_ms"": 10.927470020000001, ""loss_percent"": 0.0, ""offered_bps"": 127991.33165773378, ""rtt_p95_ms"": 37.857536}}"
1785747173.270209,fair-base8-w3-r01-u1-100-u2-015,1,1.0,0.15,MEDIUM_70,0.7,2,9.016,9.016,1.0,0.0,1.0,6.663999999999999,7.839999999999999,1.176,1.0,0.0,11.452115182432435,40.072015,1,"{""ue1"": {""delivered_bps"": 7839999.999999999, ""delivery_ratio"": 1.0, ""offered_bps"": 7839999.999999999}, ""ue2"": {""delivered_bps"": 1176000.0, ""delivery_ratio"": 1.0, ""offered_bps"": 1176000.0}, ""ue3"": {""delivered_bps"": 125430.77607319574, ""delivery_ratio"": 1.0, ""jitter_ms"": 11.452115182432435, ""loss_percent"": 0.0, ""offered_bps"": 127990.58782979158, ""rtt_p95_ms"": 40.072015}}"
1785747178.7013905,fair-base8-w3-r01-u1-015-u2-075,1,0.15,0.75,EQUAL_100,1.0,0,8.913382548413596,8.913382548413596,1.0,0.0,1.0,5.749545200168382,1.581918674122607,7.331463874290989,1.0,0.0,12.592539395973157,76.732082,0,"{""ue1"": {""delivered_bps"": 1581918.674122607, ""delivery_ratio"": 1.0, ""offered_bps"": 1581918.674122607}, ""ue2"": {""delivered_bps"": 7331463.874290989, ""delivery_ratio"": 1.0, ""offered_bps"": 7331463.874290989}, ""ue3"": {""delivered_bps"": 127989.36408480702, ""delivery_ratio"": 1.0, ""jitter_ms"": 12.592539395973157, ""loss_percent"": 0.0, ""offered_bps"": 127989.36408480702, ""rtt_p95_ms"": 76.732082}}"
1785747179.8275516,fair-base8-w3-r01-u1-015-u2-075,1,0.15,0.75,EQUAL_100,1.0,1,10.079999999999998,10.079999999999998,1.0,0.0,1.0,6.719999999999998,1.68,8.399999999999999,1.0,0.0,13.143262818791943,95.635817,0,"{""ue1"": {""delivered_bps"": 1680000.0, ""delivery_ratio"": 1.0, ""offered_bps"": 1680000.0}, ""ue2"": {""delivered_bps"": 8399999.999999998, ""delivery_ratio"": 1.0, ""offered_bps"": 8399999.999999998}, ""ue3"": {""delivered_bps"": 127990.04070471071, ""delivery_ratio"": 1.0, ""jitter_ms"": 13.143262818791943, ""loss_percent"": 0.0, ""offered_bps"": 127990.04070471071, ""rtt_p95_ms"": 95.635817}}"
1785747180.9794507,fair-base8-w3-r01-u1-015-u2-075,1,0.15,0.75,EQUAL_100,1.0,2,7.60482640601869,7.60482640601869,1.0,0.0,1.0,4.24482640601869,1.68,5.92482640601869,1.0,0.0,11.17546544295302,43.184074,1,"{""ue1"": {""delivered_bps"": 1680000.0, ""delivery_ratio"": 1.0, ""offered_bps"": 1680000.0}, ""ue2"": {""delivered_bps"": 5924826.40601869, ""delivery_ratio"": 1.0, ""offered_bps"": 5924826.40601869}, ""ue3"": {""delivered_bps"": 127990.74601234979, ""delivery_ratio"": 1.0, ""jitter_ms"": 11.17546544295302, ""loss_percent"": 0.0, ""offered_bps"": 127990.74601234979, ""rtt_p95_ms"": 43.184074}}"
1785747186.2384617,fair-base8-w3-r01-u1-015-u2-075,1,0.15,0.75,LIGHT_85,0.85,0,7.5764050310041915,7.5764050310041915,1.0,0.0,1.0,4.887083555290488,1.3446607378568516,6.231744293147339,1.0,0.0,9.168790020270267,38.981227,1,"{""ue1"": {""delivered_bps"": 1344660.7378568517, ""delivery_ratio"": 1.0, ""offered_bps"": 1344660.7378568517}, ""ue2"": {""delivered_bps"": 6231744.2931473395, ""delivery_ratio"": 1.0, ""offered_bps"": 6231744.2931473395}, ""ue3"": {""delivered_bps"": 125430.71812919197, ""delivery_ratio"": 1.0, ""jitter_ms"": 9.168790020270267, ""loss_percent"": 0.0, ""offered_bps"": 127990.5287032571, ""rtt_p95_ms"": 38.981227}}"
1785747187.386198,fair-base8-w3-r01-u1-015-u2-075,1,0.15,0.75,LIGHT_85,0.85,1,8.568,8.568,1.0,0.0,1.0,5.711999999999999,1.428,7.139999999999999,0.9933333333333333,0.6666666666666666,9.930871979591835,42.877423,1,"{""ue1"": {""delivered_bps"": 1428000.0, ""delivery_ratio"": 1.0, ""offered_bps"": 1428000.0}, ""ue2"": {""delivered_bps"": 7139999.999999999, ""delivery_ratio"": 1.0, ""offered_bps"": 7139999.999999999}, ""ue3"": {""delivered_bps"": 125431.29857911558, ""delivery_ratio"": 0.9933333333333333, ""jitter_ms"": 9.930871979591835, ""loss_percent"": 0.6666666666666666, ""offered_bps"": 127991.12099909753, ""rtt_p95_ms"": 42.877423}}"
1785747188.5093253,fair-base8-w3-r01-u1-015-u2-075,1,0.15,0.75,LIGHT_85,0.85,2,6.464102445115886,6.464102445115886,1.0,0.0,1.0,3.6081024451158856,1.428,5.036102445115886,1.0,0.0,10.632381073825503,60.452691,0,"{""ue1"": {""delivered_bps"": 1428000.0, ""delivery_ratio"": 1.0, ""offered_bps"": 1428000.0}, ""ue2"": {""delivered_bps"": 5036102.445115886, ""delivery_ratio"": 1.0, ""offered_bps"": 5036102.445115886}, ""ue3"": {""delivered_bps"": 133110.5362414397, ""delivery_ratio"": 1.0, ""jitter_ms"": 10.632381073825503, ""loss_percent"": 0.0, ""offered_bps"": 127990.90023215355, ""rtt_p95_ms"": 60.452691}}"
1785747193.8093004,fair-base8-w3-r01-u1-015-u2-075,1,0.15,0.75,STRONG_40,0.4,0,3.987196160362857,3.987196160362857,1.0,0.0,1.0,1.8779749390699338,1.0546106106464619,2.932585549716396,1.0,0.0,11.692279671140941,38.83495,1,"{""ue1"": {""delivered_bps"": 1054610.6106464618, ""delivery_ratio"": 1.0, ""offered_bps"": 1054610.6106464618}, ""ue2"": {""delivered_bps"": 2932585.549716396, ""delivery_ratio"": 1.0, ""offered_bps"": 2932585.549716396}, ""ue3"": {""delivered_bps"": 127990.62533050963, ""delivery_ratio"": 1.0, ""jitter_ms"": 11.692279671140941, ""loss_percent"": 0.0, ""offered_bps"": 127990.62533050963, ""rtt_p95_ms"": 38.83495}}"
1785747194.934105,fair-base8-w3-r01-u1-015-u2-075,1,0.15,0.75,STRONG_40,0.4,1,4.48,4.48,1.0,0.0,1.0,2.2400000000000007,1.12,3.3600000000000003,1.0,0.0,11.64076163333333,38.501538,1,"{""ue1"": {""delivered_bps"": 1120000.0, ""delivery_ratio"": 1.0, ""offered_bps"": 1120000.0}, ""ue2"": {""delivered_bps"": 3360000.0000000005, ""delivery_ratio"": 1.0, ""offered_bps"": 3360000.0000000005}, ""ue3"": {""delivered_bps"": 127985.6731537972, ""delivery_ratio"": 1.0, ""jitter_ms"": 11.64076163333333, ""loss_percent"": 0.0, ""offered_bps"": 127985.6731537972, ""rtt_p95_ms"": 38.501538}}"
1785747196.0570896,fair-base8-w3-r01-u1-015-u2-075,1,0.15,0.75,STRONG_40,0.4,2,4.48,4.48,1.0,0.0,1.0,2.2400000000000007,1.12,3.3600000000000003,1.0,0.0,11.672256214765103,38.501538,1,"{""ue1"": {""delivered_bps"": 1120000.0, ""delivery_ratio"": 1.0, ""offered_bps"": 1120000.0}, ""ue2"": {""delivered_bps"": 3360000.0000000005, ""delivery_ratio"": 1.0, ""offered_bps"": 3360000.0000000005}, ""ue3"": {""delivered_bps"": 127990.49939701724, ""delivery_ratio"": 1.0, ""jitter_ms"": 11.672256214765103, ""loss_percent"": 0.0, ""offered_bps"": 127990.49939701724, ""rtt_p95_ms"": 38.501538}}"
1785747201.338016,fair-base8-w3-r01-u1-015-u2-075,1,0.15,0.75,MEDIUM_70,0.7,0,6.2393752854801,6.2393752854801,1.0,0.0,1.0,4.024674138527282,1.1073505734764086,5.132024712003691,0.9733333333333334,2.6666666666666665,11.869717486111112,38.324482,0,"{""ue1"": {""delivered_bps"": 1107350.5734764086, ""delivery_ratio"": 1.0, ""offered_bps"": 1107350.5734764086}, ""ue2"": {""delivered_bps"": 5132024.712003691, ""delivery_ratio"": 1.0, ""offered_bps"": 5132024.712003691}, ""ue3"": {""delivered_bps"": 115190.64455763611, ""delivery_ratio"": 0.9733333333333334, ""jitter_ms"": 11.869717486111112, ""loss_percent"": 2.6666666666666665, ""offered_bps"": 127989.60506404012, ""rtt_p95_ms"": 38.324482}}"
1785747202.4660642,fair-base8-w3-r01-u1-015-u2-075,1,0.15,0.75,MEDIUM_70,0.7,1,7.055999999999999,7.055999999999999,1.0,0.0,1.0,4.703999999999999,1.176,5.879999999999999,1.0,0.0,11.261345425675676,39.997174,1,"{""ue1"": {""delivered_bps"": 1176000.0, ""delivery_ratio"": 1.0, ""offered_bps"": 1176000.0}, ""ue2"": {""delivered_bps"": 5879999.999999999, ""delivery_ratio"": 1.0, ""offered_bps"": 5879999.999999999}, ""ue3"": {""delivered_bps"": 138230.11240040383, ""delivery_ratio"": 1.0, ""jitter_ms"": 11.261345425675676, ""loss_percent"": 0.0, ""offered_bps"": 127990.84481518873, ""rtt_p95_ms"": 39.997174}}"
1785747203.6263342,fair-base8-w3-r01-u1-015-u2-075,1,0.15,0.75,MEDIUM_70,0.7,2,5.323378484213082,5.323378484213082,1.0,0.0,1.0,2.9713784842130817,1.176,4.147378484213082,1.0,0.0,11.218509348993281,39.997174,1,"{""ue1"": {""delivered_bps"": 1176000.0, ""delivery_ratio"": 1.0, ""offered_bps"": 1176000.0}, ""ue2"": {""delivered_bps"": 4147378.4842130817, ""delivery_ratio"": 1.0, ""offered_bps"": 4147378.4842130817}, ""ue3"": {""delivered_bps"": 130550.04438905948, ""delivery_ratio"": 1.0, ""jitter_ms"": 11.218509348993281, ""loss_percent"": 0.0, ""offered_bps"": 127990.23959711714, ""rtt_p95_ms"": 39.997174}}"
1785747208.9300609,fair-base8-w3-r01-u1-015-u2-100,1,0.15,1.0,STRONG_40,0.4,0,4.964720499921203,4.964720499921203,1.0,0.0,1.0,2.8555076326558515,1.0546064336326757,3.910114066288527,1.0,0.0,11.736922425675669,41.987116,1,"{""ue1"": {""delivered_bps"": 1054606.4336326758, ""delivery_ratio"": 1.0, ""offered_bps"": 1054606.4336326758}, ""ue2"": {""delivered_bps"": 3910114.066288527, ""delivery_ratio"": 1.0, ""offered_bps"": 3910114.066288527}, ""ue3"": {""delivered_bps"": 125431.03218239143, ""delivery_ratio"": 1.0, ""jitter_ms"": 11.736922425675669, ""loss_percent"": 0.0, ""offered_bps"": 127990.84916570553, ""rtt_p95_ms"": 41.987116}}"
1785747210.0644183,fair-base8-w3-r01-u1-015-u2-100,1,0.15,1.0,STRONG_40,0.4,1,5.6,5.6,1.0,0.0,1.0,3.36,1.12,4.48,1.0,0.0,10.383335073825505,39.428465,1,"{""ue1"": {""delivered_bps"": 1120000.0, ""delivery_ratio"": 1.0, ""offered_bps"": 1120000.0}, ""ue2"": {""delivered_bps"": 4480000.0, ""delivery_ratio"": 1.0, ""offered_bps"": 4480000.0}, ""ue3"": {""delivered_bps"": 127990.5786147794, ""delivery_ratio"": 1.0, ""jitter_ms"": 10.383335073825505, ""loss_percent"": 0.0, ""offered_bps"": 127990.5786147794, ""rtt_p95_ms"": 39.428465}}"
1785747211.1802807,fair-base8-w3-r01-u1-015-u2-100,1,0.15,1.0,STRONG_40,0.4,2,4.279907416543301,4.279907416543301,1.0,0.0,1.0,2.0399074165433015,1.12,3.1599074165433017,1.0,0.0,10.914734503355707,38.977301,1,"{""ue1"": {""delivered_bps"": 1120000.0, ""delivery_ratio"": 1.0, ""offered_bps"": 1120000.0}, ""ue2"": {""delivered_bps"": 3159907.4165433017, ""delivery_ratio"": 1.0, ""offered_bps"": 3159907.4165433017}, ""ue3"": {""delivered_bps"": 130551.02187403066, ""delivery_ratio"": 1.0, ""jitter_ms"": 10.914734503355707, ""loss_percent"": 0.0, ""offered_bps"": 127991.19791571634, ""rtt_p95_ms"": 38.977301}}"
1785747216.489002,fair-base8-w3-r01-u1-015-u2-100,1,0.15,1.0,MEDIUM_70,0.7,0,7.950034820670737,7.950034820670737,1.0,0.0,1.0,5.735364411339108,1.107335204665815,6.842699616004922,1.0,0.0,11.432513926174495,39.234528,1,"{""ue1"": {""delivered_bps"": 1107335.204665815, ""delivery_ratio"": 1.0, ""offered_bps"": 1107335.204665815}, ""ue2"": {""delivered_bps"": 6842699.616004922, ""delivery_ratio"": 1.0, ""offered_bps"": 6842699.616004922}, ""ue3"": {""delivered_bps"": 125430.24992871241, ""delivery_ratio"": 1.0, ""jitter_ms"": 11.432513926174495, ""loss_percent"": 0.0, ""offered_bps"": 127990.05094766572, ""rtt_p95_ms"": 39.234528}}"
1785747217.6539326,fair-base8-w3-r01-u1-015-u2-100,1,0.15,1.0,MEDIUM_70,0.7,1,9.016,9.016,1.0,0.0,1.0,6.663999999999999,1.176,7.839999999999999,0.9866666666666667,1.3333333333333333,11.044004321917805,38.804914,1,"{""ue1"": {""delivered_bps"": 1176000.0, ""delivery_ratio"": 1.0, ""offered_bps"": 1176000.0}, ""ue2"": {""delivered_bps"": 7839999.999999999, ""delivery_ratio"": 1.0, ""offered_bps"": 7839999.999999999}, ""ue3"": {""delivered_bps"": 120311.41433562261, ""delivery_ratio"": 0.9866666666666667, ""jitter_ms"": 11.044004321917805, ""loss_percent"": 1.3333333333333333, ""offered_bps"": 127990.86631449213, ""rtt_p95_ms"": 38.804914}}"
1785747218.8058994,fair-base8-w3-r01-u1-015-u2-100,1,0.15,1.0,MEDIUM_70,0.7,2,6.705837978950777,6.705837978950777,1.0,0.0,1.0,4.353837978950777,1.176,5.529837978950777,0.9733333333333334,2.6666666666666665,11.892768694444447,77.385452,0,"{""ue1"": {""delivered_bps"": 1176000.0, ""delivery_ratio"": 1.0, ""offered_bps"": 1176000.0}, ""ue2"": {""delivered_bps"": 5529837.978950777, ""delivery_ratio"": 1.0, ""offered_bps"": 5529837.978950777}, ""ue3"": {""delivered_bps"": 125431.10780857582, ""delivery_ratio"": 0.9733333333333334, ""jitter_ms"": 11.892768694444447, ""loss_percent"": 2.6666666666666665, ""offered_bps"": 127990.92633528145, ""rtt_p95_ms"": 77.385452}}"
1785747224.1288972,fair-base8-w3-r01-u1-015-u2-100,1,0.15,1.0,EQUAL_100,1.0,0,11.357193209638861,11.357193209638861,1.0,0.0,1.0,8.193377121803774,1.5819080439175437,9.775285165721318,1.0,0.0,11.442828919463082,44.437813,1,"{""ue1"": {""delivered_bps"": 1581908.0439175437, ""delivery_ratio"": 1.0, ""offered_bps"": 1581908.0439175437}, ""ue2"": {""delivered_bps"": 9775285.165721318, ""delivery_ratio"": 1.0, ""offered_bps"": 9775285.165721318}, ""ue3"": {""delivered_bps"": 127989.92821854904, ""delivery_ratio"": 1.0, ""jitter_ms"": 11.442828919463082, ""loss_percent"": 0.0, ""offered_bps"": 127989.92821854904, ""rtt_p95_ms"": 44.437813}}"
1785747225.2576065,fair-base8-w3-r01-u1-015-u2-100,1,0.15,1.0,EQUAL_100,1.0,1,12.88,12.88,1.0,0.0,1.0,9.52,1.68,11.2,1.0,0.0,12.511454722972973,67.810281,0,"{""ue1"": {""delivered_bps"": 1680000.0, ""delivery_ratio"": 1.0, ""offered_bps"": 1680000.0}, ""ue2"": {""delivered_bps"": 11200000.0, ""delivery_ratio"": 1.0, ""offered_bps"": 11200000.0}, ""ue3"": {""delivered_bps"": 125430.74408973435, ""delivery_ratio"": 1.0, ""jitter_ms"": 12.511454722972973, ""loss_percent"": 0.0, ""offered_bps"": 127990.55519360647, ""rtt_p95_ms"": 67.810281}}"
1785747226.4049146,fair-base8-w3-r01-u1-015-u2-100,1,0.15,1.0,EQUAL_100,1.0,2,9.579768541358254,9.579768541358254,1.0,0.0,1.0,6.219768541358253,1.68,7.899768541358253,1.0,0.0,12.55580782432433,67.810281,0,"{""ue1"": {""delivered_bps"": 1680000.0, ""delivery_ratio"": 1.0, ""offered_bps"": 1680000.0}, ""ue2"": {""delivered_bps"": 7899768.541358253, ""delivery_ratio"": 1.0, ""offered_bps"": 7899768.541358253}, ""ue3"": {""delivered_bps"": 127990.66538642603, ""delivery_ratio"": 1.0, ""jitter_ms"": 12.55580782432433, ""loss_percent"": 0.0, ""offered_bps"": 127990.66538642603, ""rtt_p95_ms"": 67.810281}}"
1785747231.666266,fair-base8-w3-r01-u1-015-u2-100,1,0.15,1.0,LIGHT_85,0.85,0,9.653640651988324,9.653640651988324,1.0,0.0,1.0,6.964344129737915,1.3446482611252042,8.30899239086312,1.0,0.0,11.036436161073832,38.167967,1,"{""ue1"": {""delivered_bps"": 1344648.2611252042, ""delivery_ratio"": 1.0, ""offered_bps"": 1344648.2611252042}, ""ue2"": {""delivered_bps"": 8308992.39086312, ""delivery_ratio"": 1.0, ""offered_bps"": 8308992.39086312}, ""ue3"": {""delivered_bps"": 127989.5441505664, ""delivery_ratio"": 1.0, ""jitter_ms"": 11.036436161073832, ""loss_percent"": 0.0, ""offered_bps"": 127989.5441505664, ""rtt_p95_ms"": 38.167967}}"
1785747232.7816036,fair-base8-w3-r01-u1-015-u2-100,1,0.15,1.0,LIGHT_85,0.85,1,10.948,10.948,1.0,0.0,1.0,8.092,1.428,9.52,1.0,0.0,11.191577677852345,62.408701,0,"{""ue1"": {""delivered_bps"": 1428000.0, ""delivery_ratio"": 1.0, ""offered_bps"": 1428000.0}, ""ue2"": {""delivered_bps"": 9520000.0, ""delivery_ratio"": 1.0, ""offered_bps"": 9520000.0}, ""ue3"": {""delivered_bps"": 130549.07460822555, ""delivery_ratio"": 1.0, ""jitter_ms"": 11.191577677852345, ""loss_percent"": 0.0, ""offered_bps"": 127989.28883159369, ""rtt_p95_ms"": 62.408701}}"
1785747233.9035907,fair-base8-w3-r01-u1-015-u2-100,1,0.15,1.0,LIGHT_85,0.85,2,8.142803260154514,8.142803260154514,1.0,0.0,1.0,5.286803260154515,1.428,6.714803260154515,1.0,0.0,11.953650817567565,82.396112,0,"{""ue1"": {""delivered_bps"": 1428000.0, ""delivery_ratio"": 1.0, ""offered_bps"": 1428000.0}, ""ue2"": {""delivered_bps"": 6714803.260154515, ""delivery_ratio"": 1.0, ""offered_bps"": 6714803.260154515}, ""ue3"": {""delivered_bps"": 125430.84993964987, ""delivery_ratio"": 1.0, ""jitter_ms"": 11.953650817567565, ""loss_percent"": 0.0, ""offered_bps"": 127990.66320372434, ""rtt_p95_ms"": 82.396112}}"
1785747239.1243389,fair-base8-w3-r01-u1-075-u2-015,1,0.75,0.15,EQUAL_100,1.0,0,9.375901564961632,9.375901564961632,1.0,0.0,1.0,6.443316015245237,7.909608790103435,1.4662927748581975,1.0,0.0,11.325405127516781,42.846326,1,"{""ue1"": {""delivered_bps"": 7909608.790103435, ""delivery_ratio"": 1.0, ""offered_bps"": 7909608.790103435}, ""ue2"": {""delivered_bps"": 1466292.7748581974, ""delivery_ratio"": 1.0, ""offered_bps"": 1466292.7748581974}, ""ue3"": {""delivered_bps"": 127990.87693750474, ""delivery_ratio"": 1.0, ""jitter_ms"": 11.325405127516781, ""loss_percent"": 0.0, ""offered_bps"": 127990.87693750474, ""rtt_p95_ms"": 42.846326}}"
1785747240.246049,fair-base8-w3-r01-u1-075-u2-015,1,0.75,0.15,EQUAL_100,1.0,1,10.079999999999998,10.079999999999998,1.0,0.0,1.0,6.719999999999998,8.399999999999999,1.68,1.0,0.0,13.211191342281884,95.650921,0,"{""ue1"": {""delivered_bps"": 8399999.999999998, ""delivery_ratio"": 1.0, ""offered_bps"": 8399999.999999998}, ""ue2"": {""delivered_bps"": 1680000.0, ""delivery_ratio"": 1.0, ""offered_bps"": 1680000.0}, ""ue3"": {""delivered_bps"": 127989.63552452342, ""delivery_ratio"": 1.0, ""jitter_ms"": 13.211191342281884, ""loss_percent"": 0.0, ""offered_bps"": 127989.63552452342, ""rtt_p95_ms"": 95.650921}}"
1785747241.3600428,fair-base8-w3-r01-u1-075-u2-015,1,0.75,0.15,EQUAL_100,1.0,2,9.584965281203736,9.584965281203736,1.0,0.0,1.0,7.215034718796261,8.399999999999999,1.184965281203738,1.0,0.0,13.648329154362425,97.826525,0,"{""ue1"": {""delivered_bps"": 8399999.999999998, ""delivery_ratio"": 1.0, ""offered_bps"": 8399999.999999998}, ""ue2"": {""delivered_bps"": 1184965.281203738, ""delivery_ratio"": 1.0, ""offered_bps"": 1184965.281203738}, ""ue3"": {""delivered_bps"": 127990.53305375243, ""delivery_ratio"": 1.0, ""jitter_ms"": 13.648329154362425, ""loss_percent"": 0.0, ""offered_bps"": 127990.53305375243, ""rtt_p95_ms"": 97.826525}}"
1785747246.5327418,fair-base8-w3-r01-u1-075-u2-015,1,0.75,0.15,MEDIUM_70,0.7,0,6.563463226445114,6.563463226445114,1.0,0.0,1.0,4.510653341643637,5.537058284044376,1.0264049424007384,1.0,0.0,12.299186523489935,61.630387,0,"{""ue1"": {""delivered_bps"": 5537058.284044376, ""delivery_ratio"": 1.0, ""offered_bps"": 5537058.284044376}, ""ue2"": {""delivered_bps"": 1026404.9424007385, ""delivery_ratio"": 1.0, ""offered_bps"": 1026404.9424007385}, ""ue3"": {""delivered_bps"": 130544.60174424743, ""delivery_ratio"": 1.0, ""jitter_ms"": 12.299186523489935, ""loss_percent"": 0.0, ""offered_bps"": 127984.90367083081, ""rtt_p95_ms"": 61.630387}}"
1785747247.665034,fair-base8-w3-r01-u1-075-u2-015,1,0.75,0.15,MEDIUM_70,0.7,1,7.055999999999999,7.055999999999999,1.0,0.0,1.0,4.703999999999999,5.879999999999999,1.176,0.9933333333333333,0.6666666666666666,13.65182270068028,98.037535,0,"{""ue1"": {""delivered_bps"": 5879999.999999999, ""delivery_ratio"": 1.0, ""offered_bps"": 5879999.999999999}, ""ue2"": {""delivered_bps"": 1176000.0, ""delivery_ratio"": 1.0, ""offered_bps"": 1176000.0}, ""ue3"": {""delivered_bps"": 122868.86660129968, ""delivery_ratio"": 0.9933333333333333, ""jitter_ms"": 13.65182270068028, ""loss_percent"": 0.6666666666666666, ""offered_bps"": 127988.40270968716, ""rtt_p95_ms"": 98.037535}}"
1785747248.7761655,fair-base8-w3-r01-u1-075-u2-015,1,0.75,0.15,MEDIUM_70,0.7,2,6.709475696842616,6.709475696842616,1.0,0.0,1.0,5.050524303157383,5.879999999999999,0.8294756968426166,1.0,0.0,12.401091610738252,82.856747,0,"{""ue1"": {""delivered_bps"": 5879999.999999999, ""delivery_ratio"": 1.0, ""offered_bps"": 5879999.999999999}, ""ue2"": {""delivered_bps"": 829475.6968426165, ""delivery_ratio"": 1.0, ""offered_bps"": 829475.6968426165}, ""ue3"": {""delivered_bps"": 127990.33097206714, ""delivery_ratio"": 1.0, ""jitter_ms"": 12.401091610738252, ""loss_percent"": 0.0, ""offered_bps"": 127990.33097206714, ""rtt_p95_ms"": 82.856747}}"
1785747253.950043,fair-base8-w3-r01-u1-075-u2-015,1,0.75,0.15,STRONG_40,0.4,0,4.141406155023573,4.141406155023573,1.0,0.0,1.0,2.1863491218793087,3.163877638451441,0.9775285165721318,1.0,0.0,11.385969919463085,73.703495,0,"{""ue1"": {""delivered_bps"": 3163877.6384514407, ""delivery_ratio"": 1.0, ""offered_bps"": 3163877.6384514407}, ""ue2"": {""delivered_bps"": 977528.5165721318, ""delivery_ratio"": 1.0, ""offered_bps"": 977528.5165721318}, ""ue3"": {""delivered_bps"": 127989.47017843035, ""delivery_ratio"": 1.0, ""jitter_ms"": 11.385969919463085, ""loss_percent"": 0.0, ""offered_bps"": 127989.47017843035, ""rtt_p95_ms"": 73.703495}}"
1785747255.0638714,fair-base8-w3-r01-u1-075-u2-015,1,0.75,0.15,STRONG_40,0.4,1,4.149976854135826,4.149976854135826,1.0,0.0,1.0,2.5700231458641754,3.3600000000000003,0.7899768541358254,1.0,0.0,12.50990422666667,90.235555,0,"{""ue1"": {""delivered_bps"": 3360000.0000000005, ""delivery_ratio"": 1.0, ""offered_bps"": 3360000.0000000005}, ""ue2"": {""delivered_bps"": 789976.8541358254, ""delivery_ratio"": 1.0, ""offered_bps"": 789976.8541358254}, ""ue3"": {""delivered_bps"": 127990.03277852702, ""delivery_ratio"": 1.0, ""jitter_ms"": 12.50990422666667, ""loss_percent"": 0.0, ""offered_bps"": 127990.03277852702, ""rtt_p95_ms"": 90.235555}}"
1785747256.1769888,fair-base8-w3-r01-u1-075-u2-015,1,0.75,0.15,STRONG_40,0.4,2,4.48,4.48,1.0,0.0,1.0,2.2400000000000007,3.3600000000000003,1.12,1.0,0.0,10.15005261744966,38.635434,1,"{""ue1"": {""delivered_bps"": 3360000.0000000005, ""delivery_ratio"": 1.0, ""offered_bps"": 3360000.0000000005}, ""ue2"": {""delivered_bps"": 1120000.0, ""delivery_ratio"": 1.0, ""offered_bps"": 1120000.0}, ""ue3"": {""delivered_bps"": 127990.1622942795, ""delivery_ratio"": 1.0, ""jitter_ms"": 10.15005261744966, ""loss_percent"": 0.0, ""offered_bps"": 127990.1622942795, ""rtt_p95_ms"": 38.635434}}"
1785747261.3488028,fair-base8-w3-r01-u1-075-u2-015,1,0.75,0.15,LIGHT_85,0.85,0,7.9694692158866784,7.9694692158866784,1.0,0.0,1.0,5.476771498627743,6.72312035725721,1.246348858629468,1.0,0.0,12.680050912751677,88.001981,0,"{""ue1"": {""delivered_bps"": 6723120.357257211, ""delivery_ratio"": 1.0, ""offered_bps"": 6723120.357257211}, ""ue2"": {""delivered_bps"": 1246348.858629468, ""delivery_ratio"": 1.0, ""offered_bps"": 1246348.858629468}, ""ue3"": {""delivered_bps"": 127990.05799481971, ""delivery_ratio"": 1.0, ""jitter_ms"": 12.680050912751677, ""loss_percent"": 0.0, ""offered_bps"": 127990.05799481971, ""rtt_p95_ms"": 88.001981}}"
1785747262.462755,fair-base8-w3-r01-u1-075-u2-015,1,0.75,0.15,LIGHT_85,0.85,1,8.568,8.568,1.0,0.0,1.0,5.711999999999999,7.139999999999999,1.428,0.9866666666666667,1.3333333333333333,13.226191719178082,104.001383,0,"{""ue1"": {""delivered_bps"": 7139999.999999999, ""delivery_ratio"": 1.0, ""offered_bps"": 7139999.999999999}, ""ue2"": {""delivered_bps"": 1428000.0, ""delivery_ratio"": 1.0, ""offered_bps"": 1428000.0}, ""ue3"": {""delivered_bps"": 120310.93757615, ""delivery_ratio"": 0.9866666666666667, ""jitter_ms"": 13.226191719178082, ""loss_percent"": 1.3333333333333333, ""offered_bps"": 127990.35912356383, ""rtt_p95_ms"": 104.001383}}"
1785747263.6118977,fair-base8-w3-r01-u1-075-u2-015,1,0.75,0.15,LIGHT_85,0.85,2,8.568,8.568,1.0,0.0,1.0,5.711999999999999,7.139999999999999,1.428,1.0,0.0,13.962851798657713,107.47637,0,"{""ue1"": {""delivered_bps"": 7139999.999999999, ""delivery_ratio"": 1.0, ""offered_bps"": 7139999.999999999}, ""ue2"": {""delivered_bps"": 1428000.0, ""delivery_ratio"": 1.0, ""offered_bps"": 1428000.0}, ""ue3"": {""delivered_bps"": 135668.85100745046, ""delivery_ratio"": 1.0, ""jitter_ms"": 13.962851798657713, ""loss_percent"": 0.0, ""offered_bps"": 127989.48208250044, ""rtt_p95_ms"": 107.47637}}"
1785747268.8326557,fair-base8-w3-r01-u1-075-u2-040,1,0.75,0.4,LIGHT_85,0.85,0,10.046695782121335,10.046695782121335,1.0,0.0,1.0,3.3995018694308374,6.723098825776085,3.323596956345248,1.0,0.0,10.453693174496644,41.168076,1,"{""ue1"": {""delivered_bps"": 6723098.825776085, ""delivery_ratio"": 1.0, ""offered_bps"": 6723098.825776085}, ""ue2"": {""delivered_bps"": 3323596.956345248, ""delivery_ratio"": 1.0, ""offered_bps"": 3323596.956345248}, ""ue3"": {""delivered_bps"": 130549.7628069268, ""delivery_ratio"": 1.0, ""jitter_ms"": 10.453693174496644, ""loss_percent"": 0.0, ""offered_bps"": 127989.96353620275, ""rtt_p95_ms"": 41.168076}}"
1785747269.9756649,fair-base8-w3-r01-u1-075-u2-040,1,0.75,0.4,LIGHT_85,0.85,1,10.948,10.948,1.0,0.0,1.0,3.331999999999999,7.139999999999999,3.808,1.0,0.0,12.020567702702705,66.271065,0,"{""ue1"": {""delivered_bps"": 7139999.999999999, ""delivery_ratio"": 1.0, ""offered_bps"": 7139999.999999999}, ""ue2"": {""delivered_bps"": 3808000.0, ""delivery_ratio"": 1.0, ""offered_bps"": 3808000.0}, ""ue3"": {""delivered_bps"": 125429.84244171323, ""delivery_ratio"": 1.0, ""jitter_ms"": 12.020567702702705, ""loss_percent"": 0.0, ""offered_bps"": 127989.63514460534, ""rtt_p95_ms"": 66.271065}}"
1785747271.1035614,fair-base8-w3-r01-u1-075-u2-040,1,0.75,0.4,LIGHT_85,0.85,2,10.948,10.948,1.0,0.0,1.0,3.331999999999999,7.139999999999999,3.808,1.0,0.0,12.387931166666661,85.168801,0,"{""ue1"": {""delivered_bps"": 7139999.999999999, ""delivery_ratio"": 1.0, ""offered_bps"": 7139999.999999999}, ""ue2"": {""delivered_bps"": 3808000.0, ""delivery_ratio"": 1.0, ""offered_bps"": 3808000.0}, ""ue3"": {""delivered_bps"": 130550.37347803386, ""delivery_ratio"": 1.0, ""jitter_ms"": 12.387931166666661, ""loss_percent"": 0.0, ""offered_bps"": 127990.56223336652, ""rtt_p95_ms"": 85.168801}}"
1785747276.3878958,fair-base8-w3-r01-u1-075-u2-040,1,0.75,0.4,STRONG_40,0.4,0,4.7279337164464685,4.7279337164464685,1.0,0.0,1.0,1.5998424634156465,3.1638880899310577,1.5640456265154112,1.0,0.0,11.017111173333339,40.783557,1,"{""ue1"": {""delivered_bps"": 3163888.0899310578, ""delivery_ratio"": 1.0, ""offered_bps"": 3163888.0899310578}, ""ue2"": {""delivered_bps"": 1564045.6265154113, ""delivery_ratio"": 1.0, ""offered_bps"": 1564045.6265154113}, ""ue3"": {""delivered_bps"": 127989.79371217714, ""delivery_ratio"": 1.0, ""jitter_ms"": 11.017111173333339, ""loss_percent"": 0.0, ""offered_bps"": 127989.79371217714, ""rtt_p95_ms"": 40.783557}}"
1785747277.513802,fair-base8-w3-r01-u1-075-u2-040,1,0.75,0.4,STRONG_40,0.4,1,5.152000000000001,5.152000000000001,1.0,0.0,1.0,1.5680000000000003,3.3600000000000003,1.7920000000000003,1.0,0.0,10.955687304054052,39.272282,1,"{""ue1"": {""delivered_bps"": 3360000.0000000005, ""delivery_ratio"": 1.0, ""offered_bps"": 3360000.0000000005}, ""ue2"": {""delivered_bps"": 1792000.0000000002, ""delivery_ratio"": 1.0, ""offered_bps"": 1792000.0000000002}, ""ue3"": {""delivered_bps"": 122870.57471811755, ""delivery_ratio"": 1.0, ""jitter_ms"": 10.955687304054052, ""loss_percent"": 0.0, ""offered_bps"": 127990.18199803912, ""rtt_p95_ms"": 39.272282}}"
1785747278.6340482,fair-base8-w3-r01-u1-075-u2-040,1,0.75,0.4,STRONG_40,0.4,2,5.152000000000001,5.152000000000001,1.0,0.0,1.0,1.5680000000000003,3.3600000000000003,1.7920000000000003,1.0,0.0,11.515181999999994,39.171541,1,"{""ue1"": {""delivered_bps"": 3360000.0000000005, ""delivery_ratio"": 1.0, ""offered_bps"": 3360000.0000000005}, ""ue2"": {""delivered_bps"": 1792000.0000000002, ""delivery_ratio"": 1.0, ""offered_bps"": 1792000.0000000002}, ""ue3"": {""delivered_bps"": 133108.87849031648, ""delivery_ratio"": 1.0, ""jitter_ms"": 11.515181999999994, ""loss_percent"": 0.0, ""offered_bps"": 127989.30624068892, ""rtt_p95_ms"": 39.171541}}"
1785747283.8714268,fair-base8-w3-r01-u1-075-u2-040,1,0.75,0.4,MEDIUM_70,0.7,0,8.273844131498043,8.273844131498043,1.0,0.0,1.0,2.799684438694105,5.536764285096074,2.7370798464019686,1.0,0.0,11.962860812080542,42.576195,1,"{""ue1"": {""delivered_bps"": 5536764.2850960735, ""delivery_ratio"": 1.0, ""offered_bps"": 5536764.2850960735}, ""ue2"": {""delivered_bps"": 2737079.8464019685, ""delivery_ratio"": 1.0, ""offered_bps"": 2737079.8464019685}, ""ue3"": {""delivered_bps"": 130550.66118719564, ""delivery_ratio"": 1.0, ""jitter_ms"": 11.962860812080542, ""loss_percent"": 0.0, ""offered_bps"": 127990.8443011722, ""rtt_p95_ms"": 42.576195}}"
1785747284.9993467,fair-base8-w3-r01-u1-075-u2-040,1,0.75,0.4,MEDIUM_70,0.7,1,9.015999999999998,9.015999999999998,1.0,0.0,1.0,2.7439999999999993,5.879999999999999,3.1359999999999997,1.0,0.0,11.825604926666658,42.545006,1,"{""ue1"": {""delivered_bps"": 5879999.999999999, ""delivery_ratio"": 1.0, ""offered_bps"": 5879999.999999999}, ""ue2"": {""delivered_bps"": 3135999.9999999995, ""delivery_ratio"": 1.0, ""offered_bps"": 3135999.9999999995}, ""ue3"": {""delivered_bps"": 127990.84033803047, ""delivery_ratio"": 1.0, ""jitter_ms"": 11.825604926666658, ""loss_percent"": 0.0, ""offered_bps"": 127990.84033803047, ""rtt_p95_ms"": 42.545006}}"
1785747286.1647859,fair-base8-w3-r01-u1-075-u2-040,1,0.75,0.4,MEDIUM_70,0.7,2,8.09193519158031,8.09193519158031,1.0,0.0,1.0,3.6680648084196883,5.879999999999999,2.2119351915803107,1.0,0.0,12.114769726666669,62.724753,0,"{""ue1"": {""delivered_bps"": 5879999.999999999, ""delivery_ratio"": 1.0, ""offered_bps"": 5879999.999999999}, ""ue2"": {""delivered_bps"": 2211935.191580311, ""delivery_ratio"": 1.0, ""offered_bps"": 2211935.191580311}, ""ue3"": {""delivered_bps"": 127991.27368519461, ""delivery_ratio"": 1.0, ""jitter_ms"": 12.114769726666669, ""loss_percent"": 0.0, ""offered_bps"": 127991.27368519461, ""rtt_p95_ms"": 62.724753}}"
1785747291.4047322,fair-base8-w3-r01-u1-075-u2-040,1,0.75,0.4,EQUAL_100,1.0,0,11.819687438024294,11.819687438024294,1.0,0.0,1.0,3.9994593054472394,7.909573371735767,3.910114066288527,0.9933333333333333,0.6666666666666666,11.828529442176869,47.933612,1,"{""ue1"": {""delivered_bps"": 7909573.3717357665, ""delivery_ratio"": 1.0, ""offered_bps"": 7909573.3717357665}, ""ue2"": {""delivered_bps"": 3910114.066288527, ""delivery_ratio"": 1.0, ""offered_bps"": 3910114.066288527}, ""ue3"": {""delivered_bps"": 130549.81176343952, ""delivery_ratio"": 0.9933333333333333, ""jitter_ms"": 11.828529442176869, ""loss_percent"": 0.6666666666666666, ""offered_bps"": 127990.01153278383, ""rtt_p95_ms"": 47.933612}}"
1785747292.5416534,fair-base8-w3-r01-u1-075-u2-040,1,0.75,0.4,EQUAL_100,1.0,1,12.879999999999999,12.879999999999999,1.0,0.0,1.0,3.919999999999998,8.399999999999999,4.48,1.0,0.0,11.74909056,59.025761,1,"{""ue1"": {""delivered_bps"": 8399999.999999998, ""delivery_ratio"": 1.0, ""offered_bps"": 8399999.999999998}, ""ue2"": {""delivered_bps"": 4480000.0, ""delivery_ratio"": 1.0, ""offered_bps"": 4480000.0}, ""ue3"": {""delivered_bps"": 130550.47608027617, ""delivery_ratio"": 1.0, ""jitter_ms"": 11.74909056, ""loss_percent"": 0.0, ""offered_bps"": 127990.66282380017, ""rtt_p95_ms"": 59.025761}}"
1785747293.6626666,fair-base8-w3-r01-u1-075-u2-040,1,0.75,0.4,EQUAL_100,1.0,2,11.559907416543298,11.559907416543298,1.0,0.0,1.0,5.240092583456697,8.399999999999999,3.1599074165433017,1.0,0.0,13.146106019867547,108.285367,0,"{""ue1"": {""delivered_bps"": 8399999.999999998, ""delivery_ratio"": 1.0, ""offered_bps"": 8399999.999999998}, ""ue2"": {""delivered_bps"": 3159907.4165433017, ""delivery_ratio"": 1.0, ""offered_bps"": 3159907.4165433017}, ""ue3"": {""delivered_bps"": 127991.31668409682, ""delivery_ratio"": 1.0, ""jitter_ms"": 13.146106019867547, ""loss_percent"": 0.0, ""offered_bps"": 127991.31668409682, ""rtt_p95_ms"": 108.285367}}"
1785747298.8921137,fair-base8-w3-r01-u1-040-u2-055,1,0.4,0.55,LIGHT_85,0.85,0,8.155772545088665,8.155772545088665,1.0,0.0,1.0,0.9841190848607692,3.585826730113948,4.569945814974717,1.0,0.0,11.836658702702698,49.782999,1,"{""ue1"": {""delivered_bps"": 3585826.7301139478, ""delivery_ratio"": 1.0, ""offered_bps"": 3585826.7301139478}, ""ue2"": {""delivered_bps"": 4569945.814974717, ""delivery_ratio"": 1.0, ""offered_bps"": 4569945.814974717}, ""ue3"": {""delivered_bps"": 125430.88029515208, ""delivery_ratio"": 1.0, ""jitter_ms"": 11.836658702702698, ""loss_percent"": 0.0, ""offered_bps"": 127990.69417872661, ""rtt_p95_ms"": 49.782999}}"
1785747300.0103369,fair-base8-w3-r01-u1-040-u2-055,1,0.4,0.55,LIGHT_85,0.85,1,9.044,9.044,1.0,0.0,1.0,1.428,3.808,5.236,1.0,0.0,11.478522510067114,49.782999,1,"{""ue1"": {""delivered_bps"": 3808000.0, ""delivery_ratio"": 1.0, ""offered_bps"": 3808000.0}, ""ue2"": {""delivered_bps"": 5236000.0, ""delivery_ratio"": 1.0, ""offered_bps"": 5236000.0}, ""ue3"": {""delivered_bps"": 127991.18908799316, ""delivery_ratio"": 1.0, ""jitter_ms"": 11.478522510067114, ""loss_percent"": 0.0, ""offered_bps"": 127991.18908799316, ""rtt_p95_ms"": 49.782999}}"
1785747301.121882,fair-base8-w3-r01-u1-040-u2-055,1,0.4,0.55,LIGHT_85,0.85,2,7.501141793084984,7.501141793084984,1.0,0.0,1.0,0.11485820691501629,3.808,3.6931417930849837,1.0,0.0,11.625008606666663,75.993579,0,"{""ue1"": {""delivered_bps"": 3808000.0, ""delivery_ratio"": 1.0, ""offered_bps"": 3808000.0}, ""ue2"": {""delivered_bps"": 3693141.7930849837, ""delivery_ratio"": 1.0, ""offered_bps"": 3693141.7930849837}, ""ue3"": {""delivered_bps"": 133109.53759590696, ""delivery_ratio"": 1.0, ""jitter_ms"": 11.625008606666663, ""loss_percent"": 0.0, ""offered_bps"": 127989.93999606438, ""rtt_p95_ms"": 75.993579}}"
1785747306.3879302,fair-base8-w3-r01-u1-040-u2-055,1,0.4,0.55,MEDIUM_70,0.7,0,6.716427648186329,6.716427648186329,1.0,0.0,1.0,0.8105419294190863,2.9529428593836213,3.7634847888027076,0.98,2.0,12.725358579310337,85.170026,0,"{""ue1"": {""delivered_bps"": 2952942.8593836213, ""delivery_ratio"": 1.0, ""offered_bps"": 2952942.8593836213}, ""ue2"": {""delivered_bps"": 3763484.7888027076, ""delivery_ratio"": 1.0, ""offered_bps"": 3763484.7888027076}, ""ue3"": {""delivered_bps"": 117751.63033133121, ""delivery_ratio"": 0.98, ""jitter_ms"": 12.725358579310337, ""loss_percent"": 2.0, ""offered_bps"": 127990.90253405567, ""rtt_p95_ms"": 85.170026}}"
1785747307.5115855,fair-base8-w3-r01-u1-040-u2-055,1,0.4,0.55,MEDIUM_70,0.7,1,7.447999999999998,7.447999999999998,1.0,0.0,1.0,1.1759999999999995,3.1359999999999997,4.311999999999999,1.0,0.0,13.714312073333334,106.098552,0,"{""ue1"": {""delivered_bps"": 3135999.9999999995, ""delivery_ratio"": 1.0, ""offered_bps"": 3135999.9999999995}, ""ue2"": {""delivered_bps"": 4311999.999999999, ""delivery_ratio"": 1.0, ""offered_bps"": 4311999.999999999}, ""ue3"": {""delivered_bps"": 140790.14370524522, ""delivery_ratio"": 1.0, ""jitter_ms"": 13.714312073333334, ""loss_percent"": 0.0, ""offered_bps"": 127991.03973204111, ""rtt_p95_ms"": 106.098552}}"
1785747308.661682,fair-base8-w3-r01-u1-040-u2-055,1,0.4,0.55,MEDIUM_70,0.7,2,6.177410888422927,6.177410888422927,1.0,0.0,1.0,0.09458911157707171,3.1359999999999997,3.0414108884229276,0.9933333333333333,0.6666666666666666,13.350358605442178,104.208518,0,"{""ue1"": {""delivered_bps"": 3135999.9999999995, ""delivery_ratio"": 1.0, ""offered_bps"": 3135999.9999999995}, ""ue2"": {""delivered_bps"": 3041410.888422928, ""delivery_ratio"": 1.0, ""offered_bps"": 3041410.888422928}, ""ue3"": {""delivered_bps"": 120310.33462970174, ""delivery_ratio"": 0.9933333333333333, ""jitter_ms"": 13.350358605442178, ""loss_percent"": 0.6666666666666666, ""offered_bps"": 127989.71769117207, ""rtt_p95_ms"": 104.208518}}"
1785747313.928356,fair-base8-w3-r01-u1-040-u2-055,1,0.4,0.55,EQUAL_100,1.0,0,9.594910233570516,9.594910233570516,1.0,0.0,1.0,1.1579034487229354,4.21850339242379,5.376406841146725,1.0,0.0,11.66739811486486,45.033345,1,"{""ue1"": {""delivered_bps"": 4218503.39242379, ""delivery_ratio"": 1.0, ""offered_bps"": 4218503.39242379}, ""ue2"": {""delivered_bps"": 5376406.841146725, ""delivery_ratio"": 1.0, ""offered_bps"": 5376406.841146725}, ""ue3"": {""delivered_bps"": 127991.08656730065, ""delivery_ratio"": 1.0, ""jitter_ms"": 11.66739811486486, ""loss_percent"": 0.0, ""offered_bps"": 127991.08656730065, ""rtt_p95_ms"": 45.033345}}"
1785747315.052093,fair-base8-w3-r01-u1-040-u2-055,1,0.4,0.55,EQUAL_100,1.0,1,10.64,10.64,1.0,0.0,1.0,1.68,4.48,6.16,1.0,0.0,11.971126489932884,75.075499,0,"{""ue1"": {""delivered_bps"": 4480000.0, ""delivery_ratio"": 1.0, ""offered_bps"": 4480000.0}, ""ue2"": {""delivered_bps"": 6160000.0, ""delivery_ratio"": 1.0, ""offered_bps"": 6160000.0}, ""ue3"": {""delivered_bps"": 127990.1990274559, ""delivery_ratio"": 1.0, ""jitter_ms"": 11.971126489932884, ""loss_percent"": 0.0, ""offered_bps"": 127990.1990274559, ""rtt_p95_ms"": 75.075499}}"
1785747316.176927,fair-base8-w3-r01-u1-040-u2-055,1,0.4,0.55,EQUAL_100,1.0,2,8.82487269774704,8.82487269774704,1.0,0.0,1.0,0.13512730225296038,4.48,4.344872697747039,1.0,0.0,11.830323074324323,71.110943,0,"{""ue1"": {""delivered_bps"": 4480000.0, ""delivery_ratio"": 1.0, ""offered_bps"": 4480000.0}, ""ue2"": {""delivered_bps"": 4344872.69774704, ""delivery_ratio"": 1.0, ""offered_bps"": 4344872.69774704}, ""ue3"": {""delivered_bps"": 125431.96833570306, ""delivery_ratio"": 1.0, ""jitter_ms"": 11.830323074324323, ""loss_percent"": 0.0, ""offered_bps"": 127991.80442418679, ""rtt_p95_ms"": 71.110943}}"
1785747321.449546,fair-base8-w3-r01-u1-040-u2-055,1,0.4,0.55,STRONG_40,0.4,0,3.837937577225879,3.837937577225879,1.0,0.0,1.0,0.46318789569150165,1.6873748407671887,2.1505627364586903,1.0,0.0,10.783462147651008,39.479135,1,"{""ue1"": {""delivered_bps"": 1687374.8407671887, ""delivery_ratio"": 1.0, ""offered_bps"": 1687374.8407671887}, ""ue2"": {""delivered_bps"": 2150562.7364586904, ""delivery_ratio"": 1.0, ""offered_bps"": 2150562.7364586904}, ""ue3"": {""delivered_bps"": 127991.14352653157, ""delivery_ratio"": 1.0, ""jitter_ms"": 10.783462147651008, ""loss_percent"": 0.0, ""offered_bps"": 127991.14352653157, ""rtt_p95_ms"": 39.479135}}"
1785747322.5705607,fair-base8-w3-r01-u1-040-u2-055,1,0.4,0.55,STRONG_40,0.4,1,4.256,4.256,1.0,0.0,1.0,0.6719999999999998,1.7920000000000003,2.464,1.0,0.0,10.711633932885903,40.870903,1,"{""ue1"": {""delivered_bps"": 1792000.0000000002, ""delivery_ratio"": 1.0, ""offered_bps"": 1792000.0000000002}, ""ue2"": {""delivered_bps"": 2464000.0, ""delivery_ratio"": 1.0, ""offered_bps"": 2464000.0}, ""ue3"": {""delivered_bps"": 127991.13328340168, ""delivery_ratio"": 1.0, ""jitter_ms"": 10.711633932885903, ""loss_percent"": 0.0, ""offered_bps"": 127991.13328340168, ""rtt_p95_ms"": 40.870903}}"
1785747323.711021,fair-base8-w3-r01-u1-040-u2-055,1,0.4,0.55,STRONG_40,0.4,2,4.256,4.256,1.0,0.0,1.0,0.6719999999999998,1.7920000000000003,2.464,0.9733333333333334,2.6666666666666665,11.922224999999997,47.021955,0,"{""ue1"": {""delivered_bps"": 1792000.0000000002, ""delivery_ratio"": 1.0, ""offered_bps"": 1792000.0000000002}, ""ue2"": {""delivered_bps"": 2464000.0, ""delivery_ratio"": 1.0, ""offered_bps"": 2464000.0}, ""ue3"": {""delivered_bps"": 115190.79775414453, ""delivery_ratio"": 0.9733333333333334, ""jitter_ms"": 11.922224999999997, ""loss_percent"": 2.6666666666666665, ""offered_bps"": 127989.7752823828, ""rtt_p95_ms"": 47.021955}}"
1785747328.9120915,fair-base8-w3-r01-u1-040-u2-075,1,0.4,0.75,MEDIUM_70,0.7,0,8.084961936387748,8.084961936387748,1.0,0.0,1.0,2.1790874876196344,2.952937224384057,5.132024712003691,1.0,0.0,10.994661845637582,54.596145,1,"{""ue1"": {""delivered_bps"": 2952937.224384057, ""delivery_ratio"": 1.0, ""offered_bps"": 2952937.224384057}, ""ue2"": {""delivered_bps"": 5132024.712003691, ""delivery_ratio"": 1.0, ""offered_bps"": 5132024.712003691}, ""ue3"": {""delivered_bps"": 125430.38526430339, ""delivery_ratio"": 1.0, ""jitter_ms"": 10.994661845637582, ""loss_percent"": 0.0, ""offered_bps"": 127990.18904520755, ""rtt_p95_ms"": 54.596145}}"
1785747330.065473,fair-base8-w3-r01-u1-040-u2-075,1,0.4,0.75,MEDIUM_70,0.7,1,9.015999999999998,9.015999999999998,1.0,0.0,1.0,2.7439999999999993,3.1359999999999997,5.879999999999999,1.0,0.0,9.912407073825506,39.519682,1,"{""ue1"": {""delivered_bps"": 3135999.9999999995, ""delivery_ratio"": 1.0, ""offered_bps"": 3135999.9999999995}, ""ue2"": {""delivered_bps"": 5879999.999999999, ""delivery_ratio"": 1.0, ""offered_bps"": 5879999.999999999}, ""ue3"": {""delivered_bps"": 127990.3003771627, ""delivery_ratio"": 1.0, ""jitter_ms"": 9.912407073825506, ""loss_percent"": 0.0, ""offered_bps"": 127990.3003771627, ""rtt_p95_ms"": 39.519682}}"
1785747331.1830869,fair-base8-w3-r01-u1-040-u2-075,1,0.4,0.75,MEDIUM_70,0.7,2,7.283378484213081,7.283378484213081,1.0,0.0,1.0,1.0113784842130822,3.1359999999999997,4.147378484213082,1.0,0.0,10.533269398648647,46.946933,1,"{""ue1"": {""delivered_bps"": 3135999.9999999995, ""delivery_ratio"": 1.0, ""offered_bps"": 3135999.9999999995}, ""ue2"": {""delivered_bps"": 4147378.4842130817, ""delivery_ratio"": 1.0, ""offered_bps"": 4147378.4842130817}, ""ue3"": {""delivered_bps"": 127990.79272820221, ""delivery_ratio"": 1.0, ""jitter_ms"": 10.533269398648647, ""loss_percent"": 0.0, ""offered_bps"": 127990.79272820221, ""rtt_p95_ms"": 46.946933}}"
1785747336.4936714,fair-base8-w3-r01-u1-040-u2-075,1,0.4,0.75,STRONG_40,0.4,0,4.619961788910627,4.619961788910627,1.0,0.0,1.0,1.2452093105221653,1.6873762391942304,2.932585549716396,1.0,0.0,10.903476060402685,37.221094,1,"{""ue1"": {""delivered_bps"": 1687376.2391942304, ""delivery_ratio"": 1.0, ""offered_bps"": 1687376.2391942304}, ""ue2"": {""delivered_bps"": 2932585.549716396, ""delivery_ratio"": 1.0, ""offered_bps"": 2932585.549716396}, ""ue3"": {""delivered_bps"": 127989.49602769678, ""delivery_ratio"": 1.0, ""jitter_ms"": 10.903476060402685, ""loss_percent"": 0.0, ""offered_bps"": 127989.49602769678, ""rtt_p95_ms"": 37.221094}}"
1785747337.6260087,fair-base8-w3-r01-u1-040-u2-075,1,0.4,0.75,STRONG_40,0.4,1,5.152000000000001,5.152000000000001,1.0,0.0,1.0,1.5680000000000003,1.7920000000000003,3.3600000000000003,1.0,0.0,10.651752979865767,36.691802,1,"{""ue1"": {""delivered_bps"": 1792000.0000000002, ""delivery_ratio"": 1.0, ""offered_bps"": 1792000.0000000002}, ""ue2"": {""delivered_bps"": 3360000.0000000005, ""delivery_ratio"": 1.0, ""offered_bps"": 3360000.0000000005}, ""ue3"": {""delivered_bps"": 127965.0972614058, ""delivery_ratio"": 1.0, ""jitter_ms"": 10.651752979865767, ""loss_percent"": 0.0, ""offered_bps"": 127965.0972614058, ""rtt_p95_ms"": 36.691802}}"
1785747338.7595778,fair-base8-w3-r01-u1-040-u2-075,1,0.4,0.75,STRONG_40,0.4,2,5.152000000000001,5.152000000000001,1.0,0.0,1.0,1.5680000000000003,1.7920000000000003,3.3600000000000003,1.0,0.0,10.343474395973152,37.952441,1,"{""ue1"": {""delivered_bps"": 1792000.0000000002, ""delivery_ratio"": 1.0, ""offered_bps"": 1792000.0000000002}, ""ue2"": {""delivered_bps"": 3360000.0000000005, ""delivery_ratio"": 1.0, ""offered_bps"": 3360000.0000000005}, ""ue3"": {""delivered_bps"": 127990.56248664891, ""delivery_ratio"": 1.0, ""jitter_ms"": 10.343474395973152, ""loss_percent"": 0.0, ""offered_bps"": 127990.56248664891, ""rtt_p95_ms"": 37.952441}}"
1785747344.0898018,fair-base8-w3-r01-u1-040-u2-075,1,0.4,0.75,LIGHT_85,0.85,0,9.817442732006132,9.817442732006132,1.0,0.0,1.0,2.646045854288547,3.5856984388587927,6.231744293147339,1.0,0.0,11.011685281879194,44.681148,1,"{""ue1"": {""delivered_bps"": 3585698.4388587927, ""delivery_ratio"": 1.0, ""offered_bps"": 3585698.4388587927}, ""ue2"": {""delivered_bps"": 6231744.2931473395, ""delivery_ratio"": 1.0, ""offered_bps"": 6231744.2931473395}, ""ue3"": {""delivered_bps"": 125430.72941574817, ""delivery_ratio"": 1.0, ""jitter_ms"": 11.011685281879194, ""loss_percent"": 0.0, ""offered_bps"": 127990.54022015119, ""rtt_p95_ms"": 44.681148}}"
1785747345.2258618,fair-base8-w3-r01-u1-040-u2-075,1,0.4,0.75,LIGHT_85,0.85,1,10.948,10.948,1.0,0.0,1.0,3.331999999999999,3.808,7.139999999999999,1.0,0.0,11.284507872483221,50.074122,1,"{""ue1"": {""delivered_bps"": 3808000.0, ""delivery_ratio"": 1.0, ""offered_bps"": 3808000.0}, ""ue2"": {""delivered_bps"": 7139999.999999999, ""delivery_ratio"": 1.0, ""offered_bps"": 7139999.999999999}, ""ue3"": {""delivered_bps"": 127988.62463009944, ""delivery_ratio"": 1.0, ""jitter_ms"": 11.284507872483221, ""loss_percent"": 0.0, ""offered_bps"": 127988.62463009944, ""rtt_p95_ms"": 50.074122}}"
1785747346.352058,fair-base8-w3-r01-u1-040-u2-075,1,0.4,0.75,LIGHT_85,0.85,2,8.844102445115887,8.844102445115887,1.0,0.0,1.0,1.2281024451158857,3.808,5.036102445115886,1.0,0.0,10.760609496644296,50.074122,1,"{""ue1"": {""delivered_bps"": 3808000.0, ""delivery_ratio"": 1.0, ""offered_bps"": 3808000.0}, ""ue2"": {""delivered_bps"": 5036102.445115886, ""delivery_ratio"": 1.0, ""offered_bps"": 5036102.445115886}, ""ue3"": {""delivered_bps"": 130549.87493661913, ""delivery_ratio"": 1.0, ""jitter_ms"": 10.760609496644296, ""loss_percent"": 0.0, ""offered_bps"": 127990.07346727366, ""rtt_p95_ms"": 50.074122}}"
1785747351.6637573,fair-base8-w3-r01-u1-040-u2-075,1,0.4,0.75,EQUAL_100,1.0,0,11.549933614889868,11.549933614889868,1.0,0.0,1.0,3.1129941336921108,4.218469740598878,7.331463874290989,1.0,0.0,9.988918666666668,45.203378,1,"{""ue1"": {""delivered_bps"": 4218469.740598878, ""delivery_ratio"": 1.0, ""offered_bps"": 4218469.740598878}, ""ue2"": {""delivered_bps"": 7331463.874290989, ""delivery_ratio"": 1.0, ""offered_bps"": 7331463.874290989}, ""ue3"": {""delivered_bps"": 127990.205039154, ""delivery_ratio"": 1.0, ""jitter_ms"": 9.988918666666668, ""loss_percent"": 0.0, ""offered_bps"": 127990.205039154, ""rtt_p95_ms"": 45.203378}}"
1785747352.786177,fair-base8-w3-r01-u1-040-u2-075,1,0.4,0.75,EQUAL_100,1.0,1,12.879999999999999,12.879999999999999,1.0,0.0,1.0,3.919999999999998,4.48,8.399999999999999,1.0,0.0,10.75794603355704,49.718038,1,"{""ue1"": {""delivered_bps"": 4480000.0, ""delivery_ratio"": 1.0, ""offered_bps"": 4480000.0}, ""ue2"": {""delivered_bps"": 8399999.999999998, ""delivery_ratio"": 1.0, ""offered_bps"": 8399999.999999998}, ""ue3"": {""delivered_bps"": 125429.15426725161, ""delivery_ratio"": 1.0, ""jitter_ms"": 10.75794603355704, ""loss_percent"": 0.0, ""offered_bps"": 127988.93292576695, ""rtt_p95_ms"": 49.718038}}"
1785747353.9144256,fair-base8-w3-r01-u1-040-u2-075,1,0.4,0.75,EQUAL_100,1.0,2,10.404826406018689,10.404826406018689,1.0,0.0,1.0,1.4448264060186902,4.48,5.92482640601869,1.0,0.0,11.682474620000002,91.7428,0,"{""ue1"": {""delivered_bps"": 4480000.0, ""delivery_ratio"": 1.0, ""offered_bps"": 4480000.0}, ""ue2"": {""delivered_bps"": 5924826.40601869, ""delivery_ratio"": 1.0, ""offered_bps"": 5924826.40601869}, ""ue3"": {""delivered_bps"": 130550.6392579137, ""delivery_ratio"": 1.0, ""jitter_ms"": 11.682474620000002, ""loss_percent"": 0.0, ""offered_bps"": 127990.82280187619, ""rtt_p95_ms"": 91.7428}}"
1785747359.2345176,fair-base8-w3-r01-u1-055-u2-040,1,0.55,0.4,MEDIUM_70,0.7,0,6.79734463152799,6.79734463152799,1.0,0.0,1.0,1.3231849387240535,4.060264785126022,2.7370798464019686,1.0,0.0,10.787165255033559,38.730867,1,"{""ue1"": {""delivered_bps"": 4060264.785126022, ""delivery_ratio"": 1.0, ""offered_bps"": 4060264.785126022}, ""ue2"": {""delivered_bps"": 2737079.8464019685, ""delivery_ratio"": 1.0, ""offered_bps"": 2737079.8464019685}, ""ue3"": {""delivered_bps"": 125429.3460319941, ""delivery_ratio"": 1.0, ""jitter_ms"": 10.787165255033559, ""loss_percent"": 0.0, ""offered_bps"": 127989.12860407561, ""rtt_p95_ms"": 38.730867}}"
1785747360.405987,fair-base8-w3-r01-u1-055-u2-040,1,0.55,0.4,MEDIUM_70,0.7,1,7.447999999999998,7.447999999999998,1.0,0.0,1.0,1.1759999999999995,4.311999999999999,3.1359999999999997,1.0,0.0,11.091536812080536,41.401601,1,"{""ue1"": {""delivered_bps"": 4311999.999999999, ""delivery_ratio"": 1.0, ""offered_bps"": 4311999.999999999}, ""ue2"": {""delivered_bps"": 3135999.9999999995, ""delivery_ratio"": 1.0, ""offered_bps"": 3135999.9999999995}, ""ue3"": {""delivered_bps"": 130549.95613331674, ""delivery_ratio"": 1.0, ""jitter_ms"": 11.091536812080536, ""loss_percent"": 0.0, ""offered_bps"": 127990.15307187916, ""rtt_p95_ms"": 41.401601}}"
1785747361.5387535,fair-base8-w3-r01-u1-055-u2-040,1,0.55,0.4,MEDIUM_70,0.7,2,6.5239351915803105,6.5239351915803105,1.0,0.0,1.0,2.1000648084196882,4.311999999999999,2.2119351915803107,1.0,0.0,11.328931288590608,63.530052,0,"{""ue1"": {""delivered_bps"": 4311999.999999999, ""delivery_ratio"": 1.0, ""offered_bps"": 4311999.999999999}, ""ue2"": {""delivered_bps"": 2211935.191580311, ""delivery_ratio"": 1.0, ""offered_bps"": 2211935.191580311}, ""ue3"": {""delivered_bps"": 127990.24778405704, ""delivery_ratio"": 1.0, ""jitter_ms"": 11.328931288590608, ""loss_percent"": 0.0, ""offered_bps"": 127990.24778405704, ""rtt_p95_ms"": 63.530052}}"
1785747366.8707557,fair-base8-w3-r01-u1-055-u2-040,1,0.55,0.4,EQUAL_100,1.0,0,9.710467475919266,9.710467475919266,1.0,0.0,1.0,1.8902393433422102,5.800353409630738,3.910114066288527,1.0,0.0,10.620058406666669,42.414191,1,"{""ue1"": {""delivered_bps"": 5800353.409630737, ""delivery_ratio"": 1.0, ""offered_bps"": 5800353.409630737}, ""ue2"": {""delivered_bps"": 3910114.066288527, ""delivery_ratio"": 1.0, ""offered_bps"": 3910114.066288527}, ""ue3"": {""delivered_bps"": 130556.43776554894, ""delivery_ratio"": 1.0, ""jitter_ms"": 10.620058406666669, ""loss_percent"": 0.0, ""offered_bps"": 127996.50761328328, ""rtt_p95_ms"": 42.414191}}"
1785747367.9989202,fair-base8-w3-r01-u1-055-u2-040,1,0.55,0.4,EQUAL_100,1.0,1,10.64,10.64,1.0,0.0,1.0,1.68,6.16,4.48,1.0,0.0,10.23291067114094,41.453499,1,"{""ue1"": {""delivered_bps"": 6160000.0, ""delivery_ratio"": 1.0, ""offered_bps"": 6160000.0}, ""ue2"": {""delivered_bps"": 4480000.0, ""delivery_ratio"": 1.0, ""offered_bps"": 4480000.0}, ""ue3"": {""delivered_bps"": 127863.05035889773, ""delivery_ratio"": 1.0, ""jitter_ms"": 10.23291067114094, ""loss_percent"": 0.0, ""offered_bps"": 130420.31136607568, ""rtt_p95_ms"": 41.453499}}"
1785747369.1242497,fair-base8-w3-r01-u1-055-u2-040,1,0.55,0.4,EQUAL_100,1.0,2,9.319907416543302,9.319907416543302,1.0,0.0,1.0,3.0000925834566985,6.16,3.1599074165433017,1.0,0.0,13.106684073333332,100.263804,0,"{""ue1"": {""delivered_bps"": 6160000.0, ""delivery_ratio"": 1.0, ""offered_bps"": 6160000.0}, ""ue2"": {""delivered_bps"": 3159907.4165433017, ""delivery_ratio"": 1.0, ""offered_bps"": 3159907.4165433017}, ""ue3"": {""delivered_bps"": 127991.08196348326, ""delivery_ratio"": 1.0, ""jitter_ms"": 13.106684073333332, ""loss_percent"": 0.0, ""offered_bps"": 127991.08196348326, ""rtt_p95_ms"": 100.263804}}"
1785747374.4306476,fair-base8-w3-r01-u1-055-u2-040,1,0.55,0.4,LIGHT_85,0.85,0,8.253933994119727,8.253933994119727,1.0,0.0,1.0,1.60674008142923,4.930337037774478,3.323596956345248,1.0,0.0,10.082972758389259,38.744233,1,"{""ue1"": {""delivered_bps"": 4930337.037774478, ""delivery_ratio"": 1.0, ""offered_bps"": 4930337.037774478}, ""ue2"": {""delivered_bps"": 3323596.956345248, ""delivery_ratio"": 1.0, ""offered_bps"": 3323596.956345248}, ""ue3"": {""delivered_bps"": 127991.3161700765, ""delivery_ratio"": 1.0, ""jitter_ms"": 10.082972758389259, ""loss_percent"": 0.0, ""offered_bps"": 127991.3161700765, ""rtt_p95_ms"": 38.744233}}"
1785747375.5895152,fair-base8-w3-r01-u1-055-u2-040,1,0.55,0.4,LIGHT_85,0.85,1,9.044,9.044,1.0,0.0,1.0,1.428,5.236,3.808,1.0,0.0,10.440735766666666,38.638062,1,"{""ue1"": {""delivered_bps"": 5236000.0, ""delivery_ratio"": 1.0, ""offered_bps"": 5236000.0}, ""ue2"": {""delivered_bps"": 3808000.0, ""delivery_ratio"": 1.0, ""offered_bps"": 3808000.0}, ""ue3"": {""delivered_bps"": 130550.6205959942, ""delivery_ratio"": 1.0, ""jitter_ms"": 10.440735766666666, ""loss_percent"": 0.0, ""offered_bps"": 127990.80450587666, ""rtt_p95_ms"": 38.638062}}"
1785747376.7181146,fair-base8-w3-r01-u1-055-u2-040,1,0.55,0.4,LIGHT_85,0.85,2,7.921921304061806,7.921921304061806,1.0,0.0,1.0,2.550078695938194,5.236,2.6859213040618064,1.0,0.0,10.261261516778527,38.541508,1,"{""ue1"": {""delivered_bps"": 5236000.0, ""delivery_ratio"": 1.0, ""offered_bps"": 5236000.0}, ""ue2"": {""delivered_bps"": 2685921.3040618063, ""delivery_ratio"": 1.0, ""offered_bps"": 2685921.3040618063}, ""ue3"": {""delivered_bps"": 125429.80218009441, ""delivery_ratio"": 1.0, ""jitter_ms"": 10.261261516778527, ""loss_percent"": 0.0, ""offered_bps"": 127989.59406132082, ""rtt_p95_ms"": 38.541508}}"
1785747382.060007,fair-base8-w3-r01-u1-055-u2-040,1,0.55,0.4,STRONG_40,0.4,0,3.884287898634763,3.884287898634763,1.0,0.0,1.0,0.7561966456039404,2.320242272119352,1.5640456265154112,1.0,0.0,11.2059874054054,35.284334,1,"{""ue1"": {""delivered_bps"": 2320242.2721193517, ""delivery_ratio"": 1.0, ""offered_bps"": 2320242.2721193517}, ""ue2"": {""delivered_bps"": 1564045.6265154113, ""delivery_ratio"": 1.0, ""offered_bps"": 1564045.6265154113}, ""ue3"": {""delivered_bps"": 125431.03569394405, ""delivery_ratio"": 1.0, ""jitter_ms"": 11.2059874054054, ""loss_percent"": 0.0, ""offered_bps"": 127990.85274892251, ""rtt_p95_ms"": 35.284334}}"
1785747383.1942298,fair-base8-w3-r01-u1-055-u2-040,1,0.55,0.4,STRONG_40,0.4,1,4.256,4.256,1.0,0.0,1.0,0.6719999999999998,2.464,1.7920000000000003,1.0,0.0,11.122619886666664,36.934082,1,"{""ue1"": {""delivered_bps"": 2464000.0, ""delivery_ratio"": 1.0, ""offered_bps"": 2464000.0}, ""ue2"": {""delivered_bps"": 1792000.0000000002, ""delivery_ratio"": 1.0, ""offered_bps"": 1792000.0000000002}, ""ue3"": {""delivered_bps"": 130550.226356593, ""delivery_ratio"": 1.0, ""jitter_ms"": 11.122619886666664, ""loss_percent"": 0.0, ""offered_bps"": 127990.4179966598, ""rtt_p95_ms"": 36.934082}}"
1785747384.319865,fair-base8-w3-r01-u1-055-u2-040,1,0.55,0.4,STRONG_40,0.4,2,4.256,4.256,1.0,0.0,1.0,0.6719999999999998,2.464,1.7920000000000003,1.0,0.0,11.469637067114096,49.630221,1,"{""ue1"": {""delivered_bps"": 2464000.0, ""delivery_ratio"": 1.0, ""offered_bps"": 2464000.0}, ""ue2"": {""delivered_bps"": 1792000.0000000002, ""delivery_ratio"": 1.0, ""offered_bps"": 1792000.0000000002}, ""ue3"": {""delivered_bps"": 127990.51142791988, ""delivery_ratio"": 1.0, ""jitter_ms"": 11.469637067114096, ""loss_percent"": 0.0, ""offered_bps"": 127990.51142791988, ""rtt_p95_ms"": 49.630221}}"
1785747389.5933886,fair-base8-w3-r01-u1-055-u2-055,1,0.55,0.55,EQUAL_100,1.0,0,11.176736534500789,11.176736534500789,1.0,0.0,1.0,0.4239228522073394,5.8003296933540645,5.376406841146725,1.0,0.0,9.562576540540539,38.844343,1,"{""ue1"": {""delivered_bps"": 5800329.693354065, ""delivery_ratio"": 1.0, ""offered_bps"": 5800329.693354065}, ""ue2"": {""delivered_bps"": 5376406.841146725, ""delivery_ratio"": 1.0, ""offered_bps"": 5376406.841146725}, ""ue3"": {""delivered_bps"": 127989.66995553959, ""delivery_ratio"": 1.0, ""jitter_ms"": 9.562576540540539, ""loss_percent"": 0.0, ""offered_bps"": 127989.66995553959, ""rtt_p95_ms"": 38.844343}}"
1785747390.7464337,fair-base8-w3-r01-u1-055-u2-055,1,0.55,0.55,EQUAL_100,1.0,1,12.32,12.32,1.0,0.0,1.0,0.0,6.16,6.16,1.0,0.0,11.375462228187923,79.864712,0,"{""ue1"": {""delivered_bps"": 6160000.0, ""delivery_ratio"": 1.0, ""offered_bps"": 6160000.0}, ""ue2"": {""delivered_bps"": 6160000.0, ""delivery_ratio"": 1.0, ""offered_bps"": 6160000.0}, ""ue3"": {""delivered_bps"": 130550.09359653186, ""delivery_ratio"": 1.0, ""jitter_ms"": 11.375462228187923, ""loss_percent"": 0.0, ""offered_bps"": 127990.28783973712, ""rtt_p95_ms"": 79.864712}}"
1785747391.8723266,fair-base8-w3-r01-u1-055-u2-055,1,0.55,0.55,EQUAL_100,1.0,2,10.504872697747041,10.504872697747041,1.0,0.0,1.0,1.8151273022529604,6.16,4.344872697747039,1.0,0.0,12.694003886666664,107.864897,0,"{""ue1"": {""delivered_bps"": 6160000.0, ""delivery_ratio"": 1.0, ""offered_bps"": 6160000.0}, ""ue2"": {""delivered_bps"": 4344872.69774704, ""delivery_ratio"": 1.0, ""offered_bps"": 4344872.69774704}, ""ue3"": {""delivered_bps"": 127990.5235854659, ""delivery_ratio"": 1.0, ""jitter_ms"": 12.694003886666664, ""loss_percent"": 0.0, ""offered_bps"": 127990.5235854659, ""rtt_p95_ms"": 107.864897}}"
1785747397.1806357,fair-base8-w3-r01-u1-055-u2-055,1,0.55,0.55,MEDIUM_70,0.7,0,7.823726487621753,7.823726487621753,1.0,0.0,1.0,0.29675691001633836,4.060241698819046,3.7634847888027076,1.0,0.0,10.168910804054049,40.754304,1,"{""ue1"": {""delivered_bps"": 4060241.698819046, ""delivery_ratio"": 1.0, ""offered_bps"": 4060241.698819046}, ""ue2"": {""delivered_bps"": 3763484.7888027076, ""delivery_ratio"": 1.0, ""offered_bps"": 3763484.7888027076}, ""ue3"": {""delivered_bps"": 125430.83852896343, ""delivery_ratio"": 1.0, ""jitter_ms"": 10.168910804054049, ""loss_percent"": 0.0, ""offered_bps"": 127990.65156016676, ""rtt_p95_ms"": 40.754304}}"
1785747398.3052757,fair-base8-w3-r01-u1-055-u2-055,1,0.55,0.55,MEDIUM_70,0.7,1,8.623999999999999,8.623999999999999,1.0,0.0,1.0,0.0,4.311999999999999,4.311999999999999,1.0,0.0,12.72663375838927,87.580541,0,"{""ue1"": {""delivered_bps"": 4311999.999999999, ""delivery_ratio"": 1.0, ""offered_bps"": 4311999.999999999}, ""ue2"": {""delivered_bps"": 4311999.999999999, ""delivery_ratio"": 1.0, ""offered_bps"": 4311999.999999999}, ""ue3"": {""delivered_bps"": 127990.7092863089, ""delivery_ratio"": 1.0, ""jitter_ms"": 12.72663375838927, ""loss_percent"": 0.0, ""offered_bps"": 127990.7092863089, ""rtt_p95_ms"": 87.580541}}"
1785747399.4655993,fair-base8-w3-r01-u1-055-u2-055,1,0.55,0.55,MEDIUM_70,0.7,2,8.623999999999999,8.623999999999999,1.0,0.0,1.0,0.0,4.311999999999999,4.311999999999999,1.0,0.0,12.37843433557047,87.580541,0,"{""ue1"": {""delivered_bps"": 4311999.999999999, ""delivery_ratio"": 1.0, ""offered_bps"": 4311999.999999999}, ""ue2"": {""delivered_bps"": 4311999.999999999, ""delivery_ratio"": 1.0, ""offered_bps"": 4311999.999999999}, ""ue3"": {""delivered_bps"": 130550.4264773946, ""delivery_ratio"": 1.0, ""jitter_ms"": 12.37843433557047, ""loss_percent"": 0.0, ""offered_bps"": 127990.61419352412, ""rtt_p95_ms"": 87.580541}}"
1785747404.741847,fair-base8-w3-r01-u1-055-u2-055,1,0.55,0.55,LIGHT_85,0.85,0,9.500260366743104,9.500260366743104,1.0,0.0,1.0,0.3603687367936708,4.9303145517683875,4.569945814974717,1.0,0.0,10.050437621621622,38.014901,1,"{""ue1"": {""delivered_bps"": 4930314.551768388, ""delivery_ratio"": 1.0, ""offered_bps"": 4930314.551768388}, ""ue2"": {""delivered_bps"": 4569945.814974717, ""delivery_ratio"": 1.0, ""offered_bps"": 4569945.814974717}, ""ue3"": {""delivered_bps"": 127990.4395032693, ""delivery_ratio"": 1.0, ""jitter_ms"": 10.050437621621622, ""loss_percent"": 0.0, ""offered_bps"": 127990.4395032693, ""rtt_p95_ms"": 38.014901}}"
1785747405.8897102,fair-base8-w3-r01-u1-055-u2-055,1,0.55,0.55,LIGHT_85,0.85,1,10.472,10.472,1.0,0.0,1.0,0.0,5.236,5.236,1.0,0.0,9.538138302013424,41.225438,1,"{""ue1"": {""delivered_bps"": 5236000.0, ""delivery_ratio"": 1.0, ""offered_bps"": 5236000.0}, ""ue2"": {""delivered_bps"": 5236000.0, ""delivery_ratio"": 1.0, ""offered_bps"": 5236000.0}, ""ue3"": {""delivered_bps"": 125430.5677466102, ""delivery_ratio"": 1.0, ""jitter_ms"": 9.538138302013424, ""loss_percent"": 0.0, ""offered_bps"": 127990.37525164307, ""rtt_p95_ms"": 41.225438}}"
1785747407.0098898,fair-base8-w3-r01-u1-055-u2-055,1,0.55,0.55,LIGHT_85,0.85,2,8.929141793084982,8.929141793084982,1.0,0.0,1.0,1.5428582069150163,5.236,3.6931417930849837,1.0,0.0,9.563310666666665,39.836575,1,"{""ue1"": {""delivered_bps"": 5236000.0, ""delivery_ratio"": 1.0, ""offered_bps"": 5236000.0}, ""ue2"": {""delivered_bps"": 3693141.7930849837, ""delivery_ratio"": 1.0, ""offered_bps"": 3693141.7930849837}, ""ue3"": {""delivered_bps"": 130549.9066676018, ""delivery_ratio"": 1.0, ""jitter_ms"": 9.563310666666665, ""loss_percent"": 0.0, ""offered_bps"": 127990.1045760802, ""rtt_p95_ms"": 39.836575}}"
1785747412.2170088,fair-base8-w3-r01-u1-055-u2-055,1,0.55,0.55,STRONG_40,0.4,0,4.470761796070356,4.470761796070356,1.0,0.0,1.0,0.16963632315297564,2.320199059611666,2.1505627364586903,1.0,0.0,12.81141420134228,89.071398,0,"{""ue1"": {""delivered_bps"": 2320199.059611666, ""delivery_ratio"": 1.0, ""offered_bps"": 2320199.059611666}, ""ue2"": {""delivered_bps"": 2150562.7364586904, ""delivery_ratio"": 1.0, ""offered_bps"": 2150562.7364586904}, ""ue3"": {""delivered_bps"": 127989.96699273011, ""delivery_ratio"": 1.0, ""jitter_ms"": 12.81141420134228, ""loss_percent"": 0.0, ""offered_bps"": 127989.96699273011, ""rtt_p95_ms"": 89.071398}}"
1785747413.3533773,fair-base8-w3-r01-u1-055-u2-055,1,0.55,0.55,STRONG_40,0.4,1,4.928,4.928,1.0,0.0,1.0,0.0,2.464,2.464,1.0,0.0,12.440177637583892,89.071398,0,"{""ue1"": {""delivered_bps"": 2464000.0, ""delivery_ratio"": 1.0, ""offered_bps"": 2464000.0}, ""ue2"": {""delivered_bps"": 2464000.0, ""delivery_ratio"": 1.0, ""offered_bps"": 2464000.0}, ""ue3"": {""delivered_bps"": 127990.21963260931, ""delivery_ratio"": 1.0, ""jitter_ms"": 12.440177637583892, ""loss_percent"": 0.0, ""offered_bps"": 127990.21963260931, ""rtt_p95_ms"": 89.071398}}"
1785747414.5060055,fair-base8-w3-r01-u1-055-u2-055,1,0.55,0.55,STRONG_40,0.4,2,4.928,4.928,1.0,0.0,1.0,0.0,2.464,2.464,1.0,0.0,11.523503778523486,78.660972,0,"{""ue1"": {""delivered_bps"": 2464000.0, ""delivery_ratio"": 1.0, ""offered_bps"": 2464000.0}, ""ue2"": {""delivered_bps"": 2464000.0, ""delivery_ratio"": 1.0, ""offered_bps"": 2464000.0}, ""ue3"": {""delivered_bps"": 127990.19761206239, ""delivery_ratio"": 1.0, ""jitter_ms"": 11.523503778523486, ""loss_percent"": 0.0, ""offered_bps"": 127990.19761206239, ""rtt_p95_ms"": 78.660972}}"
1785747419.8307965,fair-base8-w3-r01-u1-025-u2-075,1,0.25,0.75,STRONG_40,0.4,0,3.987200965438774,3.987200965438774,1.0,0.0,1.0,1.877970133994018,1.054615415722378,2.932585549716396,1.0,0.0,12.140726013422826,60.047733,0,"{""ue1"": {""delivered_bps"": 1054615.4157223778, ""delivery_ratio"": 1.0, ""offered_bps"": 1054615.4157223778}, ""ue2"": {""delivered_bps"": 2932585.549716396, ""delivery_ratio"": 1.0, ""offered_bps"": 2932585.549716396}, ""ue3"": {""delivered_bps"": 130548.46447354897, ""delivery_ratio"": 1.0, ""jitter_ms"": 12.140726013422826, ""loss_percent"": 0.0, ""offered_bps"": 127988.69066034214, ""rtt_p95_ms"": 60.047733}}"
1785747420.9496899,fair-base8-w3-r01-u1-025-u2-075,1,0.25,0.75,STRONG_40,0.4,1,4.48,4.48,1.0,0.0,1.0,2.2400000000000007,1.12,3.3600000000000003,1.0,0.0,12.73399994630873,79.032646,0,"{""ue1"": {""delivered_bps"": 1120000.0, ""delivery_ratio"": 1.0, ""offered_bps"": 1120000.0}, ""ue2"": {""delivered_bps"": 3360000.0000000005, ""delivery_ratio"": 1.0, ""offered_bps"": 3360000.0000000005}, ""ue3"": {""delivered_bps"": 127990.4868521032, ""delivery_ratio"": 1.0, ""jitter_ms"": 12.73399994630873, ""loss_percent"": 0.0, ""offered_bps"": 127990.4868521032, ""rtt_p95_ms"": 79.032646}}"
1785747422.0675972,fair-base8-w3-r01-u1-025-u2-075,1,0.25,0.75,STRONG_40,0.4,2,4.48,4.48,1.0,0.0,1.0,2.2400000000000007,1.12,3.3600000000000003,1.0,0.0,12.794954513333334,79.247564,0,"{""ue1"": {""delivered_bps"": 1120000.0, ""delivery_ratio"": 1.0, ""offered_bps"": 1120000.0}, ""ue2"": {""delivered_bps"": 3360000.0000000005, ""delivery_ratio"": 1.0, ""offered_bps"": 3360000.0000000005}, ""ue3"": {""delivered_bps"": 127990.4009746342, ""delivery_ratio"": 1.0, ""jitter_ms"": 12.794954513333334, ""loss_percent"": 0.0, ""offered_bps"": 127990.4009746342, ""rtt_p95_ms"": 79.247564}}"
1785747427.3126612,fair-base8-w3-r01-u1-025-u2-075,1,0.25,0.75,MEDIUM_70,0.7,0,6.9775965967635765,6.9775965967635765,1.0,0.0,1.0,3.286452827243806,1.8455718847598854,5.132024712003691,1.0,0.0,11.141383865771814,38.853812,1,"{""ue1"": {""delivered_bps"": 1845571.8847598855, ""delivery_ratio"": 1.0, ""offered_bps"": 1845571.8847598855}, ""ue2"": {""delivered_bps"": 5132024.712003691, ""delivery_ratio"": 1.0, ""offered_bps"": 5132024.712003691}, ""ue3"": {""delivered_bps"": 127990.30064534294, ""delivery_ratio"": 1.0, ""jitter_ms"": 11.141383865771814, ""loss_percent"": 0.0, ""offered_bps"": 127990.30064534294, ""rtt_p95_ms"": 38.853812}}"
1785747428.437248,fair-base8-w3-r01-u1-025-u2-075,1,0.25,0.75,MEDIUM_70,0.7,1,7.839999999999999,7.839999999999999,1.0,0.0,1.0,3.919999999999999,1.9599999999999997,5.879999999999999,1.0,0.0,11.354015630872482,38.853812,1,"{""ue1"": {""delivered_bps"": 1959999.9999999998, ""delivery_ratio"": 1.0, ""offered_bps"": 1959999.9999999998}, ""ue2"": {""delivered_bps"": 5879999.999999999, ""delivery_ratio"": 1.0, ""offered_bps"": 5879999.999999999}, ""ue3"": {""delivered_bps"": 127987.2706377853, ""delivery_ratio"": 1.0, ""jitter_ms"": 11.354015630872482, ""loss_percent"": 0.0, ""offered_bps"": 127987.2706377853, ""rtt_p95_ms"": 38.853812}}"
1785747429.592073,fair-base8-w3-r01-u1-025-u2-075,1,0.25,0.75,MEDIUM_70,0.7,2,6.107378484213081,6.107378484213081,1.0,0.0,1.0,2.1873784842130823,1.9599999999999997,4.147378484213082,1.0,0.0,10.769028919463086,41.261827,1,"{""ue1"": {""delivered_bps"": 1959999.9999999998, ""delivery_ratio"": 1.0, ""offered_bps"": 1959999.9999999998}, ""ue2"": {""delivered_bps"": 4147378.4842130817, ""delivery_ratio"": 1.0, ""offered_bps"": 4147378.4842130817}, ""ue3"": {""delivered_bps"": 127990.15039008287, ""delivery_ratio"": 1.0, ""jitter_ms"": 10.769028919463086, ""loss_percent"": 0.0, ""offered_bps"": 127990.15039008287, ""rtt_p95_ms"": 41.261827}}"
1785747434.8820038,fair-base8-w3-r01-u1-025-u2-075,1,0.25,0.75,EQUAL_100,1.0,0,9.9680095469481,9.9680095469481,1.0,0.0,1.0,4.694918201633878,2.6365456726571104,7.331463874290989,1.0,0.0,11.272435973154364,68.615647,0,"{""ue1"": {""delivered_bps"": 2636545.6726571103, ""delivery_ratio"": 1.0, ""offered_bps"": 2636545.6726571103}, ""ue2"": {""delivered_bps"": 7331463.874290989, ""delivery_ratio"": 1.0, ""offered_bps"": 7331463.874290989}, ""ue3"": {""delivered_bps"": 127990.3525978387, ""delivery_ratio"": 1.0, ""jitter_ms"": 11.272435973154364, ""loss_percent"": 0.0, ""offered_bps"": 127990.3525978387, ""rtt_p95_ms"": 68.615647}}"
1785747436.0023162,fair-base8-w3-r01-u1-025-u2-075,1,0.25,0.75,EQUAL_100,1.0,1,11.199999999999998,11.199999999999998,1.0,0.0,1.0,5.599999999999998,2.8,8.399999999999999,1.0,0.0,9.208867073333332,37.562203,1,"{""ue1"": {""delivered_bps"": 2800000.0, ""delivery_ratio"": 1.0, ""offered_bps"": 2800000.0}, ""ue2"": {""delivered_bps"": 8399999.999999998, ""delivery_ratio"": 1.0, ""offered_bps"": 8399999.999999998}, ""ue3"": {""delivered_bps"": 127989.73189714823, ""delivery_ratio"": 1.0, ""jitter_ms"": 9.208867073333332, ""loss_percent"": 0.0, ""offered_bps"": 127989.73189714823, ""rtt_p95_ms"": 37.562203}}"
1785747437.1163094,fair-base8-w3-r01-u1-025-u2-075,1,0.25,0.75,EQUAL_100,1.0,2,8.724826406018689,8.724826406018689,1.0,0.0,1.0,3.1248264060186903,2.8,5.92482640601869,1.0,0.0,10.55350132885906,43.260136,1,"{""ue1"": {""delivered_bps"": 2800000.0, ""delivery_ratio"": 1.0, ""offered_bps"": 2800000.0}, ""ue2"": {""delivered_bps"": 5924826.40601869, ""delivery_ratio"": 1.0, ""offered_bps"": 5924826.40601869}, ""ue3"": {""delivered_bps"": 127989.68326757959, ""delivery_ratio"": 1.0, ""jitter_ms"": 10.55350132885906, ""loss_percent"": 0.0, ""offered_bps"": 127989.68326757959, ""rtt_p95_ms"": 43.260136}}"
1785747442.320521,fair-base8-w3-r01-u1-025-u2-075,1,0.25,0.75,LIGHT_85,0.85,0,8.47277486885704,8.47277486885704,1.0,0.0,1.0,3.990713717437638,2.2410305757097015,6.231744293147339,1.0,0.0,14.013580108108096,84.180427,0,"{""ue1"": {""delivered_bps"": 2241030.5757097015, ""delivery_ratio"": 1.0, ""offered_bps"": 2241030.5757097015}, ""ue2"": {""delivered_bps"": 6231744.2931473395, ""delivery_ratio"": 1.0, ""offered_bps"": 6231744.2931473395}, ""ue3"": {""delivered_bps"": 140788.71591975997, ""delivery_ratio"": 1.0, ""jitter_ms"": 14.013580108108096, ""loss_percent"": 0.0, ""offered_bps"": 127989.74174523633, ""rtt_p95_ms"": 84.180427}}"
1785747443.4354599,fair-base8-w3-r01-u1-025-u2-075,1,0.25,0.75,LIGHT_85,0.85,1,9.52,9.52,1.0,0.0,1.0,4.759999999999999,2.38,7.139999999999999,1.0,0.0,13.203821154362414,103.185949,0,"{""ue1"": {""delivered_bps"": 2380000.0, ""delivery_ratio"": 1.0, ""offered_bps"": 2380000.0}, ""ue2"": {""delivered_bps"": 7139999.999999999, ""delivery_ratio"": 1.0, ""offered_bps"": 7139999.999999999}, ""ue3"": {""delivered_bps"": 130550.03355369453, ""delivery_ratio"": 1.0, ""jitter_ms"": 13.203821154362414, ""loss_percent"": 0.0, ""offered_bps"": 127990.22897421033, ""rtt_p95_ms"": 103.185949}}"
1785747444.5740237,fair-base8-w3-r01-u1-025-u2-075,1,0.25,0.75,LIGHT_85,0.85,2,7.416102445115886,7.416102445115886,1.0,0.0,1.0,2.6561024451158857,2.38,5.036102445115886,1.0,0.0,12.528861403973506,115.417228,0,"{""ue1"": {""delivered_bps"": 2380000.0, ""delivery_ratio"": 1.0, ""offered_bps"": 2380000.0}, ""ue2"": {""delivered_bps"": 5036102.445115886, ""delivery_ratio"": 1.0, ""offered_bps"": 5036102.445115886}, ""ue3"": {""delivered_bps"": 117752.15369889996, ""delivery_ratio"": 1.0, ""jitter_ms"": 12.528861403973506, ""loss_percent"": 0.0, ""offered_bps"": 127991.47141184779, ""rtt_p95_ms"": 115.417228}}"
1785747449.815243,fair-base8-w3-r01-u1-075-u2-025,1,0.75,0.25,STRONG_40,0.4,0,4.141367864081138,4.141367864081138,1.0,0.0,1.0,2.186310830936874,3.163839347509006,0.9775285165721318,1.0,0.0,8.704630845637576,33.665266,1,"{""ue1"": {""delivered_bps"": 3163839.347509006, ""delivery_ratio"": 1.0, ""offered_bps"": 3163839.347509006}, ""ue2"": {""delivered_bps"": 977528.5165721318, ""delivery_ratio"": 1.0, ""offered_bps"": 977528.5165721318}, ""ue3"": {""delivered_bps"": 127990.69265157968, ""delivery_ratio"": 1.0, ""jitter_ms"": 8.704630845637576, ""loss_percent"": 0.0, ""offered_bps"": 127990.69265157968, ""rtt_p95_ms"": 33.665266}}"
1785747450.9452977,fair-base8-w3-r01-u1-075-u2-025,1,0.75,0.25,STRONG_40,0.4,1,4.48,4.48,1.0,0.0,1.0,2.2400000000000007,3.3600000000000003,1.12,1.0,0.0,9.233169919463082,34.747498,1,"{""ue1"": {""delivered_bps"": 3360000.0000000005, ""delivery_ratio"": 1.0, ""offered_bps"": 3360000.0000000005}, ""ue2"": {""delivered_bps"": 1120000.0, ""delivery_ratio"": 1.0, ""offered_bps"": 1120000.0}, ""ue3"": {""delivered_bps"": 127991.28634945594, ""delivery_ratio"": 1.0, ""jitter_ms"": 9.233169919463082, ""loss_percent"": 0.0, ""offered_bps"": 127991.28634945594, ""rtt_p95_ms"": 34.747498}}"
1785747452.0676188,fair-base8-w3-r01-u1-075-u2-025,1,0.75,0.25,STRONG_40,0.4,2,4.48,4.48,1.0,0.0,1.0,2.2400000000000007,3.3600000000000003,1.12,1.0,0.0,9.82658177702703,36.97998,1,"{""ue1"": {""delivered_bps"": 3360000.0000000005, ""delivery_ratio"": 1.0, ""offered_bps"": 3360000.0000000005}, ""ue2"": {""delivered_bps"": 1120000.0, ""delivery_ratio"": 1.0, ""offered_bps"": 1120000.0}, ""ue3"": {""delivered_bps"": 125430.74672521184, ""delivery_ratio"": 1.0, ""jitter_ms"": 9.82658177702703, ""loss_percent"": 0.0, ""offered_bps"": 127990.55788286922, ""rtt_p95_ms"": 36.97998}}"
1785747457.4014297,fair-base8-w3-r01-u1-075-u2-025,1,0.75,0.25,LIGHT_85,0.85,0,8.800446791186397,8.800446791186397,1.0,0.0,1.0,4.6459505957548375,6.723198693470618,2.07724809771578,1.0,0.0,10.429582483221473,38.065127,1,"{""ue1"": {""delivered_bps"": 6723198.693470618, ""delivery_ratio"": 1.0, ""offered_bps"": 6723198.693470618}, ""ue2"": {""delivered_bps"": 2077248.09771578, ""delivery_ratio"": 1.0, ""offered_bps"": 2077248.09771578}, ""ue3"": {""delivered_bps"": 127990.53189908326, ""delivery_ratio"": 1.0, ""jitter_ms"": 10.429582483221473, ""loss_percent"": 0.0, ""offered_bps"": 127990.53189908326, ""rtt_p95_ms"": 38.065127}}"
1785747458.5368435,fair-base8-w3-r01-u1-075-u2-025,1,0.75,0.25,LIGHT_85,0.85,1,8.818700815038627,8.818700815038627,1.0,0.0,1.0,5.46129918496137,7.139999999999999,1.6787008150386287,1.0,0.0,10.305881277027028,35.462884,1,"{""ue1"": {""delivered_bps"": 7139999.999999999, ""delivery_ratio"": 1.0, ""offered_bps"": 7139999.999999999}, ""ue2"": {""delivered_bps"": 1678700.8150386286, ""delivery_ratio"": 1.0, ""offered_bps"": 1678700.8150386286}, ""ue3"": {""delivered_bps"": 125430.72627653764, ""delivery_ratio"": 1.0, ""jitter_ms"": 10.305881277027028, ""loss_percent"": 0.0, ""offered_bps"": 127990.53701687514, ""rtt_p95_ms"": 35.462884}}"
1785747459.6958985,fair-base8-w3-r01-u1-075-u2-025,1,0.75,0.25,LIGHT_85,0.85,2,9.52,9.52,1.0,0.0,1.0,4.759999999999999,7.139999999999999,2.38,1.0,0.0,10.663649785234906,37.284257,1,"{""ue1"": {""delivered_bps"": 7139999.999999999, ""delivery_ratio"": 1.0, ""offered_bps"": 7139999.999999999}, ""ue2"": {""delivered_bps"": 2380000.0, ""delivery_ratio"": 1.0, ""offered_bps"": 2380000.0}, ""ue3"": {""delivered_bps"": 130549.60485916692, ""delivery_ratio"": 1.0, ""jitter_ms"": 10.663649785234906, ""loss_percent"": 0.0, ""offered_bps"": 127989.80868545777, ""rtt_p95_ms"": 37.284257}}"
1785747465.015845,fair-base8-w3-r01-u1-075-u2-025,1,0.75,0.25,MEDIUM_70,0.7,0,7.247467439908399,7.247467439908399,1.0,0.0,1.0,3.8261176319059387,5.536792535907169,1.7106749040012306,1.0,0.0,11.49885712751678,39.237911,1,"{""ue1"": {""delivered_bps"": 5536792.535907169, ""delivery_ratio"": 1.0, ""offered_bps"": 5536792.535907169}, ""ue2"": {""delivered_bps"": 1710674.9040012306, ""delivery_ratio"": 1.0, ""offered_bps"": 1710674.9040012306}, ""ue3"": {""delivered_bps"": 127988.92729410224, ""delivery_ratio"": 1.0, ""jitter_ms"": 11.49885712751678, ""loss_percent"": 0.0, ""offered_bps"": 127988.92729410224, ""rtt_p95_ms"": 39.237911}}"
1785747466.1763318,fair-base8-w3-r01-u1-075-u2-025,1,0.75,0.25,MEDIUM_70,0.7,1,7.262459494737693,7.262459494737693,1.0,0.0,1.0,4.497540505262305,5.879999999999999,1.3824594947376942,1.0,0.0,12.261506236486483,57.564977,1,"{""ue1"": {""delivered_bps"": 5879999.999999999, ""delivery_ratio"": 1.0, ""offered_bps"": 5879999.999999999}, ""ue2"": {""delivered_bps"": 1382459.4947376943, ""delivery_ratio"": 1.0, ""offered_bps"": 1382459.4947376943}, ""ue3"": {""delivered_bps"": 125431.6141464444, ""delivery_ratio"": 1.0, ""jitter_ms"": 12.261506236486483, ""loss_percent"": 0.0, ""offered_bps"": 127991.44300657591, ""rtt_p95_ms"": 57.564977}}"
1785747467.3100564,fair-base8-w3-r01-u1-075-u2-025,1,0.75,0.25,MEDIUM_70,0.7,2,7.839999999999999,7.839999999999999,1.0,0.0,1.0,3.919999999999999,5.879999999999999,1.9599999999999997,1.0,0.0,10.636820395973155,39.055906,1,"{""ue1"": {""delivered_bps"": 5879999.999999999, ""delivery_ratio"": 1.0, ""offered_bps"": 5879999.999999999}, ""ue2"": {""delivered_bps"": 1959999.9999999998, ""delivery_ratio"": 1.0, ""offered_bps"": 1959999.9999999998}, ""ue3"": {""delivered_bps"": 130549.63435609291, ""delivery_ratio"": 1.0, ""jitter_ms"": 10.636820395973155, ""loss_percent"": 0.0, ""offered_bps"": 127989.83760401266, ""rtt_p95_ms"": 39.055906}}"
1785747472.6991496,fair-base8-w3-r01-u1-075-u2-025,1,0.75,0.25,EQUAL_100,1.0,0,10.353460779957231,10.353460779957231,1.0,0.0,1.0,5.465818197096572,7.909639488526901,2.4438212914303294,1.0,0.0,10.708735778523488,53.738192,1,"{""ue1"": {""delivered_bps"": 7909639.488526901, ""delivery_ratio"": 1.0, ""offered_bps"": 7909639.488526901}, ""ue2"": {""delivered_bps"": 2443821.2914303294, ""delivery_ratio"": 1.0, ""offered_bps"": 2443821.2914303294}, ""ue3"": {""delivered_bps"": 127988.93075057364, ""delivery_ratio"": 1.0, ""jitter_ms"": 10.708735778523488, ""loss_percent"": 0.0, ""offered_bps"": 127988.93075057364, ""rtt_p95_ms"": 53.738192}}"
1785747473.8598742,fair-base8-w3-r01-u1-075-u2-025,1,0.75,0.25,EQUAL_100,1.0,1,10.374942135339563,10.374942135339563,1.0,0.0,1.0,6.425057864660435,8.399999999999999,1.9749421353395633,1.0,0.0,10.084846729729732,49.993613,1,"{""ue1"": {""delivered_bps"": 8399999.999999998, ""delivery_ratio"": 1.0, ""offered_bps"": 8399999.999999998}, ""ue2"": {""delivered_bps"": 1974942.1353395632, ""delivery_ratio"": 1.0, ""offered_bps"": 1974942.1353395632}, ""ue3"": {""delivered_bps"": 125430.93635577307, ""delivery_ratio"": 1.0, ""jitter_ms"": 10.084846729729732, ""loss_percent"": 0.0, ""offered_bps"": 127990.75138344191, ""rtt_p95_ms"": 49.993613}}"
1785747475.0223248,fair-base8-w3-r01-u1-075-u2-025,1,0.75,0.25,EQUAL_100,1.0,2,11.199999999999998,11.199999999999998,1.0,0.0,1.0,5.599999999999998,8.399999999999999,2.8,1.0,0.0,10.41986077181208,38.535118,1,"{""ue1"": {""delivered_bps"": 8399999.999999998, ""delivery_ratio"": 1.0, ""offered_bps"": 8399999.999999998}, ""ue2"": {""delivered_bps"": 2800000.0, ""delivery_ratio"": 1.0, ""offered_bps"": 2800000.0}, ""ue3"": {""delivered_bps"": 130550.13080609823, ""delivery_ratio"": 1.0, ""jitter_ms"": 10.41986077181208, ""loss_percent"": 0.0, ""offered_bps"": 127990.32431970414, ""rtt_p95_ms"": 38.535118}}"
1785747480.3300552,fair-base8-w3-r02-u1-015-u2-015,2,0.15,0.15,STRONG_40,0.4,0,2.0321443902354575,2.0321443902354575,1.0,0.0,1.0,0.07708735709119378,1.0546158736633255,0.9775285165721318,1.0,0.0,11.501015859060406,38.26677,1,"{""ue1"": {""delivered_bps"": 1054615.8736633256, ""delivery_ratio"": 1.0, ""offered_bps"": 1054615.8736633256}, ""ue2"": {""delivered_bps"": 977528.5165721318, ""delivery_ratio"": 1.0, ""offered_bps"": 977528.5165721318}, ""ue3"": {""delivered_bps"": 127989.31237894186, ""delivery_ratio"": 1.0, ""jitter_ms"": 11.501015859060406, ""loss_percent"": 0.0, ""offered_bps"": 127989.31237894186, ""rtt_p95_ms"": 38.26677}}"
1785747481.448257,fair-base8-w3-r02-u1-015-u2-015,2,0.15,0.15,STRONG_40,0.4,1,1.9099768541358253,1.9099768541358253,1.0,0.0,1.0,0.3300231458641746,1.12,0.7899768541358254,1.0,0.0,10.789764222972972,37.972913,1,"{""ue1"": {""delivered_bps"": 1120000.0, ""delivery_ratio"": 1.0, ""offered_bps"": 1120000.0}, ""ue2"": {""delivered_bps"": 789976.8541358254, ""delivery_ratio"": 1.0, ""offered_bps"": 789976.8541358254}, ""ue3"": {""delivered_bps"": 125430.49613633138, ""delivery_ratio"": 1.0, ""jitter_ms"": 10.789764222972972, ""loss_percent"": 0.0, ""offered_bps"": 127990.30217992997, ""rtt_p95_ms"": 37.972913}}"
1785747482.5663493,fair-base8-w3-r02-u1-015-u2-015,2,0.15,0.15,STRONG_40,0.4,2,2.24,2.24,1.0,0.0,1.0,0.0,1.12,1.12,1.0,0.0,11.51109689261745,42.847094,1,"{""ue1"": {""delivered_bps"": 1120000.0, ""delivery_ratio"": 1.0, ""offered_bps"": 1120000.0}, ""ue2"": {""delivered_bps"": 1120000.0, ""delivery_ratio"": 1.0, ""offered_bps"": 1120000.0}, ""ue3"": {""delivered_bps"": 130548.84603595211, ""delivery_ratio"": 1.0, ""jitter_ms"": 11.51109689261745, ""loss_percent"": 0.0, ""offered_bps"": 127989.06474112952, ""rtt_p95_ms"": 42.847094}}"
1785747488.0619667,fair-base8-w3-r02-u1-015-u2-015,2,0.15,0.15,MEDIUM_70,0.7,0,2.1337515189720904,2.1337515189720904,1.0,0.0,1.0,0.08094163417061337,1.107346576571352,1.0264049424007384,1.0,0.0,10.51702893959731,34.694437,1,"{""ue1"": {""delivered_bps"": 1107346.5765713518, ""delivery_ratio"": 1.0, ""offered_bps"": 1107346.5765713518}, ""ue2"": {""delivered_bps"": 1026404.9424007385, ""delivery_ratio"": 1.0, ""offered_bps"": 1026404.9424007385}, ""ue3"": {""delivered_bps"": 127989.62081201134, ""delivery_ratio"": 1.0, ""jitter_ms"": 10.51702893959731, ""loss_percent"": 0.0, ""offered_bps"": 127989.62081201134, ""rtt_p95_ms"": 34.694437}}"
1785747489.2444172,fair-base8-w3-r02-u1-015-u2-015,2,0.15,0.15,MEDIUM_70,0.7,1,2.0054756968426166,2.0054756968426166,1.0,0.0,1.0,0.3465243031573835,1.176,0.8294756968426166,1.0,0.0,10.898859731543622,35.842374,1,"{""ue1"": {""delivered_bps"": 1176000.0, ""delivery_ratio"": 1.0, ""offered_bps"": 1176000.0}, ""ue2"": {""delivered_bps"": 829475.6968426165, ""delivery_ratio"": 1.0, ""offered_bps"": 829475.6968426165}, ""ue3"": {""delivered_bps"": 127991.14787706868, ""delivery_ratio"": 1.0, ""jitter_ms"": 10.898859731543622, ""loss_percent"": 0.0, ""offered_bps"": 127991.14787706868, ""rtt_p95_ms"": 35.842374}}"
1785747490.4503422,fair-base8-w3-r02-u1-015-u2-015,2,0.15,0.15,MEDIUM_70,0.7,2,2.352,2.352,1.0,0.0,1.0,0.0,1.176,1.176,1.0,0.0,10.504297798657717,35.842374,1,"{""ue1"": {""delivered_bps"": 1176000.0, ""delivery_ratio"": 1.0, ""offered_bps"": 1176000.0}, ""ue2"": {""delivered_bps"": 1176000.0, ""delivery_ratio"": 1.0, ""offered_bps"": 1176000.0}, ""ue3"": {""delivered_bps"": 127990.5786147794, ""delivery_ratio"": 1.0, ""jitter_ms"": 10.504297798657717, ""loss_percent"": 0.0, ""offered_bps"": 127990.5786147794, ""rtt_p95_ms"": 35.842374}}"
1785747496.0215578,fair-base8-w3-r02-u1-015-u2-015,2,0.15,0.15,LIGHT_85,0.85,0,2.5910038147852616,2.5910038147852616,1.0,0.0,1.0,0.09830609752632562,1.3446549561557934,1.246348858629468,1.0,0.0,9.621909953333336,36.684791,1,"{""ue1"": {""delivered_bps"": 1344654.9561557935, ""delivery_ratio"": 1.0, ""offered_bps"": 1344654.9561557935}, ""ue2"": {""delivered_bps"": 1246348.858629468, ""delivery_ratio"": 1.0, ""offered_bps"": 1246348.858629468}, ""ue3"": {""delivered_bps"": 130549.92154530443, ""delivery_ratio"": 1.0, ""jitter_ms"": 9.621909953333336, ""loss_percent"": 0.0, ""offered_bps"": 127990.11916206317, ""rtt_p95_ms"": 36.684791}}"
1785747497.1896138,fair-base8-w3-r02-u1-015-u2-015,2,0.15,0.15,LIGHT_85,0.85,1,2.4352204890231772,2.4352204890231772,1.0,0.0,1.0,0.4207795109768227,1.428,1.0072204890231773,1.0,0.0,10.256433500000004,37.626777,1,"{""ue1"": {""delivered_bps"": 1428000.0, ""delivery_ratio"": 1.0, ""offered_bps"": 1428000.0}, ""ue2"": {""delivered_bps"": 1007220.4890231773, ""delivery_ratio"": 1.0, ""offered_bps"": 1007220.4890231773}, ""ue3"": {""delivered_bps"": 125430.55545261831, ""delivery_ratio"": 1.0, ""jitter_ms"": 10.256433500000004, ""loss_percent"": 0.0, ""offered_bps"": 127990.36270675337, ""rtt_p95_ms"": 37.626777}}"
1785747498.3750057,fair-base8-w3-r02-u1-015-u2-015,2,0.15,0.15,LIGHT_85,0.85,2,2.856,2.856,1.0,0.0,1.0,0.0,1.428,1.428,1.0,0.0,9.689838053691274,37.850471,1,"{""ue1"": {""delivered_bps"": 1428000.0, ""delivery_ratio"": 1.0, ""offered_bps"": 1428000.0}, ""ue2"": {""delivered_bps"": 1428000.0, ""delivery_ratio"": 1.0, ""offered_bps"": 1428000.0}, ""ue3"": {""delivered_bps"": 127989.81380319179, ""delivery_ratio"": 1.0, ""jitter_ms"": 9.689838053691274, ""loss_percent"": 0.0, ""offered_bps"": 127989.81380319179, ""rtt_p95_ms"": 37.850471}}"
1785747503.8233569,fair-base8-w3-r02-u1-015-u2-015,2,0.15,0.15,EQUAL_100,1.0,0,3.0482284707520457,3.0482284707520457,1.0,0.0,1.0,0.11564292103565042,1.5819356958938477,1.4662927748581975,1.0,0.0,11.591304073825503,39.88074,1,"{""ue1"": {""delivered_bps"": 1581935.6958938478, ""delivery_ratio"": 1.0, ""offered_bps"": 1581935.6958938478}, ""ue2"": {""delivered_bps"": 1466292.7748581974, ""delivery_ratio"": 1.0, ""offered_bps"": 1466292.7748581974}, ""ue3"": {""delivered_bps"": 127988.3030241615, ""delivery_ratio"": 1.0, ""jitter_ms"": 11.591304073825503, ""loss_percent"": 0.0, ""offered_bps"": 127988.3030241615, ""rtt_p95_ms"": 39.88074}}"
1785747505.0044084,fair-base8-w3-r02-u1-015-u2-015,2,0.15,0.15,EQUAL_100,1.0,1,3.36,3.36,1.0,0.0,1.0,0.0,1.68,1.68,1.0,0.0,12.185431718120801,51.354484,1,"{""ue1"": {""delivered_bps"": 1680000.0, ""delivery_ratio"": 1.0, ""offered_bps"": 1680000.0}, ""ue2"": {""delivered_bps"": 1680000.0, ""delivery_ratio"": 1.0, ""offered_bps"": 1680000.0}, ""ue3"": {""delivered_bps"": 127989.22228673029, ""delivery_ratio"": 1.0, ""jitter_ms"": 12.185431718120801, ""loss_percent"": 0.0, ""offered_bps"": 127989.22228673029, ""rtt_p95_ms"": 51.354484}}"
1785747506.1361535,fair-base8-w3-r02-u1-015-u2-015,2,0.15,0.15,EQUAL_100,1.0,2,3.36,3.36,1.0,0.0,1.0,0.0,1.68,1.68,1.0,0.0,11.87529426351351,45.182793,1,"{""ue1"": {""delivered_bps"": 1680000.0, ""delivery_ratio"": 1.0, ""offered_bps"": 1680000.0}, ""ue2"": {""delivered_bps"": 1680000.0, ""delivery_ratio"": 1.0, ""offered_bps"": 1680000.0}, ""ue3"": {""delivered_bps"": 125427.72639467096, ""delivery_ratio"": 1.0, ""jitter_ms"": 11.87529426351351, ""loss_percent"": 0.0, ""offered_bps"": 127987.47591292956, ""rtt_p95_ms"": 45.182793}}"
1785747511.5633705,fair-base8-w3-r02-u1-100-u2-100,2,1.0,1.0,STRONG_40,0.4,0,8.128552819717028,8.128552819717028,1.0,0.0,1.0,0.308324687139973,4.2184387534285,3.910114066288527,1.0,0.0,11.16066966216216,48.929606,1,"{""ue1"": {""delivered_bps"": 4218438.7534285, ""delivery_ratio"": 1.0, ""offered_bps"": 4218438.7534285}, ""ue2"": {""delivered_bps"": 3910114.066288527, ""delivery_ratio"": 1.0, ""offered_bps"": 3910114.066288527}, ""ue3"": {""delivered_bps"": 127990.68624501248, ""delivery_ratio"": 1.0, ""jitter_ms"": 11.16066966216216, ""loss_percent"": 0.0, ""offered_bps"": 127990.68624501248, ""rtt_p95_ms"": 48.929606}}"
1785747512.705426,fair-base8-w3-r02-u1-100-u2-100,2,1.0,1.0,STRONG_40,0.4,1,8.96,8.96,1.0,0.0,1.0,0.0,4.48,4.48,1.0,0.0,11.354450128378382,43.969463,1,"{""ue1"": {""delivered_bps"": 4480000.0, ""delivery_ratio"": 1.0, ""offered_bps"": 4480000.0}, ""ue2"": {""delivered_bps"": 4480000.0, ""delivery_ratio"": 1.0, ""offered_bps"": 4480000.0}, ""ue3"": {""delivered_bps"": 127990.31049351857, ""delivery_ratio"": 1.0, ""jitter_ms"": 11.354450128378382, ""loss_percent"": 0.0, ""offered_bps"": 127990.31049351857, ""rtt_p95_ms"": 43.969463}}"
1785747513.8430412,fair-base8-w3-r02-u1-100-u2-100,2,1.0,1.0,STRONG_40,0.4,2,7.639907416543301,7.639907416543301,1.0,0.0,1.0,1.3200925834566983,4.48,3.1599074165433017,1.0,0.0,9.947433280000011,38.981867,1,"{""ue1"": {""delivered_bps"": 4480000.0, ""delivery_ratio"": 1.0, ""offered_bps"": 4480000.0}, ""ue2"": {""delivered_bps"": 3159907.4165433017, ""delivery_ratio"": 1.0, ""offered_bps"": 3159907.4165433017}, ""ue3"": {""delivered_bps"": 127989.33707349694, ""delivery_ratio"": 1.0, ""jitter_ms"": 9.947433280000011, ""loss_percent"": 0.0, ""offered_bps"": 127989.33707349694, ""rtt_p95_ms"": 38.981867}}"
1785747519.2223308,fair-base8-w3-r02-u1-100-u2-100,2,1.0,1.0,MEDIUM_70,0.7,0,14.225142168965165,14.225142168965165,1.0,0.0,1.0,0.5397429369553197,7.382442552960242,6.842699616004922,1.0,0.0,11.140725640000003,45.335754,1,"{""ue1"": {""delivered_bps"": 7382442.552960242, ""delivery_ratio"": 1.0, ""offered_bps"": 7382442.552960242}, ""ue2"": {""delivered_bps"": 6842699.616004922, ""delivery_ratio"": 1.0, ""offered_bps"": 6842699.616004922}, ""ue3"": {""delivered_bps"": 133109.39570268572, ""delivery_ratio"": 1.0, ""jitter_ms"": 11.140725640000003, ""loss_percent"": 0.0, ""offered_bps"": 127989.80356027474, ""rtt_p95_ms"": 45.335754}}"
1785747520.3697443,fair-base8-w3-r02-u1-100-u2-100,2,1.0,1.0,MEDIUM_70,0.7,1,15.679999999999998,15.679999999999998,1.0,0.0,1.0,0.0,7.839999999999999,7.839999999999999,1.0,0.0,12.787816308724834,89.33908,0,"{""ue1"": {""delivered_bps"": 7839999.999999999, ""delivery_ratio"": 1.0, ""offered_bps"": 7839999.999999999}, ""ue2"": {""delivered_bps"": 7839999.999999999, ""delivery_ratio"": 1.0, ""offered_bps"": 7839999.999999999}, ""ue3"": {""delivered_bps"": 125429.74612048722, ""delivery_ratio"": 1.0, ""jitter_ms"": 12.787816308724834, ""loss_percent"": 0.0, ""offered_bps"": 127989.53685764004, ""rtt_p95_ms"": 89.33908}}"
1785747521.4986053,fair-base8-w3-r02-u1-100-u2-100,2,1.0,1.0,MEDIUM_70,0.7,2,13.369837978950777,13.369837978950777,1.0,0.0,1.0,2.310162021049222,7.839999999999999,5.529837978950777,1.0,0.0,12.36154378,89.33908,0,"{""ue1"": {""delivered_bps"": 7839999.999999999, ""delivery_ratio"": 1.0, ""offered_bps"": 7839999.999999999}, ""ue2"": {""delivered_bps"": 5529837.978950777, ""delivery_ratio"": 1.0, ""offered_bps"": 5529837.978950777}, ""ue3"": {""delivered_bps"": 127991.1024422787, ""delivery_ratio"": 1.0, ""jitter_ms"": 12.36154378, ""loss_percent"": 0.0, ""offered_bps"": 127991.1024422787, ""rtt_p95_ms"": 89.33908}}"
1785747526.8493814,fair-base8-w3-r02-u1-100-u2-100,2,1.0,1.0,EQUAL_100,1.0,0,20.321460808500298,20.321460808500298,1.0,0.0,1.0,0.7708904770576619,10.54617564277898,9.775285165721318,1.0,0.0,11.524010080000004,68.23589,0,"{""ue1"": {""delivered_bps"": 10546175.64277898, ""delivery_ratio"": 1.0, ""offered_bps"": 10546175.64277898}, ""ue2"": {""delivered_bps"": 9775285.165721318, ""delivery_ratio"": 1.0, ""offered_bps"": 9775285.165721318}, ""ue3"": {""delivered_bps"": 130549.82416403959, ""delivery_ratio"": 1.0, ""jitter_ms"": 11.524010080000004, ""loss_percent"": 0.0, ""offered_bps"": 127990.02369023488, ""rtt_p95_ms"": 68.23589}}"
1785747527.98937,fair-base8-w3-r02-u1-100-u2-100,2,1.0,1.0,EQUAL_100,1.0,1,22.4,22.4,1.0,0.0,1.0,0.0,11.2,11.2,1.0,0.0,13.765793587837836,109.813669,0,"{""ue1"": {""delivered_bps"": 11200000.0, ""delivery_ratio"": 1.0, ""offered_bps"": 11200000.0}, ""ue2"": {""delivered_bps"": 11200000.0, ""delivery_ratio"": 1.0, ""offered_bps"": 11200000.0}, ""ue3"": {""delivered_bps"": 125431.08762260301, ""delivery_ratio"": 1.0, ""jitter_ms"": 13.765793587837836, ""loss_percent"": 0.0, ""offered_bps"": 127990.90573735001, ""rtt_p95_ms"": 109.813669}}"
1785747529.1373801,fair-base8-w3-r02-u1-100-u2-100,2,1.0,1.0,EQUAL_100,1.0,2,19.099768541358255,19.099768541358255,1.0,0.0,1.0,3.300231458641747,11.2,7.899768541358253,1.0,0.0,13.084301496644299,98.568519,0,"{""ue1"": {""delivered_bps"": 11200000.0, ""delivery_ratio"": 1.0, ""offered_bps"": 11200000.0}, ""ue2"": {""delivered_bps"": 7899768.541358253, ""delivery_ratio"": 1.0, ""offered_bps"": 7899768.541358253}, ""ue3"": {""delivered_bps"": 127990.45703186908, ""delivery_ratio"": 1.0, ""jitter_ms"": 13.084301496644299, ""loss_percent"": 0.0, ""offered_bps"": 127990.45703186908, ""rtt_p95_ms"": 98.568519}}"
1785747534.334586,fair-base8-w3-r02-u1-100-u2-100,2,1.0,1.0,LIGHT_85,0.85,0,17.273192489330672,17.273192489330672,1.0,0.0,1.0,0.6552077076044316,8.96420009846755,8.30899239086312,1.0,0.0,10.179487429530202,41.930988,1,"{""ue1"": {""delivered_bps"": 8964200.098467551, ""delivery_ratio"": 1.0, ""offered_bps"": 8964200.098467551}, ""ue2"": {""delivered_bps"": 8308992.39086312, ""delivery_ratio"": 1.0, ""offered_bps"": 8308992.39086312}, ""ue3"": {""delivered_bps"": 127988.78715818172, ""delivery_ratio"": 1.0, ""jitter_ms"": 10.179487429530202, ""loss_percent"": 0.0, ""offered_bps"": 127988.78715818172, ""rtt_p95_ms"": 41.930988}}"
1785747535.4797766,fair-base8-w3-r02-u1-100-u2-100,2,1.0,1.0,LIGHT_85,0.85,1,19.04,19.04,1.0,0.0,1.0,0.0,9.52,9.52,0.9933333333333333,0.6666666666666666,11.620866482993204,76.457318,0,"{""ue1"": {""delivered_bps"": 9520000.0, ""delivery_ratio"": 1.0, ""offered_bps"": 9520000.0}, ""ue2"": {""delivered_bps"": 9520000.0, ""delivery_ratio"": 1.0, ""offered_bps"": 9520000.0}, ""ue3"": {""delivered_bps"": 125430.24165732125, ""delivery_ratio"": 0.9933333333333333, ""jitter_ms"": 11.620866482993204, ""loss_percent"": 0.6666666666666666, ""offered_bps"": 127990.04250747067, ""rtt_p95_ms"": 76.457318}}"
1785747536.597976,fair-base8-w3-r02-u1-100-u2-100,2,1.0,1.0,LIGHT_85,0.85,2,16.234803260154514,16.234803260154514,1.0,0.0,1.0,2.8051967398454853,9.52,6.714803260154515,1.0,0.0,12.156653932885908,95.396445,0,"{""ue1"": {""delivered_bps"": 9520000.0, ""delivery_ratio"": 1.0, ""offered_bps"": 9520000.0}, ""ue2"": {""delivered_bps"": 6714803.260154515, ""delivery_ratio"": 1.0, ""offered_bps"": 6714803.260154515}, ""ue3"": {""delivered_bps"": 130550.71040273152, ""delivery_ratio"": 1.0, ""jitter_ms"": 12.156653932885908, ""loss_percent"": 0.0, ""offered_bps"": 127990.89255169756, ""rtt_p95_ms"": 95.396445}}"
1785747541.8433847,fair-base8-w3-r02-u1-015-u2-025,2,0.15,0.25,STRONG_40,0.4,0,2.0321430550961104,2.0321430550961104,1.0,0.0,1.0,0.07708602195184677,1.0546145385239785,0.9775285165721318,1.0,0.0,10.350080148648653,34.844363,1,"{""ue1"": {""delivered_bps"": 1054614.5385239786, ""delivery_ratio"": 1.0, ""offered_bps"": 1054614.5385239786}, ""ue2"": {""delivered_bps"": 977528.5165721318, ""delivery_ratio"": 1.0, ""offered_bps"": 977528.5165721318}, ""ue3"": {""delivered_bps"": 127990.92927784362, ""delivery_ratio"": 1.0, ""jitter_ms"": 10.350080148648653, ""loss_percent"": 0.0, ""offered_bps"": 127990.92927784362, ""rtt_p95_ms"": 34.844363}}"
1785747542.9653094,fair-base8-w3-r02-u1-015-u2-025,2,0.15,0.25,STRONG_40,0.4,1,2.24,2.24,1.0,0.0,1.0,0.0,1.12,1.12,1.0,0.0,10.007455617449668,34.791953,1,"{""ue1"": {""delivered_bps"": 1120000.0, ""delivery_ratio"": 1.0, ""offered_bps"": 1120000.0}, ""ue2"": {""delivered_bps"": 1120000.0, ""delivery_ratio"": 1.0, ""offered_bps"": 1120000.0}, ""ue3"": {""delivered_bps"": 127992.55531369879, ""delivery_ratio"": 1.0, ""jitter_ms"": 10.007455617449668, ""loss_percent"": 0.0, ""offered_bps"": 127992.55531369879, ""rtt_p95_ms"": 34.791953}}"
1785747544.1210186,fair-base8-w3-r02-u1-015-u2-025,2,0.15,0.25,STRONG_40,0.4,2,2.24,2.24,1.0,0.0,1.0,0.0,1.12,1.12,1.0,0.0,11.077804087248316,35.584056,1,"{""ue1"": {""delivered_bps"": 1120000.0, ""delivery_ratio"": 1.0, ""offered_bps"": 1120000.0}, ""ue2"": {""delivered_bps"": 1120000.0, ""delivery_ratio"": 1.0, ""offered_bps"": 1120000.0}, ""ue3"": {""delivered_bps"": 127989.33413845731, ""delivery_ratio"": 1.0, ""jitter_ms"": 11.077804087248316, ""loss_percent"": 0.0, ""offered_bps"": 127989.33413845731, ""rtt_p95_ms"": 35.584056}}"
1785747549.4290013,fair-base8-w3-r02-u1-015-u2-025,2,0.15,0.25,MEDIUM_70,0.7,0,2.8180063345397506,2.8180063345397506,1.0,0.0,1.0,0.6033434734627109,1.1073314305385198,1.7106749040012306,1.0,0.0,9.795468879194628,34.43138,1,"{""ue1"": {""delivered_bps"": 1107331.4305385198, ""delivery_ratio"": 1.0, ""offered_bps"": 1107331.4305385198}, ""ue2"": {""delivered_bps"": 1710674.9040012306, ""delivery_ratio"": 1.0, ""offered_bps"": 1710674.9040012306}, ""ue3"": {""delivered_bps"": 127988.449170555, ""delivery_ratio"": 1.0, ""jitter_ms"": 9.795468879194628, ""loss_percent"": 0.0, ""offered_bps"": 127988.449170555, ""rtt_p95_ms"": 34.43138}}"
1785747550.5742028,fair-base8-w3-r02-u1-015-u2-025,2,0.15,0.25,MEDIUM_70,0.7,1,3.136,3.136,1.0,0.0,1.0,0.7839999999999998,1.176,1.9599999999999997,1.0,0.0,10.215569145695362,35.188795,1,"{""ue1"": {""delivered_bps"": 1176000.0, ""delivery_ratio"": 1.0, ""offered_bps"": 1176000.0}, ""ue2"": {""delivered_bps"": 1959999.9999999998, ""delivery_ratio"": 1.0, ""offered_bps"": 1959999.9999999998}, ""ue3"": {""delivered_bps"": 130549.53645856706, ""delivery_ratio"": 1.0, ""jitter_ms"": 10.215569145695362, ""loss_percent"": 0.0, ""offered_bps"": 127989.74162604615, ""rtt_p95_ms"": 35.188795}}"
1785747551.7044578,fair-base8-w3-r02-u1-015-u2-025,2,0.15,0.25,MEDIUM_70,0.7,2,3.136,3.136,1.0,0.0,1.0,0.7839999999999998,1.176,1.9599999999999997,1.0,0.0,11.262857859060398,37.739281,1,"{""ue1"": {""delivered_bps"": 1176000.0, ""delivery_ratio"": 1.0, ""offered_bps"": 1176000.0}, ""ue2"": {""delivered_bps"": 1959999.9999999998, ""delivery_ratio"": 1.0, ""offered_bps"": 1959999.9999999998}, ""ue3"": {""delivered_bps"": 125430.89045015862, ""delivery_ratio"": 1.0, ""jitter_ms"": 11.262857859060398, ""loss_percent"": 0.0, ""offered_bps"": 127990.70454097819, ""rtt_p95_ms"": 37.739281}}"
1785747556.9980235,fair-base8-w3-r02-u1-015-u2-025,2,0.15,0.25,LIGHT_85,0.85,0,3.42188191697485,3.42188191697485,1.0,0.0,1.0,0.73261427845671,1.3446338192590699,2.07724809771578,1.0,0.0,10.150790353333333,35.413562,1,"{""ue1"": {""delivered_bps"": 1344633.8192590699, ""delivery_ratio"": 1.0, ""offered_bps"": 1344633.8192590699}, ""ue2"": {""delivered_bps"": 2077248.09771578, ""delivery_ratio"": 1.0, ""offered_bps"": 2077248.09771578}, ""ue3"": {""delivered_bps"": 130549.47066427853, ""delivery_ratio"": 1.0, ""jitter_ms"": 10.150790353333333, ""loss_percent"": 0.0, ""offered_bps"": 127989.6771218417, ""rtt_p95_ms"": 35.413562}}"
1785747558.1236725,fair-base8-w3-r02-u1-015-u2-025,2,0.15,0.25,LIGHT_85,0.85,1,3.808,3.808,1.0,0.0,1.0,0.952,1.428,2.38,1.0,0.0,11.606442304054049,38.44506,1,"{""ue1"": {""delivered_bps"": 1428000.0, ""delivery_ratio"": 1.0, ""offered_bps"": 1428000.0}, ""ue2"": {""delivered_bps"": 2380000.0, ""delivery_ratio"": 1.0, ""offered_bps"": 2380000.0}, ""ue3"": {""delivered_bps"": 125429.5014196841, ""delivery_ratio"": 1.0, ""jitter_ms"": 11.606442304054049, ""loss_percent"": 0.0, ""offered_bps"": 127989.28716294296, ""rtt_p95_ms"": 38.44506}}"
1785747559.268028,fair-base8-w3-r02-u1-015-u2-025,2,0.15,0.25,LIGHT_85,0.85,2,3.106700815038629,3.106700815038629,1.0,0.0,1.0,0.2507008150386286,1.428,1.6787008150386287,1.0,0.0,11.393095657718119,38.549658,1,"{""ue1"": {""delivered_bps"": 1428000.0, ""delivery_ratio"": 1.0, ""offered_bps"": 1428000.0}, ""ue2"": {""delivered_bps"": 1678700.8150386286, ""delivery_ratio"": 1.0, ""offered_bps"": 1678700.8150386286}, ""ue3"": {""delivered_bps"": 127990.76559709704, ""delivery_ratio"": 1.0, ""jitter_ms"": 11.393095657718119, ""loss_percent"": 0.0, ""offered_bps"": 127990.76559709704, ""rtt_p95_ms"": 38.549658}}"
1785747564.696719,fair-base8-w3-r02-u1-015-u2-025,2,0.15,0.25,EQUAL_100,1.0,0,4.0257572130790455,4.0257572130790455,1.0,0.0,1.0,0.8618853697816136,1.5819359216487159,2.4438212914303294,1.0,0.0,9.839984620000003,38.132698,1,"{""ue1"": {""delivered_bps"": 1581935.9216487159, ""delivery_ratio"": 1.0, ""offered_bps"": 1581935.9216487159}, ""ue2"": {""delivered_bps"": 2443821.2914303294, ""delivery_ratio"": 1.0, ""offered_bps"": 2443821.2914303294}, ""ue3"": {""delivered_bps"": 127991.0666025286, ""delivery_ratio"": 1.0, ""jitter_ms"": 9.839984620000003, ""loss_percent"": 0.0, ""offered_bps"": 127991.0666025286, ""rtt_p95_ms"": 38.132698}}"
1785747565.8325665,fair-base8-w3-r02-u1-015-u2-025,2,0.15,0.25,EQUAL_100,1.0,1,4.48,4.48,1.0,0.0,1.0,1.12,1.68,2.8,1.0,0.0,10.782639275167785,37.674679,1,"{""ue1"": {""delivered_bps"": 1680000.0, ""delivery_ratio"": 1.0, ""offered_bps"": 1680000.0}, ""ue2"": {""delivered_bps"": 2800000.0, ""delivery_ratio"": 1.0, ""offered_bps"": 2800000.0}, ""ue3"": {""delivered_bps"": 130549.41126787476, ""delivery_ratio"": 1.0, ""jitter_ms"": 10.782639275167785, ""loss_percent"": 0.0, ""offered_bps"": 127989.6188900733, ""rtt_p95_ms"": 37.674679}}"
1785747566.9810498,fair-base8-w3-r02-u1-015-u2-025,2,0.15,0.25,EQUAL_100,1.0,2,4.48,4.48,1.0,0.0,1.0,1.12,1.68,2.8,1.0,0.0,11.039196751677853,37.919092,1,"{""ue1"": {""delivered_bps"": 1680000.0, ""delivery_ratio"": 1.0, ""offered_bps"": 1680000.0}, ""ue2"": {""delivered_bps"": 2800000.0, ""delivery_ratio"": 1.0, ""offered_bps"": 2800000.0}, ""ue3"": {""delivered_bps"": 127990.60228924343, ""delivery_ratio"": 1.0, ""jitter_ms"": 11.039196751677853, ""loss_percent"": 0.0, ""offered_bps"": 127990.60228924343, ""rtt_p95_ms"": 37.919092}}"
1785747572.281592,fair-base8-w3-r02-u1-100-u2-075,2,1.0,0.75,LIGHT_85,0.85,0,15.196052791466899,15.196052791466899,1.0,0.0,1.0,2.732564205172219,8.964308498319559,6.231744293147339,0.98,2.0,11.567637165517244,53.083483,1,"{""ue1"": {""delivered_bps"": 8964308.498319559, ""delivery_ratio"": 1.0, ""offered_bps"": 8964308.498319559}, ""ue2"": {""delivered_bps"": 6231744.2931473395, ""delivery_ratio"": 1.0, ""offered_bps"": 6231744.2931473395}, ""ue3"": {""delivered_bps"": 115191.89498157296, ""delivery_ratio"": 0.98, ""jitter_ms"": 11.567637165517244, ""loss_percent"": 2.0, ""offered_bps"": 127990.99442396995, ""rtt_p95_ms"": 53.083483}}"
1785747573.479195,fair-base8-w3-r02-u1-100-u2-075,2,1.0,0.75,LIGHT_85,0.85,1,16.66,16.66,1.0,0.0,1.0,2.380000000000001,9.52,7.139999999999999,1.0,0.0,11.910772686666666,76.210571,0,"{""ue1"": {""delivered_bps"": 9520000.0, ""delivery_ratio"": 1.0, ""offered_bps"": 9520000.0}, ""ue2"": {""delivered_bps"": 7139999.999999999, ""delivery_ratio"": 1.0, ""offered_bps"": 7139999.999999999}, ""ue3"": {""delivered_bps"": 138230.10355038077, ""delivery_ratio"": 1.0, ""jitter_ms"": 11.910772686666666, ""loss_percent"": 0.0, ""offered_bps"": 127990.83662072293, ""rtt_p95_ms"": 76.210571}}"
1785747574.6155944,fair-base8-w3-r02-u1-100-u2-075,2,1.0,0.75,LIGHT_85,0.85,2,16.66,16.66,1.0,0.0,1.0,2.380000000000001,9.52,7.139999999999999,0.9933333333333333,0.6666666666666666,12.957193455782317,94.122792,0,"{""ue1"": {""delivered_bps"": 9520000.0, ""delivery_ratio"": 1.0, ""offered_bps"": 9520000.0}, ""ue2"": {""delivered_bps"": 7139999.999999999, ""delivery_ratio"": 1.0, ""offered_bps"": 7139999.999999999}, ""ue3"": {""delivered_bps"": 125430.92319294794, ""delivery_ratio"": 0.9933333333333333, ""jitter_ms"": 12.957193455782317, ""loss_percent"": 0.6666666666666666, ""offered_bps"": 127990.73795198768, ""rtt_p95_ms"": 94.122792}}"
1785747579.9709642,fair-base8-w3-r02-u1-100-u2-075,2,1.0,0.75,STRONG_40,0.4,0,7.151098383867881,7.151098383867881,1.0,0.0,1.0,1.2859272844350882,4.218512834151484,2.932585549716396,1.0,0.0,9.831924493243246,37.832058,1,"{""ue1"": {""delivered_bps"": 4218512.834151484, ""delivery_ratio"": 1.0, ""offered_bps"": 4218512.834151484}, ""ue2"": {""delivered_bps"": 2932585.549716396, ""delivery_ratio"": 1.0, ""offered_bps"": 2932585.549716396}, ""ue3"": {""delivered_bps"": 127990.79656469935, ""delivery_ratio"": 1.0, ""jitter_ms"": 9.831924493243246, ""loss_percent"": 0.0, ""offered_bps"": 127990.79656469935, ""rtt_p95_ms"": 37.832058}}"
1785747581.1069238,fair-base8-w3-r02-u1-100-u2-075,2,1.0,0.75,STRONG_40,0.4,1,7.84,7.84,1.0,0.0,1.0,1.1199999999999994,4.48,3.3600000000000003,1.0,0.0,9.543597852348993,37.888325,1,"{""ue1"": {""delivered_bps"": 4480000.0, ""delivery_ratio"": 1.0, ""offered_bps"": 4480000.0}, ""ue2"": {""delivered_bps"": 3360000.0000000005, ""delivery_ratio"": 1.0, ""offered_bps"": 3360000.0000000005}, ""ue3"": {""delivered_bps"": 127989.57320309036, ""delivery_ratio"": 1.0, ""jitter_ms"": 9.543597852348993, ""loss_percent"": 0.0, ""offered_bps"": 127989.57320309036, ""rtt_p95_ms"": 37.888325}}"
1785747582.2524176,fair-base8-w3-r02-u1-100-u2-075,2,1.0,0.75,STRONG_40,0.4,2,7.84,7.84,1.0,0.0,1.0,1.1199999999999994,4.48,3.3600000000000003,1.0,0.0,10.143958979865769,38.130774,1,"{""ue1"": {""delivered_bps"": 4480000.0, ""delivery_ratio"": 1.0, ""offered_bps"": 4480000.0}, ""ue2"": {""delivered_bps"": 3360000.0000000005, ""delivery_ratio"": 1.0, ""offered_bps"": 3360000.0000000005}, ""ue3"": {""delivered_bps"": 127990.3026864927, ""delivery_ratio"": 1.0, ""jitter_ms"": 10.143958979865769, ""loss_percent"": 0.0, ""offered_bps"": 127990.3026864927, ""rtt_p95_ms"": 38.130774}}"
1785747587.6903706,fair-base8-w3-r02-u1-100-u2-075,2,1.0,0.75,EQUAL_100,1.0,0,17.877590022468855,17.877590022468855,1.0,0.0,1.0,3.2146622738868773,10.546126148177866,7.331463874290989,1.0,0.0,12.765221898648646,110.421444,0,"{""ue1"": {""delivered_bps"": 10546126.148177866, ""delivery_ratio"": 1.0, ""offered_bps"": 10546126.148177866}, ""ue2"": {""delivered_bps"": 7331463.874290989, ""delivery_ratio"": 1.0, ""offered_bps"": 7331463.874290989}, ""ue3"": {""delivered_bps"": 125431.34473324787, ""delivery_ratio"": 1.0, ""jitter_ms"": 12.765221898648646, ""loss_percent"": 0.0, ""offered_bps"": 127991.16809515088, ""rtt_p95_ms"": 110.421444}}"
1785747588.8602405,fair-base8-w3-r02-u1-100-u2-075,2,1.0,0.75,EQUAL_100,1.0,1,19.6,19.6,1.0,0.0,1.0,2.800000000000002,11.2,8.399999999999999,1.0,0.0,12.738281167785228,95.086329,0,"{""ue1"": {""delivered_bps"": 11200000.0, ""delivery_ratio"": 1.0, ""offered_bps"": 11200000.0}, ""ue2"": {""delivered_bps"": 8399999.999999998, ""delivery_ratio"": 1.0, ""offered_bps"": 8399999.999999998}, ""ue3"": {""delivered_bps"": 127989.20986870512, ""delivery_ratio"": 1.0, ""jitter_ms"": 12.738281167785228, ""loss_percent"": 0.0, ""offered_bps"": 127989.20986870512, ""rtt_p95_ms"": 95.086329}}"
1785747589.9878159,fair-base8-w3-r02-u1-100-u2-075,2,1.0,0.75,EQUAL_100,1.0,2,17.124826406018688,17.124826406018688,1.0,0.0,1.0,5.27517359398131,11.2,5.92482640601869,1.0,0.0,10.828648079470208,76.52584,0,"{""ue1"": {""delivered_bps"": 11200000.0, ""delivery_ratio"": 1.0, ""offered_bps"": 11200000.0}, ""ue2"": {""delivered_bps"": 5924826.40601869, ""delivery_ratio"": 1.0, ""offered_bps"": 5924826.40601869}, ""ue3"": {""delivered_bps"": 130549.33947861304, ""delivery_ratio"": 1.0, ""jitter_ms"": 10.828648079470208, ""loss_percent"": 0.0, ""offered_bps"": 127989.54850844416, ""rtt_p95_ms"": 76.52584}}"
1785747595.3085794,fair-base8-w3-r02-u1-100-u2-075,2,1.0,0.75,MEDIUM_70,0.7,0,12.514391158504427,12.514391158504427,1.0,0.0,1.0,2.2503417344970433,7.382366446500734,5.132024712003691,1.0,0.0,12.890447818791943,98.047604,0,"{""ue1"": {""delivered_bps"": 7382366.446500734, ""delivery_ratio"": 1.0, ""offered_bps"": 7382366.446500734}, ""ue2"": {""delivered_bps"": 5132024.712003691, ""delivery_ratio"": 1.0, ""offered_bps"": 5132024.712003691}, ""ue3"": {""delivered_bps"": 138231.8791532, ""delivery_ratio"": 1.0, ""jitter_ms"": 12.890447818791943, ""loss_percent"": 0.0, ""offered_bps"": 127992.4806974074, ""rtt_p95_ms"": 98.047604}}"
1785747596.4283504,fair-base8-w3-r02-u1-100-u2-075,2,1.0,0.75,MEDIUM_70,0.7,1,13.719999999999999,13.719999999999999,1.0,0.0,1.0,1.96,7.839999999999999,5.879999999999999,1.0,0.0,13.463017898648655,98.047604,0,"{""ue1"": {""delivered_bps"": 7839999.999999999, ""delivery_ratio"": 1.0, ""offered_bps"": 7839999.999999999}, ""ue2"": {""delivered_bps"": 5879999.999999999, ""delivery_ratio"": 1.0, ""offered_bps"": 5879999.999999999}, ""ue3"": {""delivered_bps"": 125430.70332380309, ""delivery_ratio"": 1.0, ""jitter_ms"": 13.463017898648655, ""loss_percent"": 0.0, ""offered_bps"": 127990.51359571744, ""rtt_p95_ms"": 98.047604}}"
1785747597.5448236,fair-base8-w3-r02-u1-100-u2-075,2,1.0,0.75,MEDIUM_70,0.7,2,11.98737848421308,11.98737848421308,1.0,0.0,1.0,3.6926215157869176,7.839999999999999,4.147378484213082,1.0,0.0,12.264083907894735,78.063225,0,"{""ue1"": {""delivered_bps"": 7839999.999999999, ""delivery_ratio"": 1.0, ""offered_bps"": 7839999.999999999}, ""ue2"": {""delivered_bps"": 4147378.4842130817, ""delivery_ratio"": 1.0, ""offered_bps"": 4147378.4842130817}, ""ue3"": {""delivered_bps"": 127990.9534739043, ""delivery_ratio"": 1.0, ""jitter_ms"": 12.264083907894735, ""loss_percent"": 0.0, ""offered_bps"": 127990.9534739043, ""rtt_p95_ms"": 78.063225}}"
1785747602.8452687,fair-base8-w3-r02-u1-025-u2-015,2,0.25,0.15,LIGHT_85,0.85,0,3.487391834921947,3.487391834921947,1.0,0.0,1.0,0.994694117663011,2.241042976292479,1.246348858629468,1.0,0.0,11.563034750000003,44.410421,1,"{""ue1"": {""delivered_bps"": 2241042.976292479, ""delivery_ratio"": 1.0, ""offered_bps"": 2241042.976292479}, ""ue2"": {""delivered_bps"": 1246348.858629468, ""delivery_ratio"": 1.0, ""offered_bps"": 1246348.858629468}, ""ue3"": {""delivered_bps"": 127989.15535457156, ""delivery_ratio"": 1.0, ""jitter_ms"": 11.563034750000003, ""loss_percent"": 0.0, ""offered_bps"": 127989.15535457156, ""rtt_p95_ms"": 44.410421}}"
1785747603.9962046,fair-base8-w3-r02-u1-025-u2-015,2,0.25,0.15,LIGHT_85,0.85,1,3.808,3.808,1.0,0.0,1.0,0.952,2.38,1.428,1.0,0.0,11.233313393333333,41.096968,1,"{""ue1"": {""delivered_bps"": 2380000.0, ""delivery_ratio"": 1.0, ""offered_bps"": 2380000.0}, ""ue2"": {""delivered_bps"": 1428000.0, ""delivery_ratio"": 1.0, ""offered_bps"": 1428000.0}, ""ue3"": {""delivered_bps"": 130550.80086306522, ""delivery_ratio"": 1.0, ""jitter_ms"": 11.233313393333333, ""loss_percent"": 0.0, ""offered_bps"": 127990.98123829924, ""rtt_p95_ms"": 41.096968}}"
1785747605.1101925,fair-base8-w3-r02-u1-025-u2-015,2,0.25,0.15,LIGHT_85,0.85,2,3.808,3.808,1.0,0.0,1.0,0.952,2.38,1.428,1.0,0.0,10.476629806666669,38.00722,1,"{""ue1"": {""delivered_bps"": 2380000.0, ""delivery_ratio"": 1.0, ""offered_bps"": 2380000.0}, ""ue2"": {""delivered_bps"": 1428000.0, ""delivery_ratio"": 1.0, ""offered_bps"": 1428000.0}, ""ue3"": {""delivered_bps"": 127989.80535557863, ""delivery_ratio"": 1.0, ""jitter_ms"": 10.476629806666669, ""loss_percent"": 0.0, ""offered_bps"": 127989.80535557863, ""rtt_p95_ms"": 38.00722}}"
1785747610.3337512,fair-base8-w3-r02-u1-025-u2-015,2,0.25,0.15,EQUAL_100,1.0,0,4.102964553029336,4.102964553029336,1.0,0.0,1.0,1.1703790033129413,2.636671778171139,1.4662927748581975,1.0,0.0,10.23542749664429,37.463279,1,"{""ue1"": {""delivered_bps"": 2636671.778171139, ""delivery_ratio"": 1.0, ""offered_bps"": 2636671.778171139}, ""ue2"": {""delivered_bps"": 1466292.7748581974, ""delivery_ratio"": 1.0, ""offered_bps"": 1466292.7748581974}, ""ue3"": {""delivered_bps"": 125429.4335775976, ""delivery_ratio"": 1.0, ""jitter_ms"": 10.23542749664429, ""loss_percent"": 0.0, ""offered_bps"": 127989.21793632409, ""rtt_p95_ms"": 37.463279}}"
1785747611.4480124,fair-base8-w3-r02-u1-025-u2-015,2,0.25,0.15,EQUAL_100,1.0,1,4.48,4.48,1.0,0.0,1.0,1.12,2.8,1.68,1.0,0.0,10.152322340000005,37.119978,1,"{""ue1"": {""delivered_bps"": 2800000.0, ""delivery_ratio"": 1.0, ""offered_bps"": 2800000.0}, ""ue2"": {""delivered_bps"": 1680000.0, ""delivery_ratio"": 1.0, ""offered_bps"": 1680000.0}, ""ue3"": {""delivered_bps"": 130549.65615586465, ""delivery_ratio"": 1.0, ""jitter_ms"": 10.152322340000005, ""loss_percent"": 0.0, ""offered_bps"": 127989.8589763379, ""rtt_p95_ms"": 37.119978}}"
1785747612.5959191,fair-base8-w3-r02-u1-025-u2-015,2,0.25,0.15,EQUAL_100,1.0,2,3.984965281203738,3.984965281203738,1.0,0.0,1.0,1.6150347187962621,2.8,1.184965281203738,1.0,0.0,11.489728635135133,43.194806,1,"{""ue1"": {""delivered_bps"": 2800000.0, ""delivery_ratio"": 1.0, ""offered_bps"": 2800000.0}, ""ue2"": {""delivered_bps"": 1184965.281203738, ""delivery_ratio"": 1.0, ""offered_bps"": 1184965.281203738}, ""ue3"": {""delivered_bps"": 125430.91115440424, ""delivery_ratio"": 1.0, ""jitter_ms"": 11.489728635135133, ""loss_percent"": 0.0, ""offered_bps"": 127990.72566775943, ""rtt_p95_ms"": 43.194806}}"
1785747617.8201113,fair-base8-w3-r02-u1-025-u2-015,2,0.25,0.15,STRONG_40,0.4,0,2.0321621208790908,2.0321621208790908,1.0,0.0,1.0,0.07710508773482731,1.054633604306959,0.9775285165721318,1.0,0.0,11.162332033333337,34.625589,1,"{""ue1"": {""delivered_bps"": 1054633.604306959, ""delivery_ratio"": 1.0, ""offered_bps"": 1054633.604306959}, ""ue2"": {""delivered_bps"": 977528.5165721318, ""delivery_ratio"": 1.0, ""offered_bps"": 977528.5165721318}, ""ue3"": {""delivered_bps"": 127991.20495554709, ""delivery_ratio"": 1.0, ""jitter_ms"": 11.162332033333337, ""loss_percent"": 0.0, ""offered_bps"": 127991.20495554709, ""rtt_p95_ms"": 34.625589}}"
1785747618.977335,fair-base8-w3-r02-u1-025-u2-015,2,0.25,0.15,STRONG_40,0.4,1,2.24,2.24,1.0,0.0,1.0,0.0,1.12,1.12,1.0,0.0,12.30503953691275,65.091331,0,"{""ue1"": {""delivered_bps"": 1120000.0, ""delivery_ratio"": 1.0, ""offered_bps"": 1120000.0}, ""ue2"": {""delivered_bps"": 1120000.0, ""delivery_ratio"": 1.0, ""offered_bps"": 1120000.0}, ""ue3"": {""delivered_bps"": 125430.45599840066, ""delivery_ratio"": 1.0, ""jitter_ms"": 12.30503953691275, ""loss_percent"": 0.0, ""offered_bps"": 127990.26122285782, ""rtt_p95_ms"": 65.091331}}"
1785747620.093764,fair-base8-w3-r02-u1-025-u2-015,2,0.25,0.15,STRONG_40,0.4,2,2.24,2.24,1.0,0.0,1.0,0.0,1.12,1.12,1.0,0.0,13.503995797297293,96.586214,0,"{""ue1"": {""delivered_bps"": 1120000.0, ""delivery_ratio"": 1.0, ""offered_bps"": 1120000.0}, ""ue2"": {""delivered_bps"": 1120000.0, ""delivery_ratio"": 1.0, ""offered_bps"": 1120000.0}, ""ue3"": {""delivered_bps"": 127989.31353358901, ""delivery_ratio"": 1.0, ""jitter_ms"": 13.503995797297293, ""loss_percent"": 0.0, ""offered_bps"": 127989.31353358901, ""rtt_p95_ms"": 96.586214}}"
1785747625.3203907,fair-base8-w3-r02-u1-025-u2-015,2,0.25,0.15,MEDIUM_70,0.7,0,2.8719874638350387,2.8719874638350387,1.0,0.0,1.0,0.8191775790335616,1.8455825214343,1.0264049424007384,1.0,0.0,11.299876724832215,38.280328,1,"{""ue1"": {""delivered_bps"": 1845582.5214343, ""delivery_ratio"": 1.0, ""offered_bps"": 1845582.5214343}, ""ue2"": {""delivered_bps"": 1026404.9424007385, ""delivery_ratio"": 1.0, ""offered_bps"": 1026404.9424007385}, ""ue3"": {""delivered_bps"": 125431.10028902642, ""delivery_ratio"": 1.0, ""jitter_ms"": 11.299876724832215, ""loss_percent"": 0.0, ""offered_bps"": 127990.91866227186, ""rtt_p95_ms"": 38.280328}}"
1785747626.4392297,fair-base8-w3-r02-u1-025-u2-015,2,0.25,0.15,MEDIUM_70,0.7,1,2.7894756968426164,2.7894756968426164,1.0,0.0,1.0,1.130524303157383,1.9599999999999997,0.8294756968426166,1.0,0.0,10.045204878378376,35.117782,1,"{""ue1"": {""delivered_bps"": 1959999.9999999998, ""delivery_ratio"": 1.0, ""offered_bps"": 1959999.9999999998}, ""ue2"": {""delivered_bps"": 829475.6968426165, ""delivery_ratio"": 1.0, ""offered_bps"": 829475.6968426165}, ""ue3"": {""delivered_bps"": 127990.68009917827, ""delivery_ratio"": 1.0, ""jitter_ms"": 10.045204878378376, ""loss_percent"": 0.0, ""offered_bps"": 127990.68009917827, ""rtt_p95_ms"": 35.117782}}"
1785747627.5758646,fair-base8-w3-r02-u1-025-u2-015,2,0.25,0.15,MEDIUM_70,0.7,2,3.136,3.136,1.0,0.0,1.0,0.7839999999999998,1.9599999999999997,1.176,1.0,0.0,10.119591476510074,34.898987,1,"{""ue1"": {""delivered_bps"": 1959999.9999999998, ""delivery_ratio"": 1.0, ""offered_bps"": 1959999.9999999998}, ""ue2"": {""delivered_bps"": 1176000.0, ""delivery_ratio"": 1.0, ""offered_bps"": 1176000.0}, ""ue3"": {""delivered_bps"": 130550.39305929803, ""delivery_ratio"": 1.0, ""jitter_ms"": 10.119591476510074, ""loss_percent"": 0.0, ""offered_bps"": 127990.58143068435, ""rtt_p95_ms"": 34.898987}}"
1785747632.8249376,fair-base8-w3-r02-u1-075-u2-100,2,0.75,1.0,MEDIUM_70,0.7,0,12.379607108766638,12.379607108766638,1.0,0.0,1.0,1.3057921232432061,5.536907492761716,6.842699616004922,1.0,0.0,10.70853624161074,67.525056,0,"{""ue1"": {""delivered_bps"": 5536907.492761716, ""delivery_ratio"": 1.0, ""offered_bps"": 5536907.492761716}, ""ue2"": {""delivered_bps"": 6842699.616004922, ""delivery_ratio"": 1.0, ""offered_bps"": 6842699.616004922}, ""ue3"": {""delivered_bps"": 127989.86038427452, ""delivery_ratio"": 1.0, ""jitter_ms"": 10.70853624161074, ""loss_percent"": 0.0, ""offered_bps"": 127989.86038427452, ""rtt_p95_ms"": 67.525056}}"
1785747633.9460523,fair-base8-w3-r02-u1-075-u2-100,2,0.75,1.0,MEDIUM_70,0.7,1,13.719999999999999,13.719999999999999,1.0,0.0,1.0,1.96,5.879999999999999,7.839999999999999,1.0,0.0,12.533938148648655,91.970684,0,"{""ue1"": {""delivered_bps"": 5879999.999999999, ""delivery_ratio"": 1.0, ""offered_bps"": 5879999.999999999}, ""ue2"": {""delivered_bps"": 7839999.999999999, ""delivery_ratio"": 1.0, ""offered_bps"": 7839999.999999999}, ""ue3"": {""delivered_bps"": 127990.67729071846, ""delivery_ratio"": 1.0, ""jitter_ms"": 12.533938148648655, ""loss_percent"": 0.0, ""offered_bps"": 127990.67729071846, ""rtt_p95_ms"": 91.970684}}"
1785747635.0660303,fair-base8-w3-r02-u1-075-u2-100,2,0.75,1.0,MEDIUM_70,0.7,2,11.409837978950776,11.409837978950776,1.0,0.0,1.0,0.350162021049222,5.879999999999999,5.529837978950777,1.0,0.0,11.336967644295303,62.553069,0,"{""ue1"": {""delivered_bps"": 5879999.999999999, ""delivery_ratio"": 1.0, ""offered_bps"": 5879999.999999999}, ""ue2"": {""delivered_bps"": 5529837.978950777, ""delivery_ratio"": 1.0, ""offered_bps"": 5529837.978950777}, ""ue3"": {""delivered_bps"": 127990.03469302806, ""delivery_ratio"": 1.0, ""jitter_ms"": 11.336967644295303, ""loss_percent"": 0.0, ""offered_bps"": 127990.03469302806, ""rtt_p95_ms"": 62.553069}}"
1785747640.4377656,fair-base8-w3-r02-u1-075-u2-100,2,0.75,1.0,EQUAL_100,1.0,0,17.68510350271503,17.68510350271503,1.0,0.0,1.0,1.8654668287276048,7.9098183369937125,9.775285165721318,0.9733333333333334,2.6666666666666665,14.120790583333344,116.868871,0,"{""ue1"": {""delivered_bps"": 7909818.336993713, ""delivery_ratio"": 1.0, ""offered_bps"": 7909818.336993713}, ""ue2"": {""delivered_bps"": 9775285.165721318, ""delivery_ratio"": 1.0, ""offered_bps"": 9775285.165721318}, ""ue3"": {""delivered_bps"": 125430.49901271371, ""delivery_ratio"": 0.9733333333333334, ""jitter_ms"": 14.120790583333344, ""loss_percent"": 2.6666666666666665, ""offered_bps"": 127990.305115014, ""rtt_p95_ms"": 116.868871}}"
1785747641.5590112,fair-base8-w3-r02-u1-075-u2-100,2,0.75,1.0,EQUAL_100,1.0,1,19.6,19.6,1.0,0.0,1.0,2.800000000000002,8.399999999999999,11.2,1.0,0.0,14.291656945945945,115.025876,0,"{""ue1"": {""delivered_bps"": 8399999.999999998, ""delivery_ratio"": 1.0, ""offered_bps"": 8399999.999999998}, ""ue2"": {""delivered_bps"": 11200000.0, ""delivery_ratio"": 1.0, ""offered_bps"": 11200000.0}, ""ue3"": {""delivered_bps"": 138230.63169760426, ""delivery_ratio"": 1.0, ""jitter_ms"": 14.291656945945945, ""loss_percent"": 0.0, ""offered_bps"": 127991.32564592986, ""rtt_p95_ms"": 115.025876}}"
1785747642.7094908,fair-base8-w3-r02-u1-075-u2-100,2,0.75,1.0,EQUAL_100,1.0,2,16.29976854135825,16.29976854135825,1.0,0.0,1.0,0.5002314586417451,8.399999999999999,7.899768541358253,1.0,0.0,14.864234980392155,116.505893,0,"{""ue1"": {""delivered_bps"": 8399999.999999998, ""delivery_ratio"": 1.0, ""offered_bps"": 8399999.999999998}, ""ue2"": {""delivered_bps"": 7899768.541358253, ""delivery_ratio"": 1.0, ""offered_bps"": 7899768.541358253}, ""ue3"": {""delivered_bps"": 130551.66871115197, ""delivery_ratio"": 1.0, ""jitter_ms"": 14.864234980392155, ""loss_percent"": 0.0, ""offered_bps"": 127991.83206975684, ""rtt_p95_ms"": 116.505893}}"
1785747647.9653873,fair-base8-w3-r02-u1-075-u2-100,2,0.75,1.0,STRONG_40,0.4,0,7.073966112399188,7.073966112399188,1.0,0.0,1.0,0.7462620201778664,3.163852046110661,3.910114066288527,1.0,0.0,11.870494179999996,42.043303,1,"{""ue1"": {""delivered_bps"": 3163852.046110661, ""delivery_ratio"": 1.0, ""offered_bps"": 3163852.046110661}, ""ue2"": {""delivered_bps"": 3910114.066288527, ""delivery_ratio"": 1.0, ""offered_bps"": 3910114.066288527}, ""ue3"": {""delivered_bps"": 127989.71615659907, ""delivery_ratio"": 1.0, ""jitter_ms"": 11.870494179999996, ""loss_percent"": 0.0, ""offered_bps"": 127989.71615659907, ""rtt_p95_ms"": 42.043303}}"
1785747649.0820875,fair-base8-w3-r02-u1-075-u2-100,2,0.75,1.0,STRONG_40,0.4,1,7.84,7.84,1.0,0.0,1.0,1.1199999999999994,3.3600000000000003,4.48,1.0,0.0,12.14424561333333,64.043314,0,"{""ue1"": {""delivered_bps"": 3360000.0000000005, ""delivery_ratio"": 1.0, ""offered_bps"": 3360000.0000000005}, ""ue2"": {""delivered_bps"": 4480000.0, ""delivery_ratio"": 1.0, ""offered_bps"": 4480000.0}, ""ue3"": {""delivered_bps"": 127991.50609713784, ""delivery_ratio"": 1.0, ""jitter_ms"": 12.14424561333333, ""loss_percent"": 0.0, ""offered_bps"": 127991.50609713784, ""rtt_p95_ms"": 64.043314}}"
1785747650.1962786,fair-base8-w3-r02-u1-075-u2-100,2,0.75,1.0,STRONG_40,0.4,2,6.519907416543302,6.519907416543302,1.0,0.0,1.0,0.2000925834566988,3.3600000000000003,3.1599074165433017,1.0,0.0,11.024597234899327,39.590543,1,"{""ue1"": {""delivered_bps"": 3360000.0000000005, ""delivery_ratio"": 1.0, ""offered_bps"": 3360000.0000000005}, ""ue2"": {""delivered_bps"": 3159907.4165433017, ""delivery_ratio"": 1.0, ""offered_bps"": 3159907.4165433017}, ""ue3"": {""delivered_bps"": 127991.50737846765, ""delivery_ratio"": 1.0, ""jitter_ms"": 11.024597234899327, ""loss_percent"": 0.0, ""offered_bps"": 127991.50737846765, ""rtt_p95_ms"": 39.590543}}"
1785747655.41856,fair-base8-w3-r02-u1-075-u2-100,2,0.75,1.0,LIGHT_85,0.85,0,15.032214274819292,15.032214274819292,1.0,0.0,1.0,1.5857705069069472,6.723221883956173,8.30899239086312,1.0,0.0,10.282461483221475,40.982092,1,"{""ue1"": {""delivered_bps"": 6723221.8839561725, ""delivery_ratio"": 1.0, ""offered_bps"": 6723221.8839561725}, ""ue2"": {""delivered_bps"": 8308992.39086312, ""delivery_ratio"": 1.0, ""offered_bps"": 8308992.39086312}, ""ue3"": {""delivered_bps"": 130552.71450272608, ""delivery_ratio"": 1.0, ""jitter_ms"": 10.282461483221475, ""loss_percent"": 0.0, ""offered_bps"": 127992.85735561381, ""rtt_p95_ms"": 40.982092}}"
1785747656.5789442,fair-base8-w3-r02-u1-075-u2-100,2,0.75,1.0,LIGHT_85,0.85,1,16.66,16.66,1.0,0.0,1.0,2.380000000000001,7.139999999999999,9.52,0.9933333333333333,0.6666666666666666,10.859145557823128,43.878443,1,"{""ue1"": {""delivered_bps"": 7139999.999999999, ""delivery_ratio"": 1.0, ""offered_bps"": 7139999.999999999}, ""ue2"": {""delivered_bps"": 9520000.0, ""delivery_ratio"": 1.0, ""offered_bps"": 9520000.0}, ""ue3"": {""delivered_bps"": 122871.33597431444, ""delivery_ratio"": 0.9933333333333333, ""jitter_ms"": 10.859145557823128, ""loss_percent"": 0.6666666666666666, ""offered_bps"": 127990.97497324421, ""rtt_p95_ms"": 43.878443}}"
1785747657.7127504,fair-base8-w3-r02-u1-075-u2-100,2,0.75,1.0,LIGHT_85,0.85,2,13.854803260154513,13.854803260154513,1.0,0.0,1.0,0.4251967398454845,7.139999999999999,6.714803260154515,1.0,0.0,13.77671826174497,135.108583,0,"{""ue1"": {""delivered_bps"": 7139999.999999999, ""delivery_ratio"": 1.0, ""offered_bps"": 7139999.999999999}, ""ue2"": {""delivered_bps"": 6714803.260154515, ""delivery_ratio"": 1.0, ""offered_bps"": 6714803.260154515}, ""ue3"": {""delivered_bps"": 130550.7669280778, ""delivery_ratio"": 1.0, ""jitter_ms"": 13.77671826174497, ""loss_percent"": 0.0, ""offered_bps"": 127990.94796870372, ""rtt_p95_ms"": 135.108583}}"
1785747663.0402882,fair-base8-w3-r02-u1-025-u2-025,2,0.25,0.25,MEDIUM_70,0.7,0,3.556242109611207,3.556242109611207,1.0,0.0,1.0,0.13489230160874546,1.8455672056099761,1.7106749040012306,1.0,0.0,9.853780160000007,36.424941,1,"{""ue1"": {""delivered_bps"": 1845567.205609976, ""delivery_ratio"": 1.0, ""offered_bps"": 1845567.205609976}, ""ue2"": {""delivered_bps"": 1710674.9040012306, ""delivery_ratio"": 1.0, ""offered_bps"": 1710674.9040012306}, ""ue3"": {""delivered_bps"": 127991.10551894078, ""delivery_ratio"": 1.0, ""jitter_ms"": 9.853780160000007, ""loss_percent"": 0.0, ""offered_bps"": 127991.10551894078, ""rtt_p95_ms"": 36.424941}}"
1785747664.1627333,fair-base8-w3-r02-u1-025-u2-025,2,0.25,0.25,MEDIUM_70,0.7,1,3.9199999999999995,3.9199999999999995,1.0,0.0,1.0,0.0,1.9599999999999997,1.9599999999999997,1.0,0.0,9.292756786666665,36.424941,1,"{""ue1"": {""delivered_bps"": 1959999.9999999998, ""delivery_ratio"": 1.0, ""offered_bps"": 1959999.9999999998}, ""ue2"": {""delivered_bps"": 1959999.9999999998, ""delivery_ratio"": 1.0, ""offered_bps"": 1959999.9999999998}, ""ue3"": {""delivered_bps"": 127990.879626781, ""delivery_ratio"": 1.0, ""jitter_ms"": 9.292756786666665, ""loss_percent"": 0.0, ""offered_bps"": 127990.879626781, ""rtt_p95_ms"": 36.424941}}"
1785747665.2762086,fair-base8-w3-r02-u1-025-u2-025,2,0.25,0.25,MEDIUM_70,0.7,2,3.9199999999999995,3.9199999999999995,1.0,0.0,1.0,0.0,1.9599999999999997,1.9599999999999997,1.0,0.0,9.417985926174495,36.424941,1,"{""ue1"": {""delivered_bps"": 1959999.9999999998, ""delivery_ratio"": 1.0, ""offered_bps"": 1959999.9999999998}, ""ue2"": {""delivered_bps"": 1959999.9999999998, ""delivery_ratio"": 1.0, ""offered_bps"": 1959999.9999999998}, ""ue3"": {""delivered_bps"": 127991.72853488625, ""delivery_ratio"": 1.0, ""jitter_ms"": 9.417985926174495, ""loss_percent"": 0.0, ""offered_bps"": 127991.72853488625, ""rtt_p95_ms"": 36.424941}}"
1785747670.539971,fair-base8-w3-r02-u1-025-u2-025,2,0.25,0.25,LIGHT_85,0.85,0,4.318312643681951,4.318312643681951,1.0,0.0,1.0,0.16381644825039082,2.2410645459661707,2.07724809771578,1.0,0.0,13.027348831081085,80.990016,0,"{""ue1"": {""delivered_bps"": 2241064.5459661707, ""delivery_ratio"": 1.0, ""offered_bps"": 2241064.5459661707}, ""ue2"": {""delivered_bps"": 2077248.09771578, ""delivery_ratio"": 1.0, ""offered_bps"": 2077248.09771578}, ""ue3"": {""delivered_bps"": 125430.69743231055, ""delivery_ratio"": 1.0, ""jitter_ms"": 13.027348831081085, ""loss_percent"": 0.0, ""offered_bps"": 127990.50758399037, ""rtt_p95_ms"": 80.990016}}"
1785747671.6597354,fair-base8-w3-r02-u1-025-u2-025,2,0.25,0.25,LIGHT_85,0.85,1,4.76,4.76,1.0,0.0,1.0,0.0,2.38,2.38,1.0,0.0,11.950788535483868,74.044778,0,"{""ue1"": {""delivered_bps"": 2380000.0, ""delivery_ratio"": 1.0, ""offered_bps"": 2380000.0}, ""ue2"": {""delivered_bps"": 2380000.0, ""delivery_ratio"": 1.0, ""offered_bps"": 2380000.0}, ""ue3"": {""delivered_bps"": 130550.6237265764, ""delivery_ratio"": 1.0, ""jitter_ms"": 11.950788535483868, ""loss_percent"": 0.0, ""offered_bps"": 127990.80757507491, ""rtt_p95_ms"": 74.044778}}"
1785747672.7819612,fair-base8-w3-r02-u1-025-u2-025,2,0.25,0.25,LIGHT_85,0.85,2,4.76,4.76,1.0,0.0,1.0,0.0,2.38,2.38,1.0,0.0,9.766183778523487,38.590717,1,"{""ue1"": {""delivered_bps"": 2380000.0, ""delivery_ratio"": 1.0, ""offered_bps"": 2380000.0}, ""ue2"": {""delivered_bps"": 2380000.0, ""delivery_ratio"": 1.0, ""offered_bps"": 2380000.0}, ""ue3"": {""delivered_bps"": 125429.09644885133, ""delivery_ratio"": 1.0, ""jitter_ms"": 9.766183778523487, ""loss_percent"": 0.0, ""offered_bps"": 127988.87392739931, ""rtt_p95_ms"": 38.590717}}"
1785747678.081074,fair-base8-w3-r02-u1-025-u2-025,2,0.25,0.25,STRONG_40,0.4,0,2.0321372438508307,2.0321372438508307,1.0,0.0,1.0,0.07708021070656716,1.054608727278699,0.9775285165721318,1.0,0.0,10.527621033557049,36.011578,1,"{""ue1"": {""delivered_bps"": 1054608.727278699, ""delivery_ratio"": 1.0, ""offered_bps"": 1054608.727278699}, ""ue2"": {""delivered_bps"": 977528.5165721318, ""delivery_ratio"": 1.0, ""offered_bps"": 977528.5165721318}, ""ue3"": {""delivered_bps"": 127990.61624213336, ""delivery_ratio"": 1.0, ""jitter_ms"": 10.527621033557049, ""loss_percent"": 0.0, ""offered_bps"": 127990.61624213336, ""rtt_p95_ms"": 36.011578}}"
1785747679.208646,fair-base8-w3-r02-u1-025-u2-025,2,0.25,0.25,STRONG_40,0.4,1,2.24,2.24,1.0,0.0,1.0,0.0,1.12,1.12,1.0,0.0,10.612348953020133,38.244712,1,"{""ue1"": {""delivered_bps"": 1120000.0, ""delivery_ratio"": 1.0, ""offered_bps"": 1120000.0}, ""ue2"": {""delivered_bps"": 1120000.0, ""delivery_ratio"": 1.0, ""offered_bps"": 1120000.0}, ""ue3"": {""delivered_bps"": 127990.8148606966, ""delivery_ratio"": 1.0, ""jitter_ms"": 10.612348953020133, ""loss_percent"": 0.0, ""offered_bps"": 127990.8148606966, ""rtt_p95_ms"": 38.244712}}"
1785747680.3541956,fair-base8-w3-r02-u1-025-u2-025,2,0.25,0.25,STRONG_40,0.4,2,2.24,2.24,1.0,0.0,1.0,0.0,1.12,1.12,1.0,0.0,11.02704198648649,38.735963,1,"{""ue1"": {""delivered_bps"": 1120000.0, ""delivery_ratio"": 1.0, ""offered_bps"": 1120000.0}, ""ue2"": {""delivered_bps"": 1120000.0, ""delivery_ratio"": 1.0, ""offered_bps"": 1120000.0}, ""ue3"": {""delivered_bps"": 125432.1232407467, ""delivery_ratio"": 1.0, ""jitter_ms"": 11.02704198648649, ""loss_percent"": 0.0, ""offered_bps"": 127991.96249055785, ""rtt_p95_ms"": 38.735963}}"
1785747685.6758943,fair-base8-w3-r02-u1-025-u2-025,2,0.25,0.25,EQUAL_100,1.0,0,5.080394660746186,5.080394660746186,1.0,0.0,1.0,0.19275207788552717,2.6365733693158564,2.4438212914303294,1.0,0.0,11.069401304054052,38.946041,1,"{""ue1"": {""delivered_bps"": 2636573.3693158566, ""delivery_ratio"": 1.0, ""offered_bps"": 2636573.3693158566}, ""ue2"": {""delivered_bps"": 2443821.2914303294, ""delivery_ratio"": 1.0, ""offered_bps"": 2443821.2914303294}, ""ue3"": {""delivered_bps"": 130550.57333333918, ""delivery_ratio"": 1.0, ""jitter_ms"": 11.069401304054052, ""loss_percent"": 0.0, ""offered_bps"": 127990.75816994038, ""rtt_p95_ms"": 38.946041}}"
1785747686.8114543,fair-base8-w3-r02-u1-025-u2-025,2,0.25,0.25,EQUAL_100,1.0,1,5.6,5.6,1.0,0.0,1.0,0.0,2.8,2.8,1.0,0.0,10.95109203333333,43.99256,1,"{""ue1"": {""delivered_bps"": 2800000.0, ""delivery_ratio"": 1.0, ""offered_bps"": 2800000.0}, ""ue2"": {""delivered_bps"": 2800000.0, ""delivery_ratio"": 1.0, ""offered_bps"": 2800000.0}, ""ue3"": {""delivered_bps"": 127989.37969863073, ""delivery_ratio"": 1.0, ""jitter_ms"": 10.95109203333333, ""loss_percent"": 0.0, ""offered_bps"": 127989.37969863073, ""rtt_p95_ms"": 43.99256}}"
1785747687.9378982,fair-base8-w3-r02-u1-025-u2-025,2,0.25,0.25,EQUAL_100,1.0,2,5.6,5.6,1.0,0.0,1.0,0.0,2.8,2.8,1.0,0.0,10.438072906040269,36.275117,1,"{""ue1"": {""delivered_bps"": 2800000.0, ""delivery_ratio"": 1.0, ""offered_bps"": 2800000.0}, ""ue2"": {""delivered_bps"": 2800000.0, ""delivery_ratio"": 1.0, ""offered_bps"": 2800000.0}, ""ue3"": {""delivered_bps"": 127990.09906350322, ""delivery_ratio"": 1.0, ""jitter_ms"": 10.438072906040269, ""loss_percent"": 0.0, ""offered_bps"": 127990.09906350322, ""rtt_p95_ms"": 36.275117}}"
1785747693.3211775,fair-base8-w3-r02-u1-100-u2-055,2,1.0,0.55,LIGHT_85,0.85,0,13.53416938051151,13.53416938051151,1.0,0.0,1.0,4.394277750562076,8.964223565536793,4.569945814974717,1.0,0.0,11.752334864864865,53.620564,1,"{""ue1"": {""delivered_bps"": 8964223.565536793, ""delivery_ratio"": 1.0, ""offered_bps"": 8964223.565536793}, ""ue2"": {""delivered_bps"": 4569945.814974717, ""delivery_ratio"": 1.0, ""offered_bps"": 4569945.814974717}, ""ue3"": {""delivered_bps"": 122871.52764327238, ""delivery_ratio"": 1.0, ""jitter_ms"": 11.752334864864865, ""loss_percent"": 0.0, ""offered_bps"": 127991.17462840873, ""rtt_p95_ms"": 53.620564}}"
1785747694.4865117,fair-base8-w3-r02-u1-100-u2-055,2,1.0,0.55,LIGHT_85,0.85,1,14.756,14.756,1.0,0.0,1.0,4.284,9.52,5.236,1.0,0.0,13.01966795333333,107.939032,0,"{""ue1"": {""delivered_bps"": 9520000.0, ""delivery_ratio"": 1.0, ""offered_bps"": 9520000.0}, ""ue2"": {""delivered_bps"": 5236000.0, ""delivery_ratio"": 1.0, ""offered_bps"": 5236000.0}, ""ue3"": {""delivered_bps"": 133109.0666882167, ""delivery_ratio"": 1.0, ""jitter_ms"": 13.01966795333333, ""loss_percent"": 0.0, ""offered_bps"": 127989.48720020836, ""rtt_p95_ms"": 107.939032}}"
1785747695.6272702,fair-base8-w3-r02-u1-100-u2-055,2,1.0,0.55,LIGHT_85,0.85,2,13.213141793084983,13.213141793084983,1.0,0.0,1.0,5.826858206915016,9.52,3.6931417930849837,1.0,0.0,13.913742533783786,117.975702,0,"{""ue1"": {""delivered_bps"": 9520000.0, ""delivery_ratio"": 1.0, ""offered_bps"": 9520000.0}, ""ue2"": {""delivered_bps"": 3693141.7930849837, ""delivery_ratio"": 1.0, ""offered_bps"": 3693141.7930849837}, ""ue3"": {""delivered_bps"": 125430.37961375556, ""delivery_ratio"": 1.0, ""jitter_ms"": 13.913742533783786, ""loss_percent"": 0.0, ""offered_bps"": 127990.18327934241, ""rtt_p95_ms"": 117.975702}}"
1785747700.9103637,fair-base8-w3-r02-u1-100-u2-055,2,1.0,0.55,EQUAL_100,1.0,0,15.922522287344997,15.922522287344997,1.0,0.0,1.0,5.169708605051545,10.54611544619827,5.376406841146725,1.0,0.0,11.891595536912757,81.92026,0,"{""ue1"": {""delivered_bps"": 10546115.44619827, ""delivery_ratio"": 1.0, ""offered_bps"": 10546115.44619827}, ""ue2"": {""delivered_bps"": 5376406.841146725, ""delivery_ratio"": 1.0, ""offered_bps"": 5376406.841146725}, ""ue3"": {""delivered_bps"": 125430.92106119837, ""delivery_ratio"": 1.0, ""jitter_ms"": 11.891595536912757, ""loss_percent"": 0.0, ""offered_bps"": 127990.73577673302, ""rtt_p95_ms"": 81.92026}}"
1785747702.0557334,fair-base8-w3-r02-u1-100-u2-055,2,1.0,0.55,EQUAL_100,1.0,1,17.36,17.36,1.0,0.0,1.0,5.04,11.2,6.16,1.0,0.0,12.886360553333335,119.173352,0,"{""ue1"": {""delivered_bps"": 11200000.0, ""delivery_ratio"": 1.0, ""offered_bps"": 11200000.0}, ""ue2"": {""delivered_bps"": 6160000.0, ""delivery_ratio"": 1.0, ""offered_bps"": 6160000.0}, ""ue3"": {""delivered_bps"": 130550.21173716828, ""delivery_ratio"": 1.0, ""jitter_ms"": 12.886360553333335, ""loss_percent"": 0.0, ""offered_bps"": 127990.40366389047, ""rtt_p95_ms"": 119.173352}}"
1785747703.2507322,fair-base8-w3-r02-u1-100-u2-055,2,1.0,0.55,EQUAL_100,1.0,2,15.54487269774704,15.54487269774704,1.0,0.0,1.0,6.85512730225296,11.2,4.344872697747039,1.0,0.0,12.291823684563761,100.703734,0,"{""ue1"": {""delivered_bps"": 11200000.0, ""delivery_ratio"": 1.0, ""offered_bps"": 11200000.0}, ""ue2"": {""delivered_bps"": 4344872.69774704, ""delivery_ratio"": 1.0, ""offered_bps"": 4344872.69774704}, ""ue3"": {""delivered_bps"": 127989.40349929013, ""delivery_ratio"": 1.0, ""jitter_ms"": 12.291823684563761, ""loss_percent"": 0.0, ""offered_bps"": 127989.40349929013, ""rtt_p95_ms"": 100.703734}}"
1785747708.7080398,fair-base8-w3-r02-u1-100-u2-055,2,1.0,0.55,STRONG_40,0.4,0,6.369079933096178,6.369079933096178,1.0,0.0,1.0,2.0679544601787976,4.218517196637488,2.1505627364586903,1.0,0.0,10.718797213333334,46.513569,1,"{""ue1"": {""delivered_bps"": 4218517.196637488, ""delivery_ratio"": 1.0, ""offered_bps"": 4218517.196637488}, ""ue2"": {""delivered_bps"": 2150562.7364586904, ""delivery_ratio"": 1.0, ""offered_bps"": 2150562.7364586904}, ""ue3"": {""delivered_bps"": 130549.12721141873, ""delivery_ratio"": 1.0, ""jitter_ms"": 10.718797213333334, ""loss_percent"": 0.0, ""offered_bps"": 127989.3404033517, ""rtt_p95_ms"": 46.513569}}"
1785747709.8471446,fair-base8-w3-r02-u1-100-u2-055,2,1.0,0.55,STRONG_40,0.4,1,6.217949079098816,6.217949079098816,1.0,0.0,1.0,2.742050920901184,4.48,1.737949079098816,1.0,0.0,11.666733409395972,64.658542,0,"{""ue1"": {""delivered_bps"": 4480000.0, ""delivery_ratio"": 1.0, ""offered_bps"": 4480000.0}, ""ue2"": {""delivered_bps"": 1737949.0790988158, ""delivery_ratio"": 1.0, ""offered_bps"": 1737949.0790988158}, ""ue3"": {""delivered_bps"": 127990.26864250736, ""delivery_ratio"": 1.0, ""jitter_ms"": 11.666733409395972, ""loss_percent"": 0.0, ""offered_bps"": 127990.26864250736, ""rtt_p95_ms"": 64.658542}}"
1785747710.980295,fair-base8-w3-r02-u1-100-u2-055,2,1.0,0.55,STRONG_40,0.4,2,6.944,6.944,1.0,0.0,1.0,2.016,4.48,2.464,1.0,0.0,12.545829463087253,93.436385,0,"{""ue1"": {""delivered_bps"": 4480000.0, ""delivery_ratio"": 1.0, ""offered_bps"": 4480000.0}, ""ue2"": {""delivered_bps"": 2464000.0, ""delivery_ratio"": 1.0, ""offered_bps"": 2464000.0}, ""ue3"": {""delivered_bps"": 130549.3624484328, ""delivery_ratio"": 1.0, ""jitter_ms"": 12.545829463087253, ""loss_percent"": 0.0, ""offered_bps"": 127989.5710278753, ""rtt_p95_ms"": 93.436385}}"
1785747716.4863856,fair-base8-w3-r02-u1-100-u2-055,2,1.0,0.55,MEDIUM_70,0.7,0,11.145723593382545,11.145723593382545,1.0,0.0,1.0,3.61875401577713,7.3822388045798375,3.7634847888027076,0.9933333333333333,0.6666666666666666,10.812860061224491,42.157851,1,"{""ue1"": {""delivered_bps"": 7382238.804579837, ""delivery_ratio"": 1.0, ""offered_bps"": 7382238.804579837}, ""ue2"": {""delivered_bps"": 3763484.7888027076, ""delivery_ratio"": 1.0, ""offered_bps"": 3763484.7888027076}, ""ue3"": {""delivered_bps"": 125429.26438517048, ""delivery_ratio"": 0.9933333333333333, ""jitter_ms"": 10.812860061224491, ""loss_percent"": 0.6666666666666666, ""offered_bps"": 127989.04529099028, ""rtt_p95_ms"": 42.157851}}"
1785747717.6830182,fair-base8-w3-r02-u1-100-u2-055,2,1.0,0.55,MEDIUM_70,0.7,1,12.151999999999997,12.151999999999997,1.0,0.0,1.0,3.528,7.839999999999999,4.311999999999999,1.0,0.0,10.0548015,38.179378,1,"{""ue1"": {""delivered_bps"": 7839999.999999999, ""delivery_ratio"": 1.0, ""offered_bps"": 7839999.999999999}, ""ue2"": {""delivered_bps"": 4311999.999999999, ""delivery_ratio"": 1.0, ""offered_bps"": 4311999.999999999}, ""ue3"": {""delivered_bps"": 130549.65393713537, ""delivery_ratio"": 1.0, ""jitter_ms"": 10.0548015, ""loss_percent"": 0.0, ""offered_bps"": 127989.85680111311, ""rtt_p95_ms"": 38.179378}}"
1785747718.8310072,fair-base8-w3-r02-u1-100-u2-055,2,1.0,0.55,MEDIUM_70,0.7,2,12.151999999999997,12.151999999999997,1.0,0.0,1.0,3.528,7.839999999999999,4.311999999999999,1.0,0.0,12.651561186666665,122.900078,0,"{""ue1"": {""delivered_bps"": 7839999.999999999, ""delivery_ratio"": 1.0, ""offered_bps"": 7839999.999999999}, ""ue2"": {""delivered_bps"": 4311999.999999999, ""delivery_ratio"": 1.0, ""offered_bps"": 4311999.999999999}, ""ue3"": {""delivered_bps"": 125430.71799778317, ""delivery_ratio"": 1.0, ""jitter_ms"": 12.651561186666665, ""loss_percent"": 0.0, ""offered_bps"": 127990.5285691665, ""rtt_p95_ms"": 122.900078}}"
1785747724.1985142,fair-base8-w3-r02-u1-015-u2-040,2,0.15,0.4,STRONG_40,0.4,0,2.618670816429878,2.618670816429878,1.0,0.0,1.0,0.5094204366009445,1.0546251899144667,1.5640456265154112,1.0,0.0,9.533468466216215,34.637513,1,"{""ue1"": {""delivered_bps"": 1054625.1899144668, ""delivery_ratio"": 1.0, ""offered_bps"": 1054625.1899144668}, ""ue2"": {""delivered_bps"": 1564045.6265154113, ""delivery_ratio"": 1.0, ""offered_bps"": 1564045.6265154113}, ""ue3"": {""delivered_bps"": 125430.48283488987, ""delivery_ratio"": 1.0, ""jitter_ms"": 9.533468466216215, ""loss_percent"": 0.0, ""offered_bps"": 127990.28860703048, ""rtt_p95_ms"": 34.637513}}"
1785747725.3150988,fair-base8-w3-r02-u1-015-u2-040,2,0.15,0.4,STRONG_40,0.4,1,2.912,2.912,1.0,0.0,1.0,0.6720000000000003,1.12,1.7920000000000003,1.0,0.0,9.628764899328857,36.491337,1,"{""ue1"": {""delivered_bps"": 1120000.0, ""delivery_ratio"": 1.0, ""offered_bps"": 1120000.0}, ""ue2"": {""delivered_bps"": 1792000.0000000002, ""delivery_ratio"": 1.0, ""offered_bps"": 1792000.0000000002}, ""ue3"": {""delivered_bps"": 130549.75954721306, ""delivery_ratio"": 1.0, ""jitter_ms"": 9.628764899328857, ""loss_percent"": 0.0, ""offered_bps"": 127989.96034040497, ""rtt_p95_ms"": 36.491337}}"
1785747726.4645054,fair-base8-w3-r02-u1-015-u2-040,2,0.15,0.4,STRONG_40,0.4,2,2.912,2.912,1.0,0.0,1.0,0.6720000000000003,1.12,1.7920000000000003,1.0,0.0,10.222061107382551,34.515661,1,"{""ue1"": {""delivered_bps"": 1120000.0, ""delivery_ratio"": 1.0, ""offered_bps"": 1120000.0}, ""ue2"": {""delivered_bps"": 1792000.0000000002, ""delivery_ratio"": 1.0, ""offered_bps"": 1792000.0000000002}, ""ue3"": {""delivered_bps"": 127990.21553541631, ""delivery_ratio"": 1.0, ""jitter_ms"": 10.222061107382551, ""loss_percent"": 0.0, ""offered_bps"": 127990.21553541631, ""rtt_p95_ms"": 34.515661}}"
1785747731.7757037,fair-base8-w3-r02-u1-015-u2-040,2,0.15,0.4,LIGHT_85,0.85,0,4.668291557811146,4.668291557811146,1.0,0.0,1.0,1.9789023548793505,1.3446946014658976,3.323596956345248,1.0,0.0,9.726067744966441,38.105127,1,"{""ue1"": {""delivered_bps"": 1344694.6014658976, ""delivery_ratio"": 1.0, ""offered_bps"": 1344694.6014658976}, ""ue2"": {""delivered_bps"": 3323596.956345248, ""delivery_ratio"": 1.0, ""offered_bps"": 3323596.956345248}, ""ue3"": {""delivered_bps"": 130550.74030287834, ""delivery_ratio"": 1.0, ""jitter_ms"": 9.726067744966441, ""loss_percent"": 0.0, ""offered_bps"": 127990.92186556701, ""rtt_p95_ms"": 38.105127}}"
1785747732.8975642,fair-base8-w3-r02-u1-015-u2-040,2,0.15,0.4,LIGHT_85,0.85,1,5.236,5.236,1.0,0.0,1.0,2.38,1.428,3.808,1.0,0.0,10.30354867333334,38.370431,1,"{""ue1"": {""delivered_bps"": 1428000.0, ""delivery_ratio"": 1.0, ""offered_bps"": 1428000.0}, ""ue2"": {""delivered_bps"": 3808000.0, ""delivery_ratio"": 1.0, ""offered_bps"": 3808000.0}, ""ue3"": {""delivered_bps"": 127989.44855295696, ""delivery_ratio"": 1.0, ""jitter_ms"": 10.30354867333334, ""loss_percent"": 0.0, ""offered_bps"": 127989.44855295696, ""rtt_p95_ms"": 38.370431}}"
1785747734.018555,fair-base8-w3-r02-u1-015-u2-040,2,0.15,0.4,LIGHT_85,0.85,2,4.113921304061806,4.113921304061806,1.0,0.0,1.0,1.2579213040618062,1.428,2.6859213040618064,1.0,0.0,9.395931736486485,37.107566,1,"{""ue1"": {""delivered_bps"": 1428000.0, ""delivery_ratio"": 1.0, ""offered_bps"": 1428000.0}, ""ue2"": {""delivered_bps"": 2685921.3040618063, ""delivery_ratio"": 1.0, ""offered_bps"": 2685921.3040618063}, ""ue3"": {""delivered_bps"": 125430.47242443323, ""delivery_ratio"": 1.0, ""jitter_ms"": 9.395931736486485, ""loss_percent"": 0.0, ""offered_bps"": 127990.27798411554, ""rtt_p95_ms"": 37.107566}}"
1785747739.2900674,fair-base8-w3-r02-u1-015-u2-040,2,0.15,0.4,MEDIUM_70,0.7,0,3.8444308107716463,3.8444308107716463,1.0,0.0,1.0,1.6297288820322906,1.107350964369678,2.7370798464019686,1.0,0.0,10.521395619999998,38.446094,1,"{""ue1"": {""delivered_bps"": 1107350.964369678, ""delivery_ratio"": 1.0, ""offered_bps"": 1107350.964369678}, ""ue2"": {""delivered_bps"": 2737079.8464019685, ""delivery_ratio"": 1.0, ""offered_bps"": 2737079.8464019685}, ""ue3"": {""delivered_bps"": 130550.50193032222, ""delivery_ratio"": 1.0, ""jitter_ms"": 10.521395619999998, ""loss_percent"": 0.0, ""offered_bps"": 127990.68816698257, ""rtt_p95_ms"": 38.446094}}"
1785747740.424894,fair-base8-w3-r02-u1-015-u2-040,2,0.15,0.4,MEDIUM_70,0.7,1,4.312,4.312,1.0,0.0,1.0,1.9599999999999995,1.176,3.1359999999999997,1.0,0.0,10.87975442281879,39.494833,1,"{""ue1"": {""delivered_bps"": 1176000.0, ""delivery_ratio"": 1.0, ""offered_bps"": 1176000.0}, ""ue2"": {""delivered_bps"": 3135999.9999999995, ""delivery_ratio"": 1.0, ""offered_bps"": 3135999.9999999995}, ""ue3"": {""delivered_bps"": 125430.14796363402, ""delivery_ratio"": 1.0, ""jitter_ms"": 10.87975442281879, ""loss_percent"": 0.0, ""offered_bps"": 127989.94690166737, ""rtt_p95_ms"": 39.494833}}"
1785747741.5484056,fair-base8-w3-r02-u1-015-u2-040,2,0.15,0.4,MEDIUM_70,0.7,2,3.387935191580311,3.387935191580311,1.0,0.0,1.0,1.035935191580311,1.176,2.2119351915803107,1.0,0.0,12.863098335570468,87.600552,0,"{""ue1"": {""delivered_bps"": 1176000.0, ""delivery_ratio"": 1.0, ""offered_bps"": 1176000.0}, ""ue2"": {""delivered_bps"": 2211935.191580311, ""delivery_ratio"": 1.0, ""offered_bps"": 2211935.191580311}, ""ue3"": {""delivered_bps"": 127990.29308415014, ""delivery_ratio"": 1.0, ""jitter_ms"": 12.863098335570468, ""loss_percent"": 0.0, ""offered_bps"": 127990.29308415014, ""rtt_p95_ms"": 87.600552}}"
1785747746.8469634,fair-base8-w3-r02-u1-015-u2-040,2,0.15,0.4,EQUAL_100,1.0,0,5.492045669802503,5.492045669802503,1.0,0.0,1.0,2.3281824627745507,1.5819316035139763,3.910114066288527,1.0,0.0,11.787944783783784,85.894126,0,"{""ue1"": {""delivered_bps"": 1581931.6035139763, ""delivery_ratio"": 1.0, ""offered_bps"": 1581931.6035139763}, ""ue2"": {""delivered_bps"": 3910114.066288527, ""delivery_ratio"": 1.0, ""offered_bps"": 3910114.066288527}, ""ue3"": {""delivered_bps"": 127989.26068056781, ""delivery_ratio"": 1.0, ""jitter_ms"": 11.787944783783784, ""loss_percent"": 0.0, ""offered_bps"": 127989.26068056781, ""rtt_p95_ms"": 85.894126}}"
1785747747.9951215,fair-base8-w3-r02-u1-015-u2-040,2,0.15,0.4,EQUAL_100,1.0,1,6.16,6.16,1.0,0.0,1.0,2.8,1.68,4.48,1.0,0.0,13.014499879194634,111.125495,0,"{""ue1"": {""delivered_bps"": 1680000.0, ""delivery_ratio"": 1.0, ""offered_bps"": 1680000.0}, ""ue2"": {""delivered_bps"": 4480000.0, ""delivery_ratio"": 1.0, ""offered_bps"": 4480000.0}, ""ue3"": {""delivered_bps"": 127991.2354167919, ""delivery_ratio"": 1.0, ""jitter_ms"": 13.014499879194634, ""loss_percent"": 0.0, ""offered_bps"": 127991.2354167919, ""rtt_p95_ms"": 111.125495}}"
1785747749.1187458,fair-base8-w3-r02-u1-015-u2-040,2,0.15,0.4,EQUAL_100,1.0,2,4.839907416543301,4.839907416543301,1.0,0.0,1.0,1.4799074165433017,1.68,3.1599074165433017,1.0,0.0,13.175712348993299,111.125495,0,"{""ue1"": {""delivered_bps"": 1680000.0, ""delivery_ratio"": 1.0, ""offered_bps"": 1680000.0}, ""ue2"": {""delivered_bps"": 3159907.4165433017, ""delivery_ratio"": 1.0, ""offered_bps"": 3159907.4165433017}, ""ue3"": {""delivered_bps"": 127990.2504658574, ""delivery_ratio"": 1.0, ""jitter_ms"": 13.175712348993299, ""loss_percent"": 0.0, ""offered_bps"": 127990.2504658574, ""rtt_p95_ms"": 111.125495}}"
1785747754.3924532,fair-base8-w3-r02-u1-055-u2-100,2,0.55,1.0,LIGHT_85,0.85,0,13.239352963590916,13.239352963590916,1.0,0.0,1.0,3.378631818135322,4.930360572727798,8.30899239086312,1.0,0.0,11.984831006666662,77.83753,0,"{""ue1"": {""delivered_bps"": 4930360.572727798, ""delivery_ratio"": 1.0, ""offered_bps"": 4930360.572727798}, ""ue2"": {""delivered_bps"": 8308992.39086312, ""delivery_ratio"": 1.0, ""offered_bps"": 8308992.39086312}, ""ue3"": {""delivered_bps"": 130549.58448790768, ""delivery_ratio"": 1.0, ""jitter_ms"": 11.984831006666662, ""loss_percent"": 0.0, ""offered_bps"": 127989.78871363497, ""rtt_p95_ms"": 77.83753}}"
1785747755.508166,fair-base8-w3-r02-u1-055-u2-100,2,0.55,1.0,LIGHT_85,0.85,1,14.756,14.756,1.0,0.0,1.0,4.284,5.236,9.52,0.98,2.0,12.537870062068965,95.212154,0,"{""ue1"": {""delivered_bps"": 5236000.0, ""delivery_ratio"": 1.0, ""offered_bps"": 5236000.0}, ""ue2"": {""delivered_bps"": 9520000.0, ""delivery_ratio"": 1.0, ""offered_bps"": 9520000.0}, ""ue3"": {""delivered_bps"": 115190.89059075646, ""delivery_ratio"": 0.98, ""jitter_ms"": 12.537870062068965, ""loss_percent"": 2.0, ""offered_bps"": 127989.87843417385, ""rtt_p95_ms"": 95.212154}}"
1785747756.6507752,fair-base8-w3-r02-u1-055-u2-100,2,0.55,1.0,LIGHT_85,0.85,2,11.950803260154515,11.950803260154515,1.0,0.0,1.0,1.4788032601545145,5.236,6.714803260154515,0.9933333333333333,0.6666666666666666,11.9430897414966,95.212154,0,"{""ue1"": {""delivered_bps"": 5236000.0, ""delivery_ratio"": 1.0, ""offered_bps"": 5236000.0}, ""ue2"": {""delivered_bps"": 6714803.260154515, ""delivery_ratio"": 1.0, ""offered_bps"": 6714803.260154515}, ""ue3"": {""delivered_bps"": 133109.66816272933, ""delivery_ratio"": 0.9933333333333333, ""jitter_ms"": 11.9430897414966, ""loss_percent"": 0.6666666666666666, ""offered_bps"": 127990.0655410859, ""rtt_p95_ms"": 95.212154}}"
1785747761.9483876,fair-base8-w3-r02-u1-055-u2-100,2,0.55,1.0,EQUAL_100,1.0,0,15.575695977273096,15.575695977273096,1.0,0.0,1.0,3.974874354169541,5.800410811551776,9.775285165721318,1.0,0.0,12.44112226845638,82.881885,0,"{""ue1"": {""delivered_bps"": 5800410.811551777, ""delivery_ratio"": 1.0, ""offered_bps"": 5800410.811551777}, ""ue2"": {""delivered_bps"": 9775285.165721318, ""delivery_ratio"": 1.0, ""offered_bps"": 9775285.165721318}, ""ue3"": {""delivered_bps"": 127989.78065339346, ""delivery_ratio"": 1.0, ""jitter_ms"": 12.44112226845638, ""loss_percent"": 0.0, ""offered_bps"": 127989.78065339346, ""rtt_p95_ms"": 82.881885}}"
1785747763.072744,fair-base8-w3-r02-u1-055-u2-100,2,0.55,1.0,EQUAL_100,1.0,1,17.36,17.36,1.0,0.0,1.0,5.04,6.16,11.2,1.0,0.0,14.589268729729737,119.695344,0,"{""ue1"": {""delivered_bps"": 6160000.0, ""delivery_ratio"": 1.0, ""offered_bps"": 6160000.0}, ""ue2"": {""delivered_bps"": 11200000.0, ""delivery_ratio"": 1.0, ""offered_bps"": 11200000.0}, ""ue3"": {""delivered_bps"": 127989.21268454986, ""delivery_ratio"": 1.0, ""jitter_ms"": 14.589268729729737, ""loss_percent"": 0.0, ""offered_bps"": 127989.21268454986, ""rtt_p95_ms"": 119.695344}}"
1785747764.19005,fair-base8-w3-r02-u1-055-u2-100,2,0.55,1.0,EQUAL_100,1.0,2,14.059768541358252,14.059768541358252,1.0,0.0,1.0,1.739768541358253,6.16,7.899768541358253,1.0,0.0,13.705361093333337,119.695344,0,"{""ue1"": {""delivered_bps"": 6160000.0, ""delivery_ratio"": 1.0, ""offered_bps"": 6160000.0}, ""ue2"": {""delivered_bps"": 7899768.541358253, ""delivery_ratio"": 1.0, ""offered_bps"": 7899768.541358253}, ""ue3"": {""delivered_bps"": 130550.36368360472, ""delivery_ratio"": 1.0, ""jitter_ms"": 13.705361093333337, ""loss_percent"": 0.0, ""offered_bps"": 127990.55263098502, ""rtt_p95_ms"": 119.695344}}"
1785747769.638856,fair-base8-w3-r02-u1-055-u2-100,2,0.55,1.0,STRONG_40,0.4,0,6.230265238613302,6.230265238613302,1.0,0.0,1.0,1.5899628939637527,2.3201511723247745,3.910114066288527,1.0,0.0,10.703221593333328,39.081409,1,"{""ue1"": {""delivered_bps"": 2320151.1723247743, ""delivery_ratio"": 1.0, ""offered_bps"": 2320151.1723247743}, ""ue2"": {""delivered_bps"": 3910114.066288527, ""delivery_ratio"": 1.0, ""offered_bps"": 3910114.066288527}, ""ue3"": {""delivered_bps"": 127989.76900999645, ""delivery_ratio"": 1.0, ""jitter_ms"": 10.703221593333328, ""loss_percent"": 0.0, ""offered_bps"": 127989.76900999645, ""rtt_p95_ms"": 39.081409}}"
1785747770.8247178,fair-base8-w3-r02-u1-055-u2-100,2,0.55,1.0,STRONG_40,0.4,1,6.944,6.944,1.0,0.0,1.0,2.016,2.464,4.48,1.0,0.0,10.947808054054047,39.081409,1,"{""ue1"": {""delivered_bps"": 2464000.0, ""delivery_ratio"": 1.0, ""offered_bps"": 2464000.0}, ""ue2"": {""delivered_bps"": 4480000.0, ""delivery_ratio"": 1.0, ""offered_bps"": 4480000.0}, ""ue3"": {""delivered_bps"": 125430.94613846243, ""delivery_ratio"": 1.0, ""jitter_ms"": 10.947808054054047, ""loss_percent"": 0.0, ""offered_bps"": 127990.76136577799, ""rtt_p95_ms"": 39.081409}}"
1785747771.9639611,fair-base8-w3-r02-u1-055-u2-100,2,0.55,1.0,STRONG_40,0.4,2,5.623907416543301,5.623907416543301,1.0,0.0,1.0,0.6959074165433017,2.464,3.1599074165433017,1.0,0.0,12.814716013513507,71.143529,0,"{""ue1"": {""delivered_bps"": 2464000.0, ""delivery_ratio"": 1.0, ""offered_bps"": 2464000.0}, ""ue2"": {""delivered_bps"": 3159907.4165433017, ""delivery_ratio"": 1.0, ""offered_bps"": 3159907.4165433017}, ""ue3"": {""delivered_bps"": 138228.680312464, ""delivery_ratio"": 1.0, ""jitter_ms"": 12.814716013513507, ""loss_percent"": 0.0, ""offered_bps"": 127989.51880783706, ""rtt_p95_ms"": 71.143529}}"
1785747777.344847,fair-base8-w3-r02-u1-055-u2-100,2,0.55,1.0,MEDIUM_70,0.7,0,10.9029818676957,10.9029818676957,1.0,0.0,1.0,2.7824173643141448,4.0602822516907775,6.842699616004922,1.0,0.0,11.378848700000004,43.596339,1,"{""ue1"": {""delivered_bps"": 4060282.2516907775, ""delivery_ratio"": 1.0, ""offered_bps"": 4060282.2516907775}, ""ue2"": {""delivered_bps"": 6842699.616004922, ""delivery_ratio"": 1.0, ""offered_bps"": 6842699.616004922}, ""ue3"": {""delivered_bps"": 127989.59815847404, ""delivery_ratio"": 1.0, ""jitter_ms"": 11.378848700000004, ""loss_percent"": 0.0, ""offered_bps"": 127989.59815847404, ""rtt_p95_ms"": 43.596339}}"
1785747778.5076106,fair-base8-w3-r02-u1-055-u2-100,2,0.55,1.0,MEDIUM_70,0.7,1,12.151999999999997,12.151999999999997,1.0,0.0,1.0,3.528,4.311999999999999,7.839999999999999,1.0,0.0,11.826613644295305,43.400297,1,"{""ue1"": {""delivered_bps"": 4311999.999999999, ""delivery_ratio"": 1.0, ""offered_bps"": 4311999.999999999}, ""ue2"": {""delivered_bps"": 7839999.999999999, ""delivery_ratio"": 1.0, ""offered_bps"": 7839999.999999999}, ""ue3"": {""delivered_bps"": 127988.86202344234, ""delivery_ratio"": 1.0, ""jitter_ms"": 11.826613644295305, ""loss_percent"": 0.0, ""offered_bps"": 127988.86202344234, ""rtt_p95_ms"": 43.400297}}"
1785747779.669111,fair-base8-w3-r02-u1-055-u2-100,2,0.55,1.0,MEDIUM_70,0.7,2,9.841837978950776,9.841837978950776,1.0,0.0,1.0,1.217837978950778,4.311999999999999,5.529837978950777,1.0,0.0,12.027892570469795,76.47077,0,"{""ue1"": {""delivered_bps"": 4311999.999999999, ""delivery_ratio"": 1.0, ""offered_bps"": 4311999.999999999}, ""ue2"": {""delivered_bps"": 5529837.978950777, ""delivery_ratio"": 1.0, ""offered_bps"": 5529837.978950777}, ""ue3"": {""delivered_bps"": 127995.09138812014, ""delivery_ratio"": 1.0, ""jitter_ms"": 12.027892570469795, ""loss_percent"": 0.0, ""offered_bps"": 127995.09138812014, ""rtt_p95_ms"": 76.47077}}"
1785747785.0644994,fair-base8-w3-r02-u1-040-u2-015,2,0.4,0.15,LIGHT_85,0.85,0,4.832073839010696,4.832073839010696,1.0,0.0,1.0,2.3393761217517604,3.585724980381228,1.246348858629468,1.0,0.0,10.172116718120813,38.49133,1,"{""ue1"": {""delivered_bps"": 3585724.980381228, ""delivery_ratio"": 1.0, ""offered_bps"": 3585724.980381228}, ""ue2"": {""delivered_bps"": 1246348.858629468, ""delivery_ratio"": 1.0, ""offered_bps"": 1246348.858629468}, ""ue3"": {""delivered_bps"": 127989.4271807688, ""delivery_ratio"": 1.0, ""jitter_ms"": 10.172116718120813, ""loss_percent"": 0.0, ""offered_bps"": 127989.4271807688, ""rtt_p95_ms"": 38.49133}}"
1785747786.2026634,fair-base8-w3-r02-u1-040-u2-015,2,0.4,0.15,LIGHT_85,0.85,1,5.236,5.236,1.0,0.0,1.0,2.38,3.808,1.428,1.0,0.0,10.271020364238412,38.49133,1,"{""ue1"": {""delivered_bps"": 3808000.0, ""delivery_ratio"": 1.0, ""offered_bps"": 3808000.0}, ""ue2"": {""delivered_bps"": 1428000.0, ""delivery_ratio"": 1.0, ""offered_bps"": 1428000.0}, ""ue3"": {""delivered_bps"": 130550.26081559302, ""delivery_ratio"": 1.0, ""jitter_ms"": 10.271020364238412, ""loss_percent"": 0.0, ""offered_bps"": 127990.45177999316, ""rtt_p95_ms"": 38.49133}}"
1785747787.334624,fair-base8-w3-r02-u1-040-u2-015,2,0.4,0.15,LIGHT_85,0.85,2,5.236,5.236,1.0,0.0,1.0,2.38,3.808,1.428,1.0,0.0,11.637509506666667,44.356451,1,"{""ue1"": {""delivered_bps"": 3808000.0, ""delivery_ratio"": 1.0, ""offered_bps"": 3808000.0}, ""ue2"": {""delivered_bps"": 1428000.0, ""delivery_ratio"": 1.0, ""offered_bps"": 1428000.0}, ""ue3"": {""delivered_bps"": 127990.07987377951, ""delivery_ratio"": 1.0, ""jitter_ms"": 11.637509506666667, ""loss_percent"": 0.0, ""offered_bps"": 127990.07987377951, ""rtt_p95_ms"": 44.356451}}"
1785747792.7396736,fair-base8-w3-r02-u1-040-u2-015,2,0.4,0.15,STRONG_40,0.4,0,2.664921884948911,2.664921884948911,1.0,0.0,1.0,0.7098648518046476,1.6873933683767794,0.9775285165721318,1.0,0.0,10.839880765100677,34.824318,1,"{""ue1"": {""delivered_bps"": 1687393.3683767794, ""delivery_ratio"": 1.0, ""offered_bps"": 1687393.3683767794}, ""ue2"": {""delivered_bps"": 977528.5165721318, ""delivery_ratio"": 1.0, ""offered_bps"": 977528.5165721318}, ""ue3"": {""delivered_bps"": 127990.21169150458, ""delivery_ratio"": 1.0, ""jitter_ms"": 10.839880765100677, ""loss_percent"": 0.0, ""offered_bps"": 127990.21169150458, ""rtt_p95_ms"": 34.824318}}"
1785747793.8778644,fair-base8-w3-r02-u1-040-u2-015,2,0.4,0.15,STRONG_40,0.4,1,2.5819768541358257,2.5819768541358257,1.0,0.0,1.0,1.0020231458641748,1.7920000000000003,0.7899768541358254,1.0,0.0,10.091863382550333,37.148825,1,"{""ue1"": {""delivered_bps"": 1792000.0000000002, ""delivery_ratio"": 1.0, ""offered_bps"": 1792000.0000000002}, ""ue2"": {""delivered_bps"": 789976.8541358254, ""delivery_ratio"": 1.0, ""offered_bps"": 789976.8541358254}, ""ue3"": {""delivered_bps"": 127989.53723755752, ""delivery_ratio"": 1.0, ""jitter_ms"": 10.091863382550333, ""loss_percent"": 0.0, ""offered_bps"": 127989.53723755752, ""rtt_p95_ms"": 37.148825}}"
1785747795.0261953,fair-base8-w3-r02-u1-040-u2-015,2,0.4,0.15,STRONG_40,0.4,2,2.912,2.912,1.0,0.0,1.0,0.6720000000000003,1.7920000000000003,1.12,1.0,0.0,10.521426375838926,38.753798,1,"{""ue1"": {""delivered_bps"": 1792000.0000000002, ""delivery_ratio"": 1.0, ""offered_bps"": 1792000.0000000002}, ""ue2"": {""delivered_bps"": 1120000.0, ""delivery_ratio"": 1.0, ""offered_bps"": 1120000.0}, ""ue3"": {""delivered_bps"": 127988.30379143107, ""delivery_ratio"": 1.0, ""jitter_ms"": 10.521426375838926, ""loss_percent"": 0.0, ""offered_bps"": 127988.30379143107, ""rtt_p95_ms"": 38.753798}}"
1785747800.4120674,fair-base8-w3-r02-u1-040-u2-015,2,0.4,0.15,MEDIUM_70,0.7,0,3.979324979770547,3.979324979770547,1.0,0.0,1.0,1.9265150949690695,2.9529200373698083,1.0264049424007384,1.0,0.0,10.186556800000002,39.250229,1,"{""ue1"": {""delivered_bps"": 2952920.037369808, ""delivery_ratio"": 1.0, ""offered_bps"": 2952920.037369808}, ""ue2"": {""delivered_bps"": 1026404.9424007385, ""delivery_ratio"": 1.0, ""offered_bps"": 1026404.9424007385}, ""ue3"": {""delivered_bps"": 130549.52784201136, ""delivery_ratio"": 1.0, ""jitter_ms"": 10.186556800000002, ""loss_percent"": 0.0, ""offered_bps"": 127989.7331784425, ""rtt_p95_ms"": 39.250229}}"
1785747801.5805829,fair-base8-w3-r02-u1-040-u2-015,2,0.4,0.15,MEDIUM_70,0.7,1,4.312,4.312,1.0,0.0,1.0,1.9599999999999995,3.1359999999999997,1.176,1.0,0.0,10.934954195945947,38.32774,1,"{""ue1"": {""delivered_bps"": 3135999.9999999995, ""delivery_ratio"": 1.0, ""offered_bps"": 3135999.9999999995}, ""ue2"": {""delivered_bps"": 1176000.0, ""delivery_ratio"": 1.0, ""offered_bps"": 1176000.0}, ""ue3"": {""delivered_bps"": 125430.65729425102, ""delivery_ratio"": 1.0, ""jitter_ms"": 10.934954195945947, ""loss_percent"": 0.0, ""offered_bps"": 127990.46662678676, ""rtt_p95_ms"": 38.32774}}"
1785747802.715612,fair-base8-w3-r02-u1-040-u2-015,2,0.4,0.15,MEDIUM_70,0.7,2,4.312,4.312,1.0,0.0,1.0,1.9599999999999995,3.1359999999999997,1.176,1.0,0.0,11.701616536912754,39.911133,1,"{""ue1"": {""delivered_bps"": 3135999.9999999995, ""delivery_ratio"": 1.0, ""offered_bps"": 3135999.9999999995}, ""ue2"": {""delivered_bps"": 1176000.0, ""delivery_ratio"": 1.0, ""offered_bps"": 1176000.0}, ""ue3"": {""delivered_bps"": 127990.4178700189, ""delivery_ratio"": 1.0, ""jitter_ms"": 11.701616536912754, ""loss_percent"": 0.0, ""offered_bps"": 127990.4178700189, ""rtt_p95_ms"": 39.911133}}"
1785747808.090219,fair-base8-w3-r02-u1-040-u2-015,2,0.4,0.15,EQUAL_100,1.0,0,5.6847189555307365,5.6847189555307365,1.0,0.0,1.0,2.7521334058143423,4.218426180672539,1.4662927748581975,1.0,0.0,10.670731633333332,38.211379,1,"{""ue1"": {""delivered_bps"": 4218426.180672539, ""delivery_ratio"": 1.0, ""offered_bps"": 4218426.180672539}, ""ue2"": {""delivered_bps"": 1466292.7748581974, ""delivery_ratio"": 1.0, ""offered_bps"": 1466292.7748581974}, ""ue3"": {""delivered_bps"": 125429.86037876553, ""delivery_ratio"": 1.0, ""jitter_ms"": 10.670731633333332, ""loss_percent"": 0.0, ""offered_bps"": 127989.65344771992, ""rtt_p95_ms"": 38.211379}}"
1785747809.2466261,fair-base8-w3-r02-u1-040-u2-015,2,0.4,0.15,EQUAL_100,1.0,1,6.16,6.16,1.0,0.0,1.0,2.8,4.48,1.68,1.0,0.0,10.864455939189195,64.142035,0,"{""ue1"": {""delivered_bps"": 4480000.0, ""delivery_ratio"": 1.0, ""offered_bps"": 4480000.0}, ""ue2"": {""delivered_bps"": 1680000.0, ""delivery_ratio"": 1.0, ""offered_bps"": 1680000.0}, ""ue3"": {""delivered_bps"": 127989.86243285962, ""delivery_ratio"": 1.0, ""jitter_ms"": 10.864455939189195, ""loss_percent"": 0.0, ""offered_bps"": 127989.86243285962, ""rtt_p95_ms"": 64.142035}}"
1785747810.413949,fair-base8-w3-r02-u1-040-u2-015,2,0.4,0.15,EQUAL_100,1.0,2,6.16,6.16,1.0,0.0,1.0,2.8,4.48,1.68,1.0,0.0,12.044494871621616,87.110323,0,"{""ue1"": {""delivered_bps"": 4480000.0, ""delivery_ratio"": 1.0, ""offered_bps"": 4480000.0}, ""ue2"": {""delivered_bps"": 1680000.0, ""delivery_ratio"": 1.0, ""offered_bps"": 1680000.0}, ""ue3"": {""delivered_bps"": 127989.97275112635, ""delivery_ratio"": 1.0, ""jitter_ms"": 12.044494871621616, ""loss_percent"": 0.0, ""offered_bps"": 127989.97275112635, ""rtt_p95_ms"": 87.110323}}"
1785747815.716724,fair-base8-w3-r02-u1-075-u2-075,2,0.75,0.75,MEDIUM_70,0.7,0,10.668794044029868,10.668794044029868,1.0,0.0,1.0,0.404744620022485,5.536769332026176,5.132024712003691,1.0,0.0,11.603796302013423,40.414977,1,"{""ue1"": {""delivered_bps"": 5536769.332026176, ""delivery_ratio"": 1.0, ""offered_bps"": 5536769.332026176}, ""ue2"": {""delivered_bps"": 5132024.712003691, ""delivery_ratio"": 1.0, ""offered_bps"": 5132024.712003691}, ""ue3"": {""delivered_bps"": 130550.36316690873, ""delivery_ratio"": 1.0, ""jitter_ms"": 11.603796302013423, ""loss_percent"": 0.0, ""offered_bps"": 127990.55212442033, ""rtt_p95_ms"": 40.414977}}"
1785747816.865771,fair-base8-w3-r02-u1-075-u2-075,2,0.75,0.75,MEDIUM_70,0.7,1,11.759999999999998,11.759999999999998,1.0,0.0,1.0,0.0,5.879999999999999,5.879999999999999,1.0,0.0,10.981660986666665,40.910117,1,"{""ue1"": {""delivered_bps"": 5879999.999999999, ""delivery_ratio"": 1.0, ""offered_bps"": 5879999.999999999}, ""ue2"": {""delivered_bps"": 5879999.999999999, ""delivery_ratio"": 1.0, ""offered_bps"": 5879999.999999999}, ""ue3"": {""delivered_bps"": 127989.82250408553, ""delivery_ratio"": 1.0, ""jitter_ms"": 10.981660986666665, ""loss_percent"": 0.0, ""offered_bps"": 127989.82250408553, ""rtt_p95_ms"": 40.910117}}"
1785747818.0046823,fair-base8-w3-r02-u1-075-u2-075,2,0.75,0.75,MEDIUM_70,0.7,2,10.02737848421308,10.02737848421308,1.0,0.0,1.0,1.7326215157869174,5.879999999999999,4.147378484213082,1.0,0.0,10.270358315436244,39.221215,1,"{""ue1"": {""delivered_bps"": 5879999.999999999, ""delivery_ratio"": 1.0, ""offered_bps"": 5879999.999999999}, ""ue2"": {""delivered_bps"": 4147378.4842130817, ""delivery_ratio"": 1.0, ""offered_bps"": 4147378.4842130817}, ""ue3"": {""delivered_bps"": 127988.65290748295, ""delivery_ratio"": 1.0, ""jitter_ms"": 10.270358315436244, ""loss_percent"": 0.0, ""offered_bps"": 127988.65290748295, ""rtt_p95_ms"": 39.221215}}"
1785747823.2949312,fair-base8-w3-r02-u1-075-u2-075,2,0.75,0.75,STRONG_40,0.4,0,6.096432472983598,6.096432472983598,1.0,0.0,1.0,0.2312613735508062,3.163846923267202,2.932585549716396,1.0,0.0,10.331469804054052,40.298156,1,"{""ue1"": {""delivered_bps"": 3163846.923267202, ""delivery_ratio"": 1.0, ""offered_bps"": 3163846.923267202}, ""ue2"": {""delivered_bps"": 2932585.549716396, ""delivery_ratio"": 1.0, ""offered_bps"": 2932585.549716396}, ""ue3"": {""delivered_bps"": 127990.11967607387, ""delivery_ratio"": 1.0, ""jitter_ms"": 10.331469804054052, ""loss_percent"": 0.0, ""offered_bps"": 127990.11967607387, ""rtt_p95_ms"": 40.298156}}"
1785747824.4889107,fair-base8-w3-r02-u1-075-u2-075,2,0.75,0.75,STRONG_40,0.4,1,6.720000000000001,6.720000000000001,1.0,0.0,1.0,0.0,3.3600000000000003,3.3600000000000003,1.0,0.0,10.367096106666672,42.924447,1,"{""ue1"": {""delivered_bps"": 3360000.0000000005, ""delivery_ratio"": 1.0, ""offered_bps"": 3360000.0000000005}, ""ue2"": {""delivered_bps"": 3360000.0000000005, ""delivery_ratio"": 1.0, ""offered_bps"": 3360000.0000000005}, ""ue3"": {""delivered_bps"": 127989.88508649048, ""delivery_ratio"": 1.0, ""jitter_ms"": 10.367096106666672, ""loss_percent"": 0.0, ""offered_bps"": 127989.88508649048, ""rtt_p95_ms"": 42.924447}}"
1785747825.6275551,fair-base8-w3-r02-u1-075-u2-075,2,0.75,0.75,STRONG_40,0.4,2,6.720000000000001,6.720000000000001,1.0,0.0,1.0,0.0,3.3600000000000003,3.3600000000000003,1.0,0.0,11.054524380000002,63.726817,0,"{""ue1"": {""delivered_bps"": 3360000.0000000005, ""delivery_ratio"": 1.0, ""offered_bps"": 3360000.0000000005}, ""ue2"": {""delivered_bps"": 3360000.0000000005, ""delivery_ratio"": 1.0, ""offered_bps"": 3360000.0000000005}, ""ue3"": {""delivered_bps"": 130548.34477843661, ""delivery_ratio"": 1.0, ""jitter_ms"": 11.054524380000002, ""loss_percent"": 0.0, ""offered_bps"": 127988.57331219276, ""rtt_p95_ms"": 63.726817}}"
1785747830.939558,fair-base8-w3-r02-u1-075-u2-075,2,0.75,0.75,LIGHT_85,0.85,0,12.954952193687987,12.954952193687987,1.0,0.0,1.0,0.4914636073933067,6.723207900540646,6.231744293147339,1.0,0.0,11.55727246,61.921895,0,"{""ue1"": {""delivered_bps"": 6723207.900540646, ""delivery_ratio"": 1.0, ""offered_bps"": 6723207.900540646}, ""ue2"": {""delivered_bps"": 6231744.2931473395, ""delivery_ratio"": 1.0, ""offered_bps"": 6231744.2931473395}, ""ue3"": {""delivered_bps"": 127990.8643925167, ""delivery_ratio"": 1.0, ""jitter_ms"": 11.55727246, ""loss_percent"": 0.0, ""offered_bps"": 127990.8643925167, ""rtt_p95_ms"": 61.921895}}"
1785747832.0663807,fair-base8-w3-r02-u1-075-u2-075,2,0.75,0.75,LIGHT_85,0.85,1,14.279999999999998,14.279999999999998,1.0,0.0,1.0,0.0,7.139999999999999,7.139999999999999,1.0,0.0,11.20775351677852,45.876433,1,"{""ue1"": {""delivered_bps"": 7139999.999999999, ""delivery_ratio"": 1.0, ""offered_bps"": 7139999.999999999}, ""ue2"": {""delivered_bps"": 7139999.999999999, ""delivery_ratio"": 1.0, ""offered_bps"": 7139999.999999999}, ""ue3"": {""delivered_bps"": 125431.18908547166, ""delivery_ratio"": 1.0, ""jitter_ms"": 11.20775351677852, ""loss_percent"": 0.0, ""offered_bps"": 127991.00927088945, ""rtt_p95_ms"": 45.876433}}"
1785747833.2088015,fair-base8-w3-r02-u1-075-u2-075,2,0.75,0.75,LIGHT_85,0.85,2,12.176102445115884,12.176102445115884,1.0,0.0,1.0,2.1038975548841132,7.139999999999999,5.036102445115886,1.0,0.0,10.159602560810816,38.576152,1,"{""ue1"": {""delivered_bps"": 7139999.999999999, ""delivery_ratio"": 1.0, ""offered_bps"": 7139999.999999999}, ""ue2"": {""delivered_bps"": 5036102.445115886, ""delivery_ratio"": 1.0, ""offered_bps"": 5036102.445115886}, ""ue3"": {""delivered_bps"": 127990.25149388092, ""delivery_ratio"": 1.0, ""jitter_ms"": 10.159602560810816, ""loss_percent"": 0.0, ""offered_bps"": 127990.25149388092, ""rtt_p95_ms"": 38.576152}}"
1785747838.4499593,fair-base8-w3-r02-u1-075-u2-075,2,0.75,0.75,EQUAL_100,1.0,0,15.241035444084286,15.241035444084286,1.0,0.0,1.0,0.5781076955023082,7.909571569793297,7.331463874290989,1.0,0.0,11.531946,48.154322,1,"{""ue1"": {""delivered_bps"": 7909571.569793297, ""delivery_ratio"": 1.0, ""offered_bps"": 7909571.569793297}, ""ue2"": {""delivered_bps"": 7331463.874290989, ""delivery_ratio"": 1.0, ""offered_bps"": 7331463.874290989}, ""ue3"": {""delivered_bps"": 125430.981640877, ""delivery_ratio"": 1.0, ""jitter_ms"": 11.531946, ""loss_percent"": 0.0, ""offered_bps"": 127990.79759273163, ""rtt_p95_ms"": 48.154322}}"
1785747839.567119,fair-base8-w3-r02-u1-075-u2-075,2,0.75,0.75,EQUAL_100,1.0,1,16.799999999999997,16.799999999999997,1.0,0.0,1.0,0.0,8.399999999999999,8.399999999999999,1.0,0.0,11.281705892617445,41.527207,1,"{""ue1"": {""delivered_bps"": 8399999.999999998, ""delivery_ratio"": 1.0, ""offered_bps"": 8399999.999999998}, ""ue2"": {""delivered_bps"": 8399999.999999998, ""delivery_ratio"": 1.0, ""offered_bps"": 8399999.999999998}, ""ue3"": {""delivered_bps"": 130549.77899152185, ""delivery_ratio"": 1.0, ""jitter_ms"": 11.281705892617445, ""loss_percent"": 0.0, ""offered_bps"": 127989.97940345279, ""rtt_p95_ms"": 41.527207}}"
1785747840.6841607,fair-base8-w3-r02-u1-075-u2-075,2,0.75,0.75,EQUAL_100,1.0,2,14.324826406018689,14.324826406018689,1.0,0.0,1.0,2.475173593981308,8.399999999999999,5.92482640601869,1.0,0.0,10.854730489932885,45.010491,1,"{""ue1"": {""delivered_bps"": 8399999.999999998, ""delivery_ratio"": 1.0, ""offered_bps"": 8399999.999999998}, ""ue2"": {""delivered_bps"": 5924826.40601869, ""delivery_ratio"": 1.0, ""offered_bps"": 5924826.40601869}, ""ue3"": {""delivered_bps"": 127990.24740413533, ""delivery_ratio"": 1.0, ""jitter_ms"": 10.854730489932885, ""loss_percent"": 0.0, ""offered_bps"": 127990.24740413533, ""rtt_p95_ms"": 45.010491}}"
1785747846.0203042,fair-base8-w3-r02-u1-025-u2-040,2,0.25,0.4,MEDIUM_70,0.7,0,4.582628326999605,4.582628326999605,1.0,0.0,1.0,0.8915313658043321,1.8455484805976363,2.7370798464019686,1.0,0.0,11.933038315436235,35.720167,1,"{""ue1"": {""delivered_bps"": 1845548.4805976364, ""delivery_ratio"": 1.0, ""offered_bps"": 1845548.4805976364}, ""ue2"": {""delivered_bps"": 2737079.8464019685, ""delivery_ratio"": 1.0, ""offered_bps"": 2737079.8464019685}, ""ue3"": {""delivered_bps"": 130550.6747657256, ""delivery_ratio"": 1.0, ""jitter_ms"": 11.933038315436235, ""loss_percent"": 0.0, ""offered_bps"": 127990.85761345648, ""rtt_p95_ms"": 35.720167}}"
1785747847.1379905,fair-base8-w3-r02-u1-025-u2-040,2,0.25,0.4,MEDIUM_70,0.7,1,5.095999999999999,5.095999999999999,1.0,0.0,1.0,1.1759999999999997,1.9599999999999997,3.1359999999999997,1.0,0.0,11.863004174496647,35.720167,1,"{""ue1"": {""delivered_bps"": 1959999.9999999998, ""delivery_ratio"": 1.0, ""offered_bps"": 1959999.9999999998}, ""ue2"": {""delivered_bps"": 3135999.9999999995, ""delivery_ratio"": 1.0, ""offered_bps"": 3135999.9999999995}, ""ue3"": {""delivered_bps"": 127990.86004944837, ""delivery_ratio"": 1.0, ""jitter_ms"": 11.863004174496647, ""loss_percent"": 0.0, ""offered_bps"": 127990.86004944837, ""rtt_p95_ms"": 35.720167}}"
1785747848.2531447,fair-base8-w3-r02-u1-025-u2-040,2,0.25,0.4,MEDIUM_70,0.7,2,5.095999999999999,5.095999999999999,1.0,0.0,1.0,1.1759999999999997,1.9599999999999997,3.1359999999999997,1.0,0.0,13.181445322147658,100.442323,0,"{""ue1"": {""delivered_bps"": 1959999.9999999998, ""delivery_ratio"": 1.0, ""offered_bps"": 1959999.9999999998}, ""ue2"": {""delivered_bps"": 3135999.9999999995, ""delivery_ratio"": 1.0, ""offered_bps"": 3135999.9999999995}, ""ue3"": {""delivered_bps"": 125430.5741418231, ""delivery_ratio"": 1.0, ""jitter_ms"": 13.181445322147658, ""loss_percent"": 0.0, ""offered_bps"": 127990.38177737051, ""rtt_p95_ms"": 100.442323}}"
1785747853.4898582,fair-base8-w3-r02-u1-025-u2-040,2,0.25,0.4,STRONG_40,0.4,0,2.6186538838560796,2.6186538838560796,1.0,0.0,1.0,0.5094373691747432,1.054608257340668,1.5640456265154112,1.0,0.0,12.597748724832215,66.625034,0,"{""ue1"": {""delivered_bps"": 1054608.257340668, ""delivery_ratio"": 1.0, ""offered_bps"": 1054608.257340668}, ""ue2"": {""delivered_bps"": 1564045.6265154113, ""delivery_ratio"": 1.0, ""offered_bps"": 1564045.6265154113}, ""ue3"": {""delivered_bps"": 127989.29689177327, ""delivery_ratio"": 1.0, ""jitter_ms"": 12.597748724832215, ""loss_percent"": 0.0, ""offered_bps"": 127989.29689177327, ""rtt_p95_ms"": 66.625034}}"
1785747854.6318846,fair-base8-w3-r02-u1-025-u2-040,2,0.25,0.4,STRONG_40,0.4,1,2.912,2.912,1.0,0.0,1.0,0.6720000000000003,1.12,1.7920000000000003,1.0,0.0,11.927813463087254,38.926394,1,"{""ue1"": {""delivered_bps"": 1120000.0, ""delivery_ratio"": 1.0, ""offered_bps"": 1120000.0}, ""ue2"": {""delivered_bps"": 1792000.0000000002, ""delivery_ratio"": 1.0, ""offered_bps"": 1792000.0000000002}, ""ue3"": {""delivered_bps"": 127990.28170139062, ""delivery_ratio"": 1.0, ""jitter_ms"": 11.927813463087254, ""loss_percent"": 0.0, ""offered_bps"": 127990.28170139062, ""rtt_p95_ms"": 38.926394}}"
1785747855.7518284,fair-base8-w3-r02-u1-025-u2-040,2,0.25,0.4,STRONG_40,0.4,2,2.912,2.912,1.0,0.0,1.0,0.6720000000000003,1.12,1.7920000000000003,1.0,0.0,11.291799959731545,38.926394,1,"{""ue1"": {""delivered_bps"": 1120000.0, ""delivery_ratio"": 1.0, ""offered_bps"": 1120000.0}, ""ue2"": {""delivered_bps"": 1792000.0000000002, ""delivery_ratio"": 1.0, ""offered_bps"": 1792000.0000000002}, ""ue3"": {""delivered_bps"": 127989.69427031424, ""delivery_ratio"": 1.0, ""jitter_ms"": 11.291799959731545, ""loss_percent"": 0.0, ""offered_bps"": 127989.69427031424, ""rtt_p95_ms"": 38.926394}}"
1785747861.0604215,fair-base8-w3-r02-u1-025-u2-040,2,0.25,0.4,LIGHT_85,0.85,0,5.564657705241865,5.564657705241865,1.0,0.0,1.0,1.0825362074486307,2.2410607488966177,3.323596956345248,1.0,0.0,12.735050599999997,97.551571,0,"{""ue1"": {""delivered_bps"": 2241060.7488966174, ""delivery_ratio"": 1.0, ""offered_bps"": 2241060.7488966174}, ""ue2"": {""delivered_bps"": 3323596.956345248, ""delivery_ratio"": 1.0, ""offered_bps"": 3323596.956345248}, ""ue3"": {""delivered_bps"": 130549.3838529992, ""delivery_ratio"": 1.0, ""jitter_ms"": 12.735050599999997, ""loss_percent"": 0.0, ""offered_bps"": 127989.59201274431, ""rtt_p95_ms"": 97.551571}}"
1785747862.2128694,fair-base8-w3-r02-u1-025-u2-040,2,0.25,0.4,LIGHT_85,0.85,1,6.188,6.188,1.0,0.0,1.0,1.428,2.38,3.808,1.0,0.0,11.937552756756757,84.645121,0,"{""ue1"": {""delivered_bps"": 2380000.0, ""delivery_ratio"": 1.0, ""offered_bps"": 2380000.0}, ""ue2"": {""delivered_bps"": 3808000.0, ""delivery_ratio"": 1.0, ""offered_bps"": 3808000.0}, ""ue3"": {""delivered_bps"": 125430.25344022125, ""delivery_ratio"": 1.0, ""jitter_ms"": 11.937552756756757, ""loss_percent"": 0.0, ""offered_bps"": 127990.05453083801, ""rtt_p95_ms"": 84.645121}}"
1785747863.3563404,fair-base8-w3-r02-u1-025-u2-040,2,0.25,0.4,LIGHT_85,0.85,2,6.188,6.188,1.0,0.0,1.0,1.428,2.38,3.808,1.0,0.0,11.274236107382556,44.659544,1,"{""ue1"": {""delivered_bps"": 2380000.0, ""delivery_ratio"": 1.0, ""offered_bps"": 2380000.0}, ""ue2"": {""delivered_bps"": 3808000.0, ""delivery_ratio"": 1.0, ""offered_bps"": 3808000.0}, ""ue3"": {""delivered_bps"": 127994.2229836931, ""delivery_ratio"": 1.0, ""jitter_ms"": 11.274236107382556, ""loss_percent"": 0.0, ""offered_bps"": 127994.2229836931, ""rtt_p95_ms"": 44.659544}}"
1785747868.6567044,fair-base8-w3-r02-u1-025-u2-040,2,0.25,0.4,EQUAL_100,1.0,0,6.5466656801806655,6.5466656801806655,1.0,0.0,1.0,1.2735624523963895,2.6365516138921374,3.910114066288527,1.0,0.0,11.314588979729729,38.434715,1,"{""ue1"": {""delivered_bps"": 2636551.6138921375, ""delivery_ratio"": 1.0, ""offered_bps"": 2636551.6138921375}, ""ue2"": {""delivered_bps"": 3910114.066288527, ""delivery_ratio"": 1.0, ""offered_bps"": 3910114.066288527}, ""ue3"": {""delivered_bps"": 125431.96319605692, ""delivery_ratio"": 1.0, ""jitter_ms"": 11.314588979729729, ""loss_percent"": 0.0, ""offered_bps"": 127991.79917964993, ""rtt_p95_ms"": 38.434715}}"
1785747869.777014,fair-base8-w3-r02-u1-025-u2-040,2,0.25,0.4,EQUAL_100,1.0,1,7.28,7.28,1.0,0.0,1.0,1.68,2.8,4.48,1.0,0.0,11.707132134228196,61.424509,0,"{""ue1"": {""delivered_bps"": 2800000.0, ""delivery_ratio"": 1.0, ""offered_bps"": 2800000.0}, ""ue2"": {""delivered_bps"": 4480000.0, ""delivery_ratio"": 1.0, ""offered_bps"": 4480000.0}, ""ue3"": {""delivered_bps"": 127989.69414367476, ""delivery_ratio"": 1.0, ""jitter_ms"": 11.707132134228196, ""loss_percent"": 0.0, ""offered_bps"": 127989.69414367476, ""rtt_p95_ms"": 61.424509}}"
1785747870.8949544,fair-base8-w3-r02-u1-025-u2-040,2,0.25,0.4,EQUAL_100,1.0,2,5.9599074165433015,5.9599074165433015,1.0,0.0,1.0,0.35990741654330166,2.8,3.1599074165433017,1.0,0.0,12.070747644295299,61.424509,0,"{""ue1"": {""delivered_bps"": 2800000.0, ""delivery_ratio"": 1.0, ""offered_bps"": 2800000.0}, ""ue2"": {""delivered_bps"": 3159907.4165433017, ""delivery_ratio"": 1.0, ""offered_bps"": 3159907.4165433017}, ""ue3"": {""delivered_bps"": 130549.79661981773, ""delivery_ratio"": 1.0, ""jitter_ms"": 12.070747644295299, ""loss_percent"": 0.0, ""offered_bps"": 127989.99668609582, ""rtt_p95_ms"": 61.424509}}"
1785747876.2505493,fair-base8-w3-r02-u1-100-u2-040,2,1.0,0.4,LIGHT_85,0.85,0,12.2878083135253,12.2878083135253,1.0,0.0,1.0,5.640614400834804,8.964211357180051,3.323596956345248,0.9733333333333334,2.6666666666666665,12.317956298611115,66.438205,0,"{""ue1"": {""delivered_bps"": 8964211.357180052, ""delivery_ratio"": 1.0, ""offered_bps"": 8964211.357180052}, ""ue2"": {""delivered_bps"": 3323596.956345248, ""delivery_ratio"": 1.0, ""offered_bps"": 3323596.956345248}, ""ue3"": {""delivered_bps"": 122871.53684734507, ""delivery_ratio"": 0.9733333333333334, ""jitter_ms"": 12.317956298611115, ""loss_percent"": 2.6666666666666665, ""offered_bps"": 127991.18421598444, ""rtt_p95_ms"": 66.438205}}"
1785747877.3868937,fair-base8-w3-r02-u1-100-u2-040,2,1.0,0.4,LIGHT_85,0.85,1,13.328,13.328,1.0,0.0,1.0,5.712,9.52,3.808,1.0,0.0,11.948081785234896,69.554946,0,"{""ue1"": {""delivered_bps"": 9520000.0, ""delivery_ratio"": 1.0, ""offered_bps"": 9520000.0}, ""ue2"": {""delivered_bps"": 3808000.0, ""delivery_ratio"": 1.0, ""offered_bps"": 3808000.0}, ""ue3"": {""delivered_bps"": 143349.8495434829, ""delivery_ratio"": 1.0, ""jitter_ms"": 11.948081785234896, ""loss_percent"": 0.0, ""offered_bps"": 127990.93709239547, ""rtt_p95_ms"": 69.554946}}"
1785747878.5242352,fair-base8-w3-r02-u1-100-u2-040,2,1.0,0.4,LIGHT_85,0.85,2,13.328,13.328,1.0,0.0,1.0,5.712,9.52,3.808,1.0,0.0,13.148109699346406,101.719372,0,"{""ue1"": {""delivered_bps"": 9520000.0, ""delivery_ratio"": 1.0, ""offered_bps"": 9520000.0}, ""ue2"": {""delivered_bps"": 3808000.0, ""delivery_ratio"": 1.0, ""offered_bps"": 3808000.0}, ""ue3"": {""delivered_bps"": 127990.31177482444, ""delivery_ratio"": 1.0, ""jitter_ms"": 13.148109699346406, ""loss_percent"": 0.0, ""offered_bps"": 127990.31177482444, ""rtt_p95_ms"": 101.719372}}"
1785747883.920495,fair-base8-w3-r02-u1-100-u2-040,2,1.0,0.4,MEDIUM_70,0.7,0,10.119288435347757,10.119288435347757,1.0,0.0,1.0,4.645128742543818,7.382208588945788,2.7370798464019686,1.0,0.0,9.634064886666664,39.031245,1,"{""ue1"": {""delivered_bps"": 7382208.588945787, ""delivery_ratio"": 1.0, ""offered_bps"": 7382208.588945787}, ""ue2"": {""delivered_bps"": 2737079.8464019685, ""delivery_ratio"": 1.0, ""offered_bps"": 2737079.8464019685}, ""ue3"": {""delivered_bps"": 130550.21422186238, ""delivery_ratio"": 1.0, ""jitter_ms"": 9.634064886666664, ""loss_percent"": 0.0, ""offered_bps"": 127990.40609986507, ""rtt_p95_ms"": 39.031245}}"
1785747885.0834072,fair-base8-w3-r02-u1-100-u2-040,2,1.0,0.4,MEDIUM_70,0.7,1,10.975999999999997,10.975999999999997,1.0,0.0,1.0,4.704,7.839999999999999,3.1359999999999997,1.0,0.0,11.883498675675671,75.745749,0,"{""ue1"": {""delivered_bps"": 7839999.999999999, ""delivery_ratio"": 1.0, ""offered_bps"": 7839999.999999999}, ""ue2"": {""delivered_bps"": 3135999.9999999995, ""delivery_ratio"": 1.0, ""offered_bps"": 3135999.9999999995}, ""ue3"": {""delivered_bps"": 125430.81796345129, ""delivery_ratio"": 1.0, ""jitter_ms"": 11.883498675675671, ""loss_percent"": 0.0, ""offered_bps"": 127990.6305749503, ""rtt_p95_ms"": 75.745749}}"
1785747886.2243896,fair-base8-w3-r02-u1-100-u2-040,2,1.0,0.4,MEDIUM_70,0.7,2,10.975999999999997,10.975999999999997,1.0,0.0,1.0,4.704,7.839999999999999,3.1359999999999997,1.0,0.0,12.60423281208053,75.745749,0,"{""ue1"": {""delivered_bps"": 7839999.999999999, ""delivery_ratio"": 1.0, ""offered_bps"": 7839999.999999999}, ""ue2"": {""delivered_bps"": 3135999.9999999995, ""delivery_ratio"": 1.0, ""offered_bps"": 3135999.9999999995}, ""ue3"": {""delivered_bps"": 127991.0372960424, ""delivery_ratio"": 1.0, ""jitter_ms"": 12.60423281208053, ""loss_percent"": 0.0, ""offered_bps"": 127991.0372960424, ""rtt_p95_ms"": 75.745749}}"
1785747891.507052,fair-base8-w3-r02-u1-100-u2-040,2,1.0,0.4,EQUAL_100,1.0,0,14.456286609862138,14.456286609862138,1.0,0.0,1.0,6.636058477285084,10.546172543573611,3.910114066288527,0.9733333333333334,2.6666666666666665,10.371143645833332,39.095197,0,"{""ue1"": {""delivered_bps"": 10546172.54357361, ""delivery_ratio"": 1.0, ""offered_bps"": 10546172.54357361}, ""ue2"": {""delivered_bps"": 3910114.066288527, ""delivery_ratio"": 1.0, ""offered_bps"": 3910114.066288527}, ""ue3"": {""delivered_bps"": 117750.6708476274, ""delivery_ratio"": 0.9733333333333334, ""jitter_ms"": 10.371143645833332, ""loss_percent"": 2.6666666666666665, ""offered_bps"": 127989.8596169863, ""rtt_p95_ms"": 39.095197}}"
1785747892.6299765,fair-base8-w3-r02-u1-100-u2-040,2,1.0,0.4,EQUAL_100,1.0,1,15.68,15.68,1.0,0.0,1.0,6.72,11.2,4.48,0.9733333333333334,2.6666666666666665,10.894195534722225,50.220968,0,"{""ue1"": {""delivered_bps"": 11200000.0, ""delivery_ratio"": 1.0, ""offered_bps"": 11200000.0}, ""ue2"": {""delivered_bps"": 4480000.0, ""delivery_ratio"": 1.0, ""offered_bps"": 4480000.0}, ""ue3"": {""delivered_bps"": 127990.86746916734, ""delivery_ratio"": 0.9733333333333334, ""jitter_ms"": 10.894195534722225, ""loss_percent"": 2.6666666666666665, ""offered_bps"": 127990.86746916734, ""rtt_p95_ms"": 50.220968}}"
1785747893.77986,fair-base8-w3-r02-u1-100-u2-040,2,1.0,0.4,EQUAL_100,1.0,2,14.359907416543301,14.359907416543301,1.0,0.0,1.0,8.0400925834567,11.2,3.1599074165433017,1.0,0.0,11.84456710666667,91.57713,0,"{""ue1"": {""delivered_bps"": 11200000.0, ""delivery_ratio"": 1.0, ""offered_bps"": 11200000.0}, ""ue2"": {""delivered_bps"": 3159907.4165433017, ""delivery_ratio"": 1.0, ""offered_bps"": 3159907.4165433017}, ""ue3"": {""delivered_bps"": 140789.23778548074, ""delivery_ratio"": 1.0, ""jitter_ms"": 11.84456710666667, ""loss_percent"": 0.0, ""offered_bps"": 127990.21616861885, ""rtt_p95_ms"": 91.57713}}"
1785747899.123966,fair-base8-w3-r02-u1-100-u2-040,2,1.0,0.4,STRONG_40,0.4,0,5.782490540500626,5.782490540500626,1.0,0.0,1.0,2.6543992874698037,4.218444913985215,1.5640456265154112,1.0,0.0,10.881527704697984,44.026334,1,"{""ue1"": {""delivered_bps"": 4218444.913985215, ""delivery_ratio"": 1.0, ""offered_bps"": 4218444.913985215}, ""ue2"": {""delivered_bps"": 1564045.6265154113, ""delivery_ratio"": 1.0, ""offered_bps"": 1564045.6265154113}, ""ue3"": {""delivered_bps"": 127989.39888814448, ""delivery_ratio"": 1.0, ""jitter_ms"": 10.881527704697984, ""loss_percent"": 0.0, ""offered_bps"": 127989.39888814448, ""rtt_p95_ms"": 44.026334}}"
1785747900.2669039,fair-base8-w3-r02-u1-100-u2-040,2,1.0,0.4,STRONG_40,0.4,1,6.272,6.272,1.0,0.0,1.0,2.688,4.48,1.7920000000000003,1.0,0.0,10.887942899328866,38.669006,1,"{""ue1"": {""delivered_bps"": 4480000.0, ""delivery_ratio"": 1.0, ""offered_bps"": 4480000.0}, ""ue2"": {""delivered_bps"": 1792000.0000000002, ""delivery_ratio"": 1.0, ""offered_bps"": 1792000.0000000002}, ""ue3"": {""delivered_bps"": 125431.32868661593, ""delivery_ratio"": 1.0, ""jitter_ms"": 10.887942899328866, ""loss_percent"": 0.0, ""offered_bps"": 127991.15172103666, ""rtt_p95_ms"": 38.669006}}"
1785747901.4003196,fair-base8-w3-r02-u1-100-u2-040,2,1.0,0.4,STRONG_40,0.4,2,6.272,6.272,1.0,0.0,1.0,2.688,4.48,1.7920000000000003,1.0,0.0,10.96530632214765,39.990368,1,"{""ue1"": {""delivered_bps"": 4480000.0, ""delivery_ratio"": 1.0, ""offered_bps"": 4480000.0}, ""ue2"": {""delivered_bps"": 1792000.0000000002, ""delivery_ratio"": 1.0, ""offered_bps"": 1792000.0000000002}, ""ue3"": {""delivered_bps"": 130547.00104433324, ""delivery_ratio"": 1.0, ""jitter_ms"": 10.96530632214765, ""loss_percent"": 0.0, ""offered_bps"": 127987.2559258169, ""rtt_p95_ms"": 39.990368}}"
1785747906.8080053,fair-base8-w3-r02-u1-040-u2-025,2,0.4,0.25,LIGHT_85,0.85,0,5.662923750155579,5.662923750155579,1.0,0.0,1.0,1.5084275547240182,3.5856756524397984,2.07724809771578,1.0,0.0,11.59202146621621,39.07682,1,"{""ue1"": {""delivered_bps"": 3585675.652439798, ""delivery_ratio"": 1.0, ""offered_bps"": 3585675.652439798}, ""ue2"": {""delivered_bps"": 2077248.09771578, ""delivery_ratio"": 1.0, ""offered_bps"": 2077248.09771578}, ""ue3"": {""delivered_bps"": 127990.30781171568, ""delivery_ratio"": 1.0, ""jitter_ms"": 11.59202146621621, ""loss_percent"": 0.0, ""offered_bps"": 127990.30781171568, ""rtt_p95_ms"": 39.07682}}"
1785747907.9508193,fair-base8-w3-r02-u1-040-u2-025,2,0.4,0.25,LIGHT_85,0.85,1,5.4867008150386285,5.4867008150386285,1.0,0.0,1.0,2.129299184961371,3.808,1.6787008150386287,1.0,0.0,9.847512246666659,34.508703,1,"{""ue1"": {""delivered_bps"": 3808000.0, ""delivery_ratio"": 1.0, ""offered_bps"": 3808000.0}, ""ue2"": {""delivered_bps"": 1678700.8150386286, ""delivery_ratio"": 1.0, ""offered_bps"": 1678700.8150386286}, ""ue3"": {""delivered_bps"": 127989.63142736781, ""delivery_ratio"": 1.0, ""jitter_ms"": 9.847512246666659, ""loss_percent"": 0.0, ""offered_bps"": 127989.63142736781, ""rtt_p95_ms"": 34.508703}}"
1785747909.1061502,fair-base8-w3-r02-u1-040-u2-025,2,0.4,0.25,LIGHT_85,0.85,2,6.188,6.188,1.0,0.0,1.0,1.428,3.808,2.38,1.0,0.0,9.559547926666665,34.18309,1,"{""ue1"": {""delivered_bps"": 3808000.0, ""delivery_ratio"": 1.0, ""offered_bps"": 3808000.0}, ""ue2"": {""delivered_bps"": 2380000.0, ""delivery_ratio"": 1.0, ""offered_bps"": 2380000.0}, ""ue3"": {""delivered_bps"": 127989.87459773176, ""delivery_ratio"": 1.0, ""jitter_ms"": 9.559547926666665, ""loss_percent"": 0.0, ""offered_bps"": 127989.87459773176, ""rtt_p95_ms"": 34.18309}}"
1785747914.5443947,fair-base8-w3-r02-u1-040-u2-025,2,0.4,0.25,STRONG_40,0.4,0,2.664906146993492,2.664906146993492,1.0,0.0,1.0,0.7098491138492284,1.6873776304213604,0.9775285165721318,1.0,0.0,10.086351120805368,33.731183,1,"{""ue1"": {""delivered_bps"": 1687377.6304213603, ""delivery_ratio"": 1.0, ""offered_bps"": 1687377.6304213603}, ""ue2"": {""delivered_bps"": 977528.5165721318, ""delivery_ratio"": 1.0, ""offered_bps"": 977528.5165721318}, ""ue3"": {""delivered_bps"": 127990.95602909227, ""delivery_ratio"": 1.0, ""jitter_ms"": 10.086351120805368, ""loss_percent"": 0.0, ""offered_bps"": 127990.95602909227, ""rtt_p95_ms"": 33.731183}}"
1785747915.7039275,fair-base8-w3-r02-u1-040-u2-025,2,0.4,0.25,STRONG_40,0.4,1,2.912,2.912,1.0,0.0,1.0,0.6720000000000003,1.7920000000000003,1.12,1.0,0.0,8.881997500000002,33.017945,1,"{""ue1"": {""delivered_bps"": 1792000.0000000002, ""delivery_ratio"": 1.0, ""offered_bps"": 1792000.0000000002}, ""ue2"": {""delivered_bps"": 1120000.0, ""delivery_ratio"": 1.0, ""offered_bps"": 1120000.0}, ""ue3"": {""delivered_bps"": 127990.70019792071, ""delivery_ratio"": 1.0, ""jitter_ms"": 8.881997500000002, ""loss_percent"": 0.0, ""offered_bps"": 127990.70019792071, ""rtt_p95_ms"": 33.017945}}"
1785747916.847934,fair-base8-w3-r02-u1-040-u2-025,2,0.4,0.25,STRONG_40,0.4,2,2.912,2.912,1.0,0.0,1.0,0.6720000000000003,1.7920000000000003,1.12,1.0,0.0,9.23233117567568,34.744612,1,"{""ue1"": {""delivered_bps"": 1792000.0000000002, ""delivery_ratio"": 1.0, ""offered_bps"": 1792000.0000000002}, ""ue2"": {""delivered_bps"": 1120000.0, ""delivery_ratio"": 1.0, ""offered_bps"": 1120000.0}, ""ue3"": {""delivered_bps"": 125429.5582383093, ""delivery_ratio"": 1.0, ""jitter_ms"": 9.23233117567568, ""loss_percent"": 0.0, ""offered_bps"": 127989.34514113193, ""rtt_p95_ms"": 34.744612}}"
1785747922.2085612,fair-base8-w3-r02-u1-040-u2-025,2,0.4,0.25,MEDIUM_70,0.7,0,4.6635902154244615,4.6635902154244615,1.0,0.0,1.0,1.2422404074220004,2.9529153114232307,1.7106749040012306,1.0,0.0,12.426825375838927,68.192936,0,"{""ue1"": {""delivered_bps"": 2952915.311423231, ""delivery_ratio"": 1.0, ""offered_bps"": 2952915.311423231}, ""ue2"": {""delivered_bps"": 1710674.9040012306, ""delivery_ratio"": 1.0, ""offered_bps"": 1710674.9040012306}, ""ue3"": {""delivered_bps"": 127989.47274100845, ""delivery_ratio"": 1.0, ""jitter_ms"": 12.426825375838927, ""loss_percent"": 0.0, ""offered_bps"": 127989.47274100845, ""rtt_p95_ms"": 68.192936}}"
1785747923.3493507,fair-base8-w3-r02-u1-040-u2-025,2,0.4,0.25,MEDIUM_70,0.7,1,4.518459494737694,4.518459494737694,1.0,0.0,1.0,1.7535405052623052,3.1359999999999997,1.3824594947376942,1.0,0.0,11.073673409395976,36.20183,1,"{""ue1"": {""delivered_bps"": 3135999.9999999995, ""delivery_ratio"": 1.0, ""offered_bps"": 3135999.9999999995}, ""ue2"": {""delivered_bps"": 1382459.4947376943, ""delivery_ratio"": 1.0, ""offered_bps"": 1382459.4947376943}, ""ue3"": {""delivered_bps"": 127991.57750896478, ""delivery_ratio"": 1.0, ""jitter_ms"": 11.073673409395976, ""loss_percent"": 0.0, ""offered_bps"": 127991.57750896478, ""rtt_p95_ms"": 36.20183}}"
1785747924.5083177,fair-base8-w3-r02-u1-040-u2-025,2,0.4,0.25,MEDIUM_70,0.7,2,5.095999999999999,5.095999999999999,1.0,0.0,1.0,1.1759999999999997,3.1359999999999997,1.9599999999999997,1.0,0.0,10.577867671140933,34.153283,1,"{""ue1"": {""delivered_bps"": 3135999.9999999995, ""delivery_ratio"": 1.0, ""offered_bps"": 3135999.9999999995}, ""ue2"": {""delivered_bps"": 1959999.9999999998, ""delivery_ratio"": 1.0, ""offered_bps"": 1959999.9999999998}, ""ue3"": {""delivered_bps"": 127989.34310001273, ""delivery_ratio"": 1.0, ""jitter_ms"": 10.577867671140933, ""loss_percent"": 0.0, ""offered_bps"": 127989.34310001273, ""rtt_p95_ms"": 34.153283}}"
1785747929.8814526,fair-base8-w3-r02-u1-040-u2-025,2,0.4,0.25,EQUAL_100,1.0,0,6.662217102479972,6.662217102479972,1.0,0.0,1.0,1.7745745196193135,4.218395811049643,2.4438212914303294,1.0,0.0,9.663797086666671,40.797465,1,"{""ue1"": {""delivered_bps"": 4218395.811049643, ""delivery_ratio"": 1.0, ""offered_bps"": 4218395.811049643}, ""ue2"": {""delivered_bps"": 2443821.2914303294, ""delivery_ratio"": 1.0, ""offered_bps"": 2443821.2914303294}, ""ue3"": {""delivered_bps"": 130551.2858328919, ""delivery_ratio"": 1.0, ""jitter_ms"": 9.663797086666671, ""loss_percent"": 0.0, ""offered_bps"": 127991.45669891362, ""rtt_p95_ms"": 40.797465}}"
1785747931.0304635,fair-base8-w3-r02-u1-040-u2-025,2,0.4,0.25,EQUAL_100,1.0,1,7.28,7.28,1.0,0.0,1.0,1.68,4.48,2.8,1.0,0.0,10.378577579999998,44.499176,1,"{""ue1"": {""delivered_bps"": 4480000.0, ""delivery_ratio"": 1.0, ""offered_bps"": 4480000.0}, ""ue2"": {""delivered_bps"": 2800000.0, ""delivery_ratio"": 1.0, ""offered_bps"": 2800000.0}, ""ue3"": {""delivered_bps"": 127990.77992249792, ""delivery_ratio"": 1.0, ""jitter_ms"": 10.378577579999998, ""loss_percent"": 0.0, ""offered_bps"": 127990.77992249792, ""rtt_p95_ms"": 44.499176}}"
1785747932.1654468,fair-base8-w3-r02-u1-040-u2-025,2,0.4,0.25,EQUAL_100,1.0,2,7.28,7.28,1.0,0.0,1.0,1.68,4.48,2.8,1.0,0.0,10.665342299999997,38.674124,1,"{""ue1"": {""delivered_bps"": 4480000.0, ""delivery_ratio"": 1.0, ""offered_bps"": 4480000.0}, ""ue2"": {""delivered_bps"": 2800000.0, ""delivery_ratio"": 1.0, ""offered_bps"": 2800000.0}, ""ue3"": {""delivered_bps"": 127990.14553305208, ""delivery_ratio"": 1.0, ""jitter_ms"": 10.665342299999997, ""loss_percent"": 0.0, ""offered_bps"": 127990.14553305208, ""rtt_p95_ms"": 38.674124}}"
1785747937.58035,fair-base8-w3-r02-u1-040-u2-100,2,0.4,1.0,STRONG_40,0.4,0,5.597488578600866,5.597488578600866,1.0,0.0,1.0,2.2227395539761883,1.6873745123123387,3.910114066288527,1.0,0.0,11.370858496644288,39.803412,1,"{""ue1"": {""delivered_bps"": 1687374.5123123387, ""delivery_ratio"": 1.0, ""offered_bps"": 1687374.5123123387}, ""ue2"": {""delivered_bps"": 3910114.066288527, ""delivery_ratio"": 1.0, ""offered_bps"": 3910114.066288527}, ""ue3"": {""delivered_bps"": 130549.21232792771, ""delivery_ratio"": 1.0, ""jitter_ms"": 11.370858496644288, ""loss_percent"": 0.0, ""offered_bps"": 127989.42385090952, ""rtt_p95_ms"": 39.803412}}"
1785747938.7100515,fair-base8-w3-r02-u1-040-u2-100,2,0.4,1.0,STRONG_40,0.4,1,6.272,6.272,1.0,0.0,1.0,2.688,1.7920000000000003,4.48,1.0,0.0,10.899137221476508,37.069636,1,"{""ue1"": {""delivered_bps"": 1792000.0000000002, ""delivery_ratio"": 1.0, ""offered_bps"": 1792000.0000000002}, ""ue2"": {""delivered_bps"": 4480000.0, ""delivery_ratio"": 1.0, ""offered_bps"": 4480000.0}, ""ue3"": {""delivered_bps"": 127987.1723544515, ""delivery_ratio"": 1.0, ""jitter_ms"": 10.899137221476508, ""loss_percent"": 0.0, ""offered_bps"": 127987.1723544515, ""rtt_p95_ms"": 37.069636}}"
1785747939.8421514,fair-base8-w3-r02-u1-040-u2-100,2,0.4,1.0,STRONG_40,0.4,2,6.272,6.272,1.0,0.0,1.0,2.688,1.7920000000000003,4.48,1.0,0.0,10.084254189189188,35.289428,1,"{""ue1"": {""delivered_bps"": 1792000.0000000002, ""delivery_ratio"": 1.0, ""offered_bps"": 1792000.0000000002}, ""ue2"": {""delivered_bps"": 4480000.0, ""delivery_ratio"": 1.0, ""offered_bps"": 4480000.0}, ""ue3"": {""delivered_bps"": 125430.85107852846, ""delivery_ratio"": 1.0, ""jitter_ms"": 10.084254189189188, ""loss_percent"": 0.0, ""offered_bps"": 127990.66436584537, ""rtt_p95_ms"": 35.289428}}"
1785747945.1276293,fair-base8-w3-r02-u1-040-u2-100,2,0.4,1.0,LIGHT_85,0.85,0,11.894659093657463,11.894659093657463,1.0,0.0,1.0,4.723325688068776,3.5856667027943434,8.30899239086312,1.0,0.0,13.763616716216216,101.750133,0,"{""ue1"": {""delivered_bps"": 3585666.7027943432, ""delivery_ratio"": 1.0, ""offered_bps"": 3585666.7027943432}, ""ue2"": {""delivered_bps"": 8308992.39086312, ""delivery_ratio"": 1.0, ""offered_bps"": 8308992.39086312}, ""ue3"": {""delivered_bps"": 125430.98991966626, ""delivery_ratio"": 1.0, ""jitter_ms"": 13.763616716216216, ""loss_percent"": 0.0, ""offered_bps"": 127990.80604047577, ""rtt_p95_ms"": 101.750133}}"
1785747946.2846158,fair-base8-w3-r02-u1-040-u2-100,2,0.4,1.0,LIGHT_85,0.85,1,13.328,13.328,1.0,0.0,1.0,5.712,3.808,9.52,1.0,0.0,14.122695536912751,107.635707,0,"{""ue1"": {""delivered_bps"": 3808000.0, ""delivery_ratio"": 1.0, ""offered_bps"": 3808000.0}, ""ue2"": {""delivered_bps"": 9520000.0, ""delivery_ratio"": 1.0, ""offered_bps"": 9520000.0}, ""ue3"": {""delivered_bps"": 130549.77729707814, ""delivery_ratio"": 1.0, ""jitter_ms"": 14.122695536912751, ""loss_percent"": 0.0, ""offered_bps"": 127989.97774223347, ""rtt_p95_ms"": 107.635707}}"
1785747947.449712,fair-base8-w3-r02-u1-040-u2-100,2,0.4,1.0,LIGHT_85,0.85,2,10.522803260154516,10.522803260154516,1.0,0.0,1.0,2.9068032601545144,3.808,6.714803260154515,1.0,0.0,13.24523780536913,98.197627,0,"{""ue1"": {""delivered_bps"": 3808000.0, ""delivery_ratio"": 1.0, ""offered_bps"": 3808000.0}, ""ue2"": {""delivered_bps"": 6714803.260154515, ""delivery_ratio"": 1.0, ""offered_bps"": 6714803.260154515}, ""ue3"": {""delivered_bps"": 127989.50972706727, ""delivery_ratio"": 1.0, ""jitter_ms"": 13.24523780536913, ""loss_percent"": 0.0, ""offered_bps"": 127989.50972706727, ""rtt_p95_ms"": 98.197627}}"
1785747952.9616635,fair-base8-w3-r02-u1-040-u2-100,2,0.4,1.0,EQUAL_100,1.0,0,13.99384876961941,13.99384876961941,1.0,0.0,1.0,5.556721561823226,4.218563603898092,9.775285165721318,1.0,0.0,11.63883437583893,72.216784,0,"{""ue1"": {""delivered_bps"": 4218563.603898092, ""delivery_ratio"": 1.0, ""offered_bps"": 4218563.603898092}, ""ue2"": {""delivered_bps"": 9775285.165721318, ""delivery_ratio"": 1.0, ""offered_bps"": 9775285.165721318}, ""ue3"": {""delivered_bps"": 127990.36348149709, ""delivery_ratio"": 1.0, ""jitter_ms"": 11.63883437583893, ""loss_percent"": 0.0, ""offered_bps"": 127990.36348149709, ""rtt_p95_ms"": 72.216784}}"
1785747954.089708,fair-base8-w3-r02-u1-040-u2-100,2,0.4,1.0,EQUAL_100,1.0,1,15.68,15.68,1.0,0.0,1.0,6.72,4.48,11.2,1.0,0.0,11.242836614864869,66.698202,0,"{""ue1"": {""delivered_bps"": 4480000.0, ""delivery_ratio"": 1.0, ""offered_bps"": 4480000.0}, ""ue2"": {""delivered_bps"": 11200000.0, ""delivery_ratio"": 1.0, ""offered_bps"": 11200000.0}, ""ue3"": {""delivered_bps"": 125430.54215846468, ""delivery_ratio"": 1.0, ""jitter_ms"": 11.242836614864869, ""loss_percent"": 0.0, ""offered_bps"": 127990.3491412905, ""rtt_p95_ms"": 66.698202}}"
1785747955.2368,fair-base8-w3-r02-u1-040-u2-100,2,0.4,1.0,EQUAL_100,1.0,2,12.379768541358253,12.379768541358253,1.0,0.0,1.0,3.419768541358253,4.48,7.899768541358253,1.0,0.0,11.438983194630866,66.698202,0,"{""ue1"": {""delivered_bps"": 4480000.0, ""delivery_ratio"": 1.0, ""offered_bps"": 4480000.0}, ""ue2"": {""delivered_bps"": 7899768.541358253, ""delivery_ratio"": 1.0, ""offered_bps"": 7899768.541358253}, ""ue3"": {""delivered_bps"": 130550.37830306348, ""delivery_ratio"": 1.0, ""jitter_ms"": 11.438983194630866, ""loss_percent"": 0.0, ""offered_bps"": 127990.56696378773, ""rtt_p95_ms"": 66.698202}}"
1785747960.5402946,fair-base8-w3-r02-u1-040-u2-100,2,0.4,1.0,MEDIUM_70,0.7,0,9.795651820832923,9.795651820832923,1.0,0.0,1.0,3.889747411176922,2.952952204828,6.842699616004922,1.0,0.0,10.761684000000008,40.527457,1,"{""ue1"": {""delivered_bps"": 2952952.204828, ""delivery_ratio"": 1.0, ""offered_bps"": 2952952.204828}, ""ue2"": {""delivered_bps"": 6842699.616004922, ""delivery_ratio"": 1.0, ""offered_bps"": 6842699.616004922}, ""ue3"": {""delivered_bps"": 130548.79591002734, ""delivery_ratio"": 1.0, ""jitter_ms"": 10.761684000000008, ""loss_percent"": 0.0, ""offered_bps"": 127989.01559806602, ""rtt_p95_ms"": 40.527457}}"
1785747961.664603,fair-base8-w3-r02-u1-040-u2-100,2,0.4,1.0,MEDIUM_70,0.7,1,10.975999999999997,10.975999999999997,1.0,0.0,1.0,4.704,3.1359999999999997,7.839999999999999,1.0,0.0,12.039983400000002,64.134358,0,"{""ue1"": {""delivered_bps"": 3135999.9999999995, ""delivery_ratio"": 1.0, ""offered_bps"": 3135999.9999999995}, ""ue2"": {""delivered_bps"": 7839999.999999999, ""delivery_ratio"": 1.0, ""offered_bps"": 7839999.999999999}, ""ue3"": {""delivered_bps"": 127988.50241026659, ""delivery_ratio"": 1.0, ""jitter_ms"": 12.039983400000002, ""loss_percent"": 0.0, ""offered_bps"": 127988.50241026659, ""rtt_p95_ms"": 64.134358}}"
1785747962.7975352,fair-base8-w3-r02-u1-040-u2-100,2,0.4,1.0,MEDIUM_70,0.7,2,8.665837978950776,8.665837978950776,1.0,0.0,1.0,2.3938379789507778,3.1359999999999997,5.529837978950777,1.0,0.0,11.728212040000006,64.134358,0,"{""ue1"": {""delivered_bps"": 3135999.9999999995, ""delivery_ratio"": 1.0, ""offered_bps"": 3135999.9999999995}, ""ue2"": {""delivered_bps"": 5529837.978950777, ""delivery_ratio"": 1.0, ""offered_bps"": 5529837.978950777}, ""ue3"": {""delivered_bps"": 127990.05875466089, ""delivery_ratio"": 1.0, ""jitter_ms"": 11.728212040000006, ""loss_percent"": 0.0, ""offered_bps"": 127990.05875466089, ""rtt_p95_ms"": 64.134358}}"
1785747968.3324878,fair-base8-w3-r02-u1-015-u2-055,2,0.15,0.55,EQUAL_100,1.0,0,6.958298341067947,6.958298341067947,1.0,0.0,1.0,3.7945153412255026,1.5818914999212226,5.376406841146725,1.0,0.0,12.457304599999997,66.903006,0,"{""ue1"": {""delivered_bps"": 1581891.4999212227, ""delivery_ratio"": 1.0, ""offered_bps"": 1581891.4999212227}, ""ue2"": {""delivered_bps"": 5376406.841146725, ""delivery_ratio"": 1.0, ""offered_bps"": 5376406.841146725}, ""ue3"": {""delivered_bps"": 127988.58827773859, ""delivery_ratio"": 1.0, ""jitter_ms"": 12.457304599999997, ""loss_percent"": 0.0, ""offered_bps"": 127988.58827773859, ""rtt_p95_ms"": 66.903006}}"
1785747969.4702709,fair-base8-w3-r02-u1-015-u2-055,2,0.15,0.55,EQUAL_100,1.0,1,7.84,7.84,1.0,0.0,1.0,4.48,1.68,6.16,1.0,0.0,13.347496704697988,86.890637,0,"{""ue1"": {""delivered_bps"": 1680000.0, ""delivery_ratio"": 1.0, ""offered_bps"": 1680000.0}, ""ue2"": {""delivered_bps"": 6160000.0, ""delivery_ratio"": 1.0, ""offered_bps"": 6160000.0}, ""ue3"": {""delivered_bps"": 127989.72383691386, ""delivery_ratio"": 1.0, ""jitter_ms"": 13.347496704697988, ""loss_percent"": 0.0, ""offered_bps"": 127989.72383691386, ""rtt_p95_ms"": 86.890637}}"
1785747970.6086638,fair-base8-w3-r02-u1-015-u2-055,2,0.15,0.55,EQUAL_100,1.0,2,6.02487269774704,6.02487269774704,1.0,0.0,1.0,2.6648726977470396,1.68,4.344872697747039,1.0,0.0,12.398732724832211,60.096823,0,"{""ue1"": {""delivered_bps"": 1680000.0, ""delivery_ratio"": 1.0, ""offered_bps"": 1680000.0}, ""ue2"": {""delivered_bps"": 4344872.69774704, ""delivery_ratio"": 1.0, ""offered_bps"": 4344872.69774704}, ""ue3"": {""delivered_bps"": 127989.3528214022, ""delivery_ratio"": 1.0, ""jitter_ms"": 12.398732724832211, ""loss_percent"": 0.0, ""offered_bps"": 127989.3528214022, ""rtt_p95_ms"": 60.096823}}"
1785747975.9685764,fair-base8-w3-r02-u1-015-u2-055,2,0.15,0.55,STRONG_40,0.4,0,3.205190255829095,3.205190255829095,1.0,0.0,1.0,1.0959352170882861,1.0546275193704042,2.1505627364586903,1.0,0.0,10.09083824666667,35.002672,1,"{""ue1"": {""delivered_bps"": 1054627.5193704043, ""delivery_ratio"": 1.0, ""offered_bps"": 1054627.5193704043}, ""ue2"": {""delivered_bps"": 2150562.7364586904, ""delivery_ratio"": 1.0, ""offered_bps"": 2150562.7364586904}, ""ue3"": {""delivered_bps"": 127990.84456190522, ""delivery_ratio"": 1.0, ""jitter_ms"": 10.09083824666667, ""loss_percent"": 0.0, ""offered_bps"": 127990.84456190522, ""rtt_p95_ms"": 35.002672}}"
1785747977.1375613,fair-base8-w3-r02-u1-015-u2-055,2,0.15,0.55,STRONG_40,0.4,1,3.584,3.584,1.0,0.0,1.0,1.344,1.12,2.464,1.0,0.0,10.144058194630873,34.43344,1,"{""ue1"": {""delivered_bps"": 1120000.0, ""delivery_ratio"": 1.0, ""offered_bps"": 1120000.0}, ""ue2"": {""delivered_bps"": 2464000.0, ""delivery_ratio"": 1.0, ""offered_bps"": 2464000.0}, ""ue3"": {""delivered_bps"": 127989.90927470695, ""delivery_ratio"": 1.0, ""jitter_ms"": 10.144058194630873, ""loss_percent"": 0.0, ""offered_bps"": 127989.90927470695, ""rtt_p95_ms"": 34.43344}}"
1785747978.2795615,fair-base8-w3-r02-u1-015-u2-055,2,0.15,0.55,STRONG_40,0.4,2,3.584,3.584,1.0,0.0,1.0,1.344,1.12,2.464,1.0,0.0,10.884448026845645,34.900778,1,"{""ue1"": {""delivered_bps"": 1120000.0, ""delivery_ratio"": 1.0, ""offered_bps"": 1120000.0}, ""ue2"": {""delivered_bps"": 2464000.0, ""delivery_ratio"": 1.0, ""offered_bps"": 2464000.0}, ""ue3"": {""delivered_bps"": 127989.47376157012, ""delivery_ratio"": 1.0, ""jitter_ms"": 10.884448026845645, ""loss_percent"": 0.0, ""offered_bps"": 127989.47376157012, ""rtt_p95_ms"": 34.900778}}"
1785747983.5921683,fair-base8-w3-r02-u1-015-u2-055,2,0.15,0.55,MEDIUM_70,0.7,0,4.870832386010792,4.870832386010792,1.0,0.0,1.0,2.6561371915946235,1.1073475972080842,3.7634847888027076,1.0,0.0,10.058836530201337,34.262747,1,"{""ue1"": {""delivered_bps"": 1107347.597208084, ""delivery_ratio"": 1.0, ""offered_bps"": 1107347.597208084}, ""ue2"": {""delivered_bps"": 3763484.7888027076, ""delivery_ratio"": 1.0, ""offered_bps"": 3763484.7888027076}, ""ue3"": {""delivered_bps"": 125430.7225167857, ""delivery_ratio"": 1.0, ""jitter_ms"": 10.058836530201337, ""loss_percent"": 0.0, ""offered_bps"": 127990.53318039357, ""rtt_p95_ms"": 34.262747}}"
1785747984.7253416,fair-base8-w3-r02-u1-015-u2-055,2,0.15,0.55,MEDIUM_70,0.7,1,5.487999999999999,5.487999999999999,1.0,0.0,1.0,3.1359999999999992,1.176,4.311999999999999,1.0,0.0,10.155587293333333,34.262747,1,"{""ue1"": {""delivered_bps"": 1176000.0, ""delivery_ratio"": 1.0, ""offered_bps"": 1176000.0}, ""ue2"": {""delivered_bps"": 4311999.999999999, ""delivery_ratio"": 1.0, ""offered_bps"": 4311999.999999999}, ""ue3"": {""delivered_bps"": 130550.6976144391, ""delivery_ratio"": 1.0, ""jitter_ms"": 10.155587293333333, ""loss_percent"": 0.0, ""offered_bps"": 127990.88001415598, ""rtt_p95_ms"": 34.262747}}"
1785747985.8885424,fair-base8-w3-r02-u1-015-u2-055,2,0.15,0.55,MEDIUM_70,0.7,2,5.487999999999999,5.487999999999999,1.0,0.0,1.0,3.1359999999999992,1.176,4.311999999999999,1.0,0.0,11.764903574324327,46.256952,1,"{""ue1"": {""delivered_bps"": 1176000.0, ""delivery_ratio"": 1.0, ""offered_bps"": 1176000.0}, ""ue2"": {""delivered_bps"": 4311999.999999999, ""delivery_ratio"": 1.0, ""offered_bps"": 4311999.999999999}, ""ue3"": {""delivered_bps"": 133110.4095311629, ""delivery_ratio"": 1.0, ""jitter_ms"": 11.764903574324327, ""loss_percent"": 0.0, ""offered_bps"": 127990.77839534896, ""rtt_p95_ms"": 46.256952}}"
1785747991.1697977,fair-base8-w3-r02-u1-015-u2-055,2,0.15,0.55,LIGHT_85,0.85,0,5.914583583423565,5.914583583423565,1.0,0.0,1.0,3.2253080465258686,1.3446377684488482,4.569945814974717,1.0,0.0,11.629069919463083,73.113936,0,"{""ue1"": {""delivered_bps"": 1344637.7684488483, ""delivery_ratio"": 1.0, ""offered_bps"": 1344637.7684488483}, ""ue2"": {""delivered_bps"": 4569945.814974717, ""delivery_ratio"": 1.0, ""offered_bps"": 4569945.814974717}, ""ue3"": {""delivered_bps"": 127990.40328396783, ""delivery_ratio"": 1.0, ""jitter_ms"": 11.629069919463083, ""loss_percent"": 0.0, ""offered_bps"": 127990.40328396783, ""rtt_p95_ms"": 73.113936}}"
1785747992.2937255,fair-base8-w3-r02-u1-015-u2-055,2,0.15,0.55,LIGHT_85,0.85,1,6.664,6.664,1.0,0.0,1.0,3.808,1.428,5.236,1.0,0.0,10.929207456375842,35.584419,1,"{""ue1"": {""delivered_bps"": 1428000.0, ""delivery_ratio"": 1.0, ""offered_bps"": 1428000.0}, ""ue2"": {""delivered_bps"": 5236000.0, ""delivery_ratio"": 1.0, ""offered_bps"": 5236000.0}, ""ue3"": {""delivered_bps"": 127990.71132747168, ""delivery_ratio"": 1.0, ""jitter_ms"": 10.929207456375842, ""loss_percent"": 0.0, ""offered_bps"": 127990.71132747168, ""rtt_p95_ms"": 35.584419}}"
1785747993.4261184,fair-base8-w3-r02-u1-015-u2-055,2,0.15,0.55,LIGHT_85,0.85,2,5.121141793084984,5.121141793084984,1.0,0.0,1.0,2.2651417930849838,1.428,3.6931417930849837,1.0,0.0,12.653606946308724,69.481854,0,"{""ue1"": {""delivered_bps"": 1428000.0, ""delivery_ratio"": 1.0, ""offered_bps"": 1428000.0}, ""ue2"": {""delivered_bps"": 3693141.7930849837, ""delivery_ratio"": 1.0, ""offered_bps"": 3693141.7930849837}, ""ue3"": {""delivered_bps"": 127989.88841637375, ""delivery_ratio"": 1.0, ""jitter_ms"": 12.653606946308724, ""loss_percent"": 0.0, ""offered_bps"": 127989.88841637375, ""rtt_p95_ms"": 69.481854}}"
1785747998.7548614,fair-base8-w3-r02-u1-075-u2-055,2,0.75,0.55,EQUAL_100,1.0,0,13.286077342432794,13.286077342432794,1.0,0.0,1.0,2.5332636601393426,7.909670501286068,5.376406841146725,1.0,0.0,12.142480673333333,54.121084,1,"{""ue1"": {""delivered_bps"": 7909670.501286068, ""delivery_ratio"": 1.0, ""offered_bps"": 7909670.501286068}, ""ue2"": {""delivered_bps"": 5376406.841146725, ""delivery_ratio"": 1.0, ""offered_bps"": 5376406.841146725}, ""ue3"": {""delivered_bps"": 130548.01987110032, ""delivery_ratio"": 1.0, ""jitter_ms"": 12.142480673333333, ""loss_percent"": 0.0, ""offered_bps"": 127988.25477558855, ""rtt_p95_ms"": 54.121084}}"
1785747999.8816907,fair-base8-w3-r02-u1-075-u2-055,2,0.75,0.55,EQUAL_100,1.0,1,14.559999999999999,14.559999999999999,1.0,0.0,1.0,2.239999999999998,8.399999999999999,6.16,1.0,0.0,11.379397054054055,62.058819,0,"{""ue1"": {""delivered_bps"": 8399999.999999998, ""delivery_ratio"": 1.0, ""offered_bps"": 8399999.999999998}, ""ue2"": {""delivered_bps"": 6160000.0, ""delivery_ratio"": 1.0, ""offered_bps"": 6160000.0}, ""ue3"": {""delivered_bps"": 125429.87605270186, ""delivery_ratio"": 1.0, ""jitter_ms"": 11.379397054054055, ""loss_percent"": 0.0, ""offered_bps"": 127989.66944153252, ""rtt_p95_ms"": 62.058819}}"
1785748001.0031655,fair-base8-w3-r02-u1-075-u2-055,2,0.75,0.55,EQUAL_100,1.0,2,12.744872697747036,12.744872697747036,1.0,0.0,1.0,4.055127302252958,8.399999999999999,4.344872697747039,1.0,0.0,10.92226756756757,58.858867,1,"{""ue1"": {""delivered_bps"": 8399999.999999998, ""delivery_ratio"": 1.0, ""offered_bps"": 8399999.999999998}, ""ue2"": {""delivered_bps"": 4344872.69774704, ""delivery_ratio"": 1.0, ""offered_bps"": 4344872.69774704}, ""ue3"": {""delivered_bps"": 130548.93989014426, ""delivery_ratio"": 1.0, ""jitter_ms"": 10.92226756756757, ""loss_percent"": 0.0, ""offered_bps"": 127989.15675504338, ""rtt_p95_ms"": 58.858867}}"
1785748006.2860494,fair-base8-w3-r02-u1-075-u2-055,2,0.75,0.55,MEDIUM_70,0.7,0,9.300268651310967,9.300268651310967,1.0,0.0,1.0,1.773299073705552,5.53678386250826,3.7634847888027076,1.0,0.0,11.881357617449662,80.623736,0,"{""ue1"": {""delivered_bps"": 5536783.86250826, ""delivery_ratio"": 1.0, ""offered_bps"": 5536783.86250826}, ""ue2"": {""delivered_bps"": 3763484.7888027076, ""delivery_ratio"": 1.0, ""offered_bps"": 3763484.7888027076}, ""ue3"": {""delivered_bps"": 127990.18289942108, ""delivery_ratio"": 1.0, ""jitter_ms"": 11.881357617449662, ""loss_percent"": 0.0, ""offered_bps"": 127990.18289942108, ""rtt_p95_ms"": 80.623736}}"
1785748007.4342153,fair-base8-w3-r02-u1-075-u2-055,2,0.75,0.55,MEDIUM_70,0.7,1,10.191999999999998,10.191999999999998,1.0,0.0,1.0,1.568,5.879999999999999,4.311999999999999,1.0,0.0,12.989464966442954,99.538535,0,"{""ue1"": {""delivered_bps"": 5879999.999999999, ""delivery_ratio"": 1.0, ""offered_bps"": 5879999.999999999}, ""ue2"": {""delivered_bps"": 4311999.999999999, ""delivery_ratio"": 1.0, ""offered_bps"": 4311999.999999999}, ""ue3"": {""delivered_bps"": 127991.01272747331, ""delivery_ratio"": 1.0, ""jitter_ms"": 12.989464966442954, ""loss_percent"": 0.0, ""offered_bps"": 127991.01272747331, ""rtt_p95_ms"": 99.538535}}"
1785748008.554829,fair-base8-w3-r02-u1-075-u2-055,2,0.75,0.55,MEDIUM_70,0.7,2,8.921410888422926,8.921410888422926,1.0,0.0,1.0,2.8385891115770714,5.879999999999999,3.0414108884229276,1.0,0.0,12.281724460000001,80.709477,0,"{""ue1"": {""delivered_bps"": 5879999.999999999, ""delivery_ratio"": 1.0, ""offered_bps"": 5879999.999999999}, ""ue2"": {""delivered_bps"": 3041410.888422928, ""delivery_ratio"": 1.0, ""offered_bps"": 3041410.888422928}, ""ue3"": {""delivered_bps"": 130551.80343486527, ""delivery_ratio"": 1.0, ""jitter_ms"": 12.281724460000001, ""loss_percent"": 0.0, ""offered_bps"": 127991.9641518287, ""rtt_p95_ms"": 80.709477}}"
1785748013.9064696,fair-base8-w3-r02-u1-075-u2-055,2,0.75,0.55,STRONG_40,0.4,0,5.314439139671868,5.314439139671868,1.0,0.0,1.0,1.0133136667544864,3.1638764032131768,2.1505627364586903,1.0,0.0,10.84416255704698,43.681388,1,"{""ue1"": {""delivered_bps"": 3163876.403213177, ""delivery_ratio"": 1.0, ""offered_bps"": 3163876.403213177}, ""ue2"": {""delivered_bps"": 2150562.7364586904, ""delivery_ratio"": 1.0, ""offered_bps"": 2150562.7364586904}, ""ue3"": {""delivered_bps"": 127991.17641630152, ""delivery_ratio"": 1.0, ""jitter_ms"": 10.84416255704698, ""loss_percent"": 0.0, ""offered_bps"": 127991.17641630152, ""rtt_p95_ms"": 43.681388}}"
1785748015.0380075,fair-base8-w3-r02-u1-075-u2-055,2,0.75,0.55,STRONG_40,0.4,1,5.097949079098816,5.097949079098816,1.0,0.0,1.0,1.6220509209011846,3.3600000000000003,1.737949079098816,1.0,0.0,11.305769749999998,67.796614,0,"{""ue1"": {""delivered_bps"": 3360000.0000000005, ""delivery_ratio"": 1.0, ""offered_bps"": 3360000.0000000005}, ""ue2"": {""delivered_bps"": 1737949.0790988158, ""delivery_ratio"": 1.0, ""offered_bps"": 1737949.0790988158}, ""ue3"": {""delivered_bps"": 125431.10016491736, ""delivery_ratio"": 1.0, ""jitter_ms"": 11.305769749999998, ""loss_percent"": 0.0, ""offered_bps"": 127990.91853562996, ""rtt_p95_ms"": 67.796614}}"
1785748016.195316,fair-base8-w3-r02-u1-075-u2-055,2,0.75,0.55,STRONG_40,0.4,2,5.824,5.824,1.0,0.0,1.0,0.8960000000000005,3.3600000000000003,2.464,1.0,0.0,13.0836580472973,84.878226,0,"{""ue1"": {""delivered_bps"": 3360000.0000000005, ""delivery_ratio"": 1.0, ""offered_bps"": 3360000.0000000005}, ""ue2"": {""delivered_bps"": 2464000.0, ""delivery_ratio"": 1.0, ""offered_bps"": 2464000.0}, ""ue3"": {""delivered_bps"": 127989.85526653678, ""delivery_ratio"": 1.0, ""jitter_ms"": 13.0836580472973, ""loss_percent"": 0.0, ""offered_bps"": 127989.85526653678, ""rtt_p95_ms"": 84.878226}}"
1785748021.4716833,fair-base8-w3-r02-u1-075-u2-055,2,0.75,0.55,LIGHT_85,0.85,0,11.293162447807452,11.293162447807452,1.0,0.0,1.0,2.1532708178580178,6.7232166328327345,4.569945814974717,1.0,0.0,11.178419283783787,38.324299,1,"{""ue1"": {""delivered_bps"": 6723216.632832735, ""delivery_ratio"": 1.0, ""offered_bps"": 6723216.632832735}, ""ue2"": {""delivered_bps"": 4569945.814974717, ""delivery_ratio"": 1.0, ""offered_bps"": 4569945.814974717}, ""ue3"": {""delivered_bps"": 130550.66106561957, ""delivery_ratio"": 1.0, ""jitter_ms"": 11.178419283783787, ""loss_percent"": 0.0, ""offered_bps"": 127990.84418197996, ""rtt_p95_ms"": 38.324299}}"
1785748022.59574,fair-base8-w3-r02-u1-075-u2-055,2,0.75,0.55,LIGHT_85,0.85,1,12.376,12.376,1.0,0.0,1.0,1.903999999999999,7.139999999999999,5.236,1.0,0.0,11.70672767333333,52.667217,1,"{""ue1"": {""delivered_bps"": 7139999.999999999, ""delivery_ratio"": 1.0, ""offered_bps"": 7139999.999999999}, ""ue2"": {""delivered_bps"": 5236000.0, ""delivery_ratio"": 1.0, ""offered_bps"": 5236000.0}, ""ue3"": {""delivered_bps"": 130549.89308163318, ""delivery_ratio"": 1.0, ""jitter_ms"": 11.70672767333333, ""loss_percent"": 0.0, ""offered_bps"": 127990.09125650313, ""rtt_p95_ms"": 52.667217}}"
1785748023.7473698,fair-base8-w3-r02-u1-075-u2-055,2,0.75,0.55,LIGHT_85,0.85,2,10.833141793084982,10.833141793084982,1.0,0.0,1.0,3.4468582069150155,7.139999999999999,3.6931417930849837,1.0,0.0,11.831168026490069,79.597354,0,"{""ue1"": {""delivered_bps"": 7139999.999999999, ""delivery_ratio"": 1.0, ""offered_bps"": 7139999.999999999}, ""ue2"": {""delivered_bps"": 3693141.7930849837, ""delivery_ratio"": 1.0, ""offered_bps"": 3693141.7930849837}, ""ue3"": {""delivered_bps"": 127990.10252748734, ""delivery_ratio"": 1.0, ""jitter_ms"": 11.831168026490069, ""loss_percent"": 0.0, ""offered_bps"": 127990.10252748734, ""rtt_p95_ms"": 79.597354}}"
1785748029.0415974,fair-base8-w3-r02-u1-055-u2-015,2,0.55,0.15,LIGHT_85,0.85,0,6.176676031321107,6.176676031321107,1.0,0.0,1.0,3.6839783140621716,4.93032717269164,1.246348858629468,1.0,0.0,10.459821644295301,36.963424,1,"{""ue1"": {""delivered_bps"": 4930327.1726916395, ""delivery_ratio"": 1.0, ""offered_bps"": 4930327.1726916395}, ""ue2"": {""delivered_bps"": 1246348.858629468, ""delivery_ratio"": 1.0, ""offered_bps"": 1246348.858629468}, ""ue3"": {""delivered_bps"": 127989.61427891212, ""delivery_ratio"": 1.0, ""jitter_ms"": 10.459821644295301, ""loss_percent"": 0.0, ""offered_bps"": 127989.61427891212, ""rtt_p95_ms"": 36.963424}}"
1785748030.1633716,fair-base8-w3-r02-u1-055-u2-015,2,0.55,0.15,LIGHT_85,0.85,1,6.243220489023177,6.243220489023177,1.0,0.0,1.0,4.228779510976823,5.236,1.0072204890231773,1.0,0.0,9.765876040000002,35.996698,1,"{""ue1"": {""delivered_bps"": 5236000.0, ""delivery_ratio"": 1.0, ""offered_bps"": 5236000.0}, ""ue2"": {""delivered_bps"": 1007220.4890231773, ""delivery_ratio"": 1.0, ""offered_bps"": 1007220.4890231773}, ""ue3"": {""delivered_bps"": 130548.93793737997, ""delivery_ratio"": 1.0, ""jitter_ms"": 9.765876040000002, ""loss_percent"": 0.0, ""offered_bps"": 127989.1548405686, ""rtt_p95_ms"": 35.996698}}"
1785748031.2817347,fair-base8-w3-r02-u1-055-u2-015,2,0.55,0.15,LIGHT_85,0.85,2,6.664,6.664,1.0,0.0,1.0,3.808,5.236,1.428,1.0,0.0,10.397694664429531,39.250401,1,"{""ue1"": {""delivered_bps"": 5236000.0, ""delivery_ratio"": 1.0, ""offered_bps"": 5236000.0}, ""ue2"": {""delivered_bps"": 1428000.0, ""delivery_ratio"": 1.0, ""offered_bps"": 1428000.0}, ""ue3"": {""delivered_bps"": 125428.0494632085, ""delivery_ratio"": 1.0, ""jitter_ms"": 10.397694664429531, ""loss_percent"": 0.0, ""offered_bps"": 127987.80557470255, ""rtt_p95_ms"": 39.250401}}"
1785748036.593039,fair-base8-w3-r02-u1-055-u2-015,2,0.55,0.15,EQUAL_100,1.0,0,7.266756086934453,7.266756086934453,1.0,0.0,1.0,4.33417053721806,5.800463312076257,1.4662927748581975,0.9933333333333333,0.6666666666666666,11.100355986394561,41.517251,1,"{""ue1"": {""delivered_bps"": 5800463.312076257, ""delivery_ratio"": 1.0, ""offered_bps"": 5800463.312076257}, ""ue2"": {""delivered_bps"": 1466292.7748581974, ""delivery_ratio"": 1.0, ""offered_bps"": 1466292.7748581974}, ""ue3"": {""delivered_bps"": 138229.94046074973, ""delivery_ratio"": 0.9933333333333333, ""jitter_ms"": 11.100355986394561, ""loss_percent"": 0.6666666666666666, ""offered_bps"": 127990.6856118053, ""rtt_p95_ms"": 41.517251}}"
1785748037.7192702,fair-base8-w3-r02-u1-055-u2-015,2,0.55,0.15,EQUAL_100,1.0,1,7.84,7.84,1.0,0.0,1.0,4.48,6.16,1.68,1.0,0.0,12.521916547297293,81.541867,0,"{""ue1"": {""delivered_bps"": 6160000.0, ""delivery_ratio"": 1.0, ""offered_bps"": 6160000.0}, ""ue2"": {""delivered_bps"": 1680000.0, ""delivery_ratio"": 1.0, ""offered_bps"": 1680000.0}, ""ue3"": {""delivered_bps"": 127989.92066484963, ""delivery_ratio"": 1.0, ""jitter_ms"": 12.521916547297293, ""loss_percent"": 0.0, ""offered_bps"": 127989.92066484963, ""rtt_p95_ms"": 81.541867}}"
1785748038.850278,fair-base8-w3-r02-u1-055-u2-015,2,0.55,0.15,EQUAL_100,1.0,2,7.84,7.84,1.0,0.0,1.0,4.48,6.16,1.68,1.0,0.0,11.459142593333338,48.533588,1,"{""ue1"": {""delivered_bps"": 6160000.0, ""delivery_ratio"": 1.0, ""offered_bps"": 6160000.0}, ""ue2"": {""delivered_bps"": 1680000.0, ""delivery_ratio"": 1.0, ""offered_bps"": 1680000.0}, ""ue3"": {""delivered_bps"": 130548.34856235796, ""delivery_ratio"": 1.0, ""jitter_ms"": 11.459142593333338, ""loss_percent"": 0.0, ""offered_bps"": 127988.57702191957, ""rtt_p95_ms"": 48.533588}}"
1785748044.2065623,fair-base8-w3-r02-u1-055-u2-015,2,0.55,0.15,STRONG_40,0.4,0,3.29768722151383,3.29768722151383,1.0,0.0,1.0,1.3426301883695666,2.3201587049416985,0.9775285165721318,1.0,0.0,11.65578088,67.160382,0,"{""ue1"": {""delivered_bps"": 2320158.7049416984, ""delivery_ratio"": 1.0, ""offered_bps"": 2320158.7049416984}, ""ue2"": {""delivered_bps"": 977528.5165721318, ""delivery_ratio"": 1.0, ""offered_bps"": 977528.5165721318}, ""ue3"": {""delivered_bps"": 130550.19724692049, ""delivery_ratio"": 1.0, ""jitter_ms"": 11.65578088, ""loss_percent"": 0.0, ""offered_bps"": 127990.3894577652, ""rtt_p95_ms"": 67.160382}}"
1785748045.351546,fair-base8-w3-r02-u1-055-u2-015,2,0.55,0.15,STRONG_40,0.4,1,3.2539768541358254,3.2539768541358254,1.0,0.0,1.0,1.6740231458641748,2.464,0.7899768541358254,1.0,0.0,11.193745020000005,35.292799,1,"{""ue1"": {""delivered_bps"": 2464000.0, ""delivery_ratio"": 1.0, ""offered_bps"": 2464000.0}, ""ue2"": {""delivered_bps"": 789976.8541358254, ""delivery_ratio"": 1.0, ""offered_bps"": 789976.8541358254}, ""ue3"": {""delivered_bps"": 127989.83606943677, ""delivery_ratio"": 1.0, ""jitter_ms"": 11.193745020000005, ""loss_percent"": 0.0, ""offered_bps"": 127989.83606943677, ""rtt_p95_ms"": 35.292799}}"
1785748046.4920318,fair-base8-w3-r02-u1-055-u2-015,2,0.55,0.15,STRONG_40,0.4,2,3.584,3.584,1.0,0.0,1.0,1.344,2.464,1.12,1.0,0.0,9.569076456375837,34.824575,1,"{""ue1"": {""delivered_bps"": 2464000.0, ""delivery_ratio"": 1.0, ""offered_bps"": 2464000.0}, ""ue2"": {""delivered_bps"": 1120000.0, ""delivery_ratio"": 1.0, ""offered_bps"": 1120000.0}, ""ue3"": {""delivered_bps"": 125430.15173065194, ""delivery_ratio"": 1.0, ""jitter_ms"": 9.569076456375837, ""loss_percent"": 0.0, ""offered_bps"": 127989.9507455632, ""rtt_p95_ms"": 34.824575}}"
1785748051.8867097,fair-base8-w3-r02-u1-055-u2-015,2,0.55,0.15,MEDIUM_70,0.7,0,5.086692199979857,5.086692199979857,1.0,0.0,1.0,3.0338823151783796,4.060287257579118,1.0264049424007384,1.0,0.0,10.813893248322145,38.477057,1,"{""ue1"": {""delivered_bps"": 4060287.257579118, ""delivery_ratio"": 1.0, ""offered_bps"": 4060287.257579118}, ""ue2"": {""delivered_bps"": 1026404.9424007385, ""delivery_ratio"": 1.0, ""offered_bps"": 1026404.9424007385}, ""ue3"": {""delivered_bps"": 127990.67421407696, ""delivery_ratio"": 1.0, ""jitter_ms"": 10.813893248322145, ""loss_percent"": 0.0, ""offered_bps"": 127990.67421407696, ""rtt_p95_ms"": 38.477057}}"
1785748053.0622866,fair-base8-w3-r02-u1-055-u2-015,2,0.55,0.15,MEDIUM_70,0.7,1,5.487999999999999,5.487999999999999,1.0,0.0,1.0,3.1359999999999992,4.311999999999999,1.176,1.0,0.0,11.762054243243249,46.265535,1,"{""ue1"": {""delivered_bps"": 4311999.999999999, ""delivery_ratio"": 1.0, ""offered_bps"": 4311999.999999999}, ""ue2"": {""delivered_bps"": 1176000.0, ""delivery_ratio"": 1.0, ""offered_bps"": 1176000.0}, ""ue3"": {""delivered_bps"": 127990.87617020433, ""delivery_ratio"": 1.0, ""jitter_ms"": 11.762054243243249, ""loss_percent"": 0.0, ""offered_bps"": 127990.87617020433, ""rtt_p95_ms"": 46.265535}}"
1785748054.2163372,fair-base8-w3-r02-u1-055-u2-015,2,0.55,0.15,MEDIUM_70,0.7,2,5.487999999999999,5.487999999999999,1.0,0.0,1.0,3.1359999999999992,4.311999999999999,1.176,1.0,0.0,12.456015236486486,114.825338,0,"{""ue1"": {""delivered_bps"": 4311999.999999999, ""delivery_ratio"": 1.0, ""offered_bps"": 4311999.999999999}, ""ue2"": {""delivered_bps"": 1176000.0, ""delivery_ratio"": 1.0, ""offered_bps"": 1176000.0}, ""ue3"": {""delivered_bps"": 125429.99834166151, ""delivery_ratio"": 1.0, ""jitter_ms"": 12.456015236486486, ""loss_percent"": 0.0, ""offered_bps"": 127989.79422618521, ""rtt_p95_ms"": 114.825338}}"
1785748059.8272207,fair-base8-w3-r02-u1-055-u2-075,2,0.55,0.75,LIGHT_85,0.85,0,11.162019673083499,11.162019673083499,1.0,0.0,1.0,1.301468913211179,4.930275379936161,6.231744293147339,1.0,0.0,11.608009993243247,116.311181,0,"{""ue1"": {""delivered_bps"": 4930275.3799361605, ""delivery_ratio"": 1.0, ""offered_bps"": 4930275.3799361605}, ""ue2"": {""delivered_bps"": 6231744.2931473395, ""delivery_ratio"": 1.0, ""offered_bps"": 6231744.2931473395}, ""ue3"": {""delivered_bps"": 125428.66049836938, ""delivery_ratio"": 1.0, ""jitter_ms"": 11.608009993243247, ""loss_percent"": 0.0, ""offered_bps"": 127988.42907996876, ""rtt_p95_ms"": 116.311181}}"
1785748061.0130117,fair-base8-w3-r02-u1-055-u2-075,2,0.55,0.75,LIGHT_85,0.85,1,12.376,12.376,1.0,0.0,1.0,1.903999999999999,5.236,7.139999999999999,1.0,0.0,14.458177671140934,130.968963,0,"{""ue1"": {""delivered_bps"": 5236000.0, ""delivery_ratio"": 1.0, ""offered_bps"": 5236000.0}, ""ue2"": {""delivered_bps"": 7139999.999999999, ""delivery_ratio"": 1.0, ""offered_bps"": 7139999.999999999}, ""ue3"": {""delivered_bps"": 127988.8283601367, ""delivery_ratio"": 1.0, ""jitter_ms"": 14.458177671140934, ""loss_percent"": 0.0, ""offered_bps"": 127988.8283601367, ""rtt_p95_ms"": 130.968963}}"
1785748062.1546123,fair-base8-w3-r02-u1-055-u2-075,2,0.55,0.75,LIGHT_85,0.85,2,10.272102445115886,10.272102445115886,1.0,0.0,1.0,0.19989755488411431,5.236,5.036102445115886,1.0,0.0,14.348326779999997,115.650614,0,"{""ue1"": {""delivered_bps"": 5236000.0, ""delivery_ratio"": 1.0, ""offered_bps"": 5236000.0}, ""ue2"": {""delivered_bps"": 5036102.445115886, ""delivery_ratio"": 1.0, ""offered_bps"": 5036102.445115886}, ""ue3"": {""delivered_bps"": 127989.5441505664, ""delivery_ratio"": 1.0, ""jitter_ms"": 14.348326779999997, ""loss_percent"": 0.0, ""offered_bps"": 127989.5441505664, ""rtt_p95_ms"": 115.650614}}"
1785748067.703463,fair-base8-w3-r02-u1-055-u2-075,2,0.55,0.75,MEDIUM_70,0.7,0,9.192313893811617,9.192313893811617,1.0,0.0,1.0,1.0717355301957643,4.060289181807927,5.132024712003691,1.0,0.0,9.599331222972978,36.146393,1,"{""ue1"": {""delivered_bps"": 4060289.181807927, ""delivery_ratio"": 1.0, ""offered_bps"": 4060289.181807927}, ""ue2"": {""delivered_bps"": 5132024.712003691, ""delivery_ratio"": 1.0, ""offered_bps"": 5132024.712003691}, ""ue3"": {""delivered_bps"": 130551.0901546102, ""delivery_ratio"": 1.0, ""jitter_ms"": 9.599331222972978, ""loss_percent"": 0.0, ""offered_bps"": 127991.26485746098, ""rtt_p95_ms"": 36.146393}}"
1785748068.8907754,fair-base8-w3-r02-u1-055-u2-075,2,0.55,0.75,MEDIUM_70,0.7,1,10.191999999999998,10.191999999999998,1.0,0.0,1.0,1.568,4.311999999999999,5.879999999999999,1.0,0.0,9.12391374496644,36.791699,1,"{""ue1"": {""delivered_bps"": 4311999.999999999, ""delivery_ratio"": 1.0, ""offered_bps"": 4311999.999999999}, ""ue2"": {""delivered_bps"": 5879999.999999999, ""delivery_ratio"": 1.0, ""offered_bps"": 5879999.999999999}, ""ue3"": {""delivered_bps"": 125431.21228660255, ""delivery_ratio"": 1.0, ""jitter_ms"": 9.12391374496644, ""loss_percent"": 0.0, ""offered_bps"": 127991.0329455128, ""rtt_p95_ms"": 36.791699}}"
1785748070.0503967,fair-base8-w3-r02-u1-055-u2-075,2,0.55,0.75,MEDIUM_70,0.7,2,10.191999999999998,10.191999999999998,1.0,0.0,1.0,1.568,4.311999999999999,5.879999999999999,1.0,0.0,8.96342416107382,36.929753,1,"{""ue1"": {""delivered_bps"": 4311999.999999999, ""delivery_ratio"": 1.0, ""offered_bps"": 4311999.999999999}, ""ue2"": {""delivered_bps"": 5879999.999999999, ""delivery_ratio"": 1.0, ""offered_bps"": 5879999.999999999}, ""ue3"": {""delivered_bps"": 130549.08022338456, ""delivery_ratio"": 1.0, ""jitter_ms"": 8.96342416107382, ""loss_percent"": 0.0, ""offered_bps"": 127989.29433665152, ""rtt_p95_ms"": 36.929753}}"
1785748075.6209192,fair-base8-w3-r02-u1-055-u2-075,2,0.55,0.75,STRONG_40,0.4,0,5.252748233889293,5.252748233889293,1.0,0.0,1.0,0.6124228655434987,2.3201626841728973,2.932585549716396,1.0,0.0,11.39130604666667,48.31833,1,"{""ue1"": {""delivered_bps"": 2320162.684172897, ""delivery_ratio"": 1.0, ""offered_bps"": 2320162.684172897}, ""ue2"": {""delivered_bps"": 2932585.549716396, ""delivery_ratio"": 1.0, ""offered_bps"": 2932585.549716396}, ""ue3"": {""delivered_bps"": 130550.21708647923, ""delivery_ratio"": 1.0, ""jitter_ms"": 11.39130604666667, ""loss_percent"": 0.0, ""offered_bps"": 127990.40890831297, ""rtt_p95_ms"": 48.31833}}"
1785748076.788647,fair-base8-w3-r02-u1-055-u2-075,2,0.55,0.75,STRONG_40,0.4,1,5.824,5.824,1.0,0.0,1.0,0.8960000000000005,2.464,3.3600000000000003,1.0,0.0,10.396965027027028,35.239509,1,"{""ue1"": {""delivered_bps"": 2464000.0, ""delivery_ratio"": 1.0, ""offered_bps"": 2464000.0}, ""ue2"": {""delivered_bps"": 3360000.0000000005, ""delivery_ratio"": 1.0, ""offered_bps"": 3360000.0000000005}, ""ue3"": {""delivered_bps"": 125429.44586406925, ""delivery_ratio"": 1.0, ""jitter_ms"": 10.396965027027028, ""loss_percent"": 0.0, ""offered_bps"": 127989.23047354004, ""rtt_p95_ms"": 35.239509}}"
1785748077.9473596,fair-base8-w3-r02-u1-055-u2-075,2,0.55,0.75,STRONG_40,0.4,2,5.824,5.824,1.0,0.0,1.0,0.8960000000000005,2.464,3.3600000000000003,1.0,0.0,11.237518221476513,40.415694,1,"{""ue1"": {""delivered_bps"": 2464000.0, ""delivery_ratio"": 1.0, ""offered_bps"": 2464000.0}, ""ue2"": {""delivered_bps"": 3360000.0000000005, ""delivery_ratio"": 1.0, ""offered_bps"": 3360000.0000000005}, ""ue3"": {""delivered_bps"": 130548.98231909148, ""delivery_ratio"": 1.0, ""jitter_ms"": 11.237518221476513, ""loss_percent"": 0.0, ""offered_bps"": 127989.19835205046, ""rtt_p95_ms"": 40.415694}}"
1785748083.5229933,fair-base8-w3-r02-u1-055-u2-075,2,0.55,0.75,EQUAL_100,1.0,0,13.131918199510206,13.131918199510206,1.0,0.0,1.0,1.531009549071771,5.800454325219218,7.331463874290989,1.0,0.0,12.397955228187914,71.379141,0,"{""ue1"": {""delivered_bps"": 5800454.325219218, ""delivery_ratio"": 1.0, ""offered_bps"": 5800454.325219218}, ""ue2"": {""delivered_bps"": 7331463.874290989, ""delivery_ratio"": 1.0, ""offered_bps"": 7331463.874290989}, ""ue3"": {""delivered_bps"": 135669.58302372805, ""delivery_ratio"": 1.0, ""jitter_ms"": 12.397955228187914, ""loss_percent"": 0.0, ""offered_bps"": 127990.17266389438, ""rtt_p95_ms"": 71.379141}}"
1785748084.6917868,fair-base8-w3-r02-u1-055-u2-075,2,0.55,0.75,EQUAL_100,1.0,1,14.559999999999999,14.559999999999999,1.0,0.0,1.0,2.239999999999998,6.16,8.399999999999999,1.0,0.0,12.637458763513509,71.379141,0,"{""ue1"": {""delivered_bps"": 6160000.0, ""delivery_ratio"": 1.0, ""offered_bps"": 6160000.0}, ""ue2"": {""delivered_bps"": 8399999.999999998, ""delivery_ratio"": 1.0, ""offered_bps"": 8399999.999999998}, ""ue3"": {""delivered_bps"": 127990.9763812054, ""delivery_ratio"": 1.0, ""jitter_ms"": 12.637458763513509, ""loss_percent"": 0.0, ""offered_bps"": 127990.9763812054, ""rtt_p95_ms"": 71.379141}}"
1785748085.8946185,fair-base8-w3-r02-u1-055-u2-075,2,0.55,0.75,EQUAL_100,1.0,2,12.084826406018689,12.084826406018689,1.0,0.0,1.0,0.2351735939813098,6.16,5.92482640601869,1.0,0.0,12.50062222,82.214095,0,"{""ue1"": {""delivered_bps"": 6160000.0, ""delivery_ratio"": 1.0, ""offered_bps"": 6160000.0}, ""ue2"": {""delivered_bps"": 5924826.40601869, ""delivery_ratio"": 1.0, ""offered_bps"": 5924826.40601869}, ""ue3"": {""delivered_bps"": 127990.26057475594, ""delivery_ratio"": 1.0, ""jitter_ms"": 12.50062222, ""loss_percent"": 0.0, ""offered_bps"": 127990.26057475594, ""rtt_p95_ms"": 82.214095}}"
1785748091.541268,fair-base8-w3-r02-u1-040-u2-040,2,0.4,0.4,EQUAL_100,1.0,0,8.128571757455852,8.128571757455852,1.0,0.0,1.0,0.3083436248787977,4.218457691167325,3.910114066288527,1.0,0.0,10.914070395973152,44.537971,1,"{""ue1"": {""delivered_bps"": 4218457.691167325, ""delivery_ratio"": 1.0, ""offered_bps"": 4218457.691167325}, ""ue2"": {""delivered_bps"": 3910114.066288527, ""delivery_ratio"": 1.0, ""offered_bps"": 3910114.066288527}, ""ue3"": {""delivered_bps"": 127989.93000640701, ""delivery_ratio"": 1.0, ""jitter_ms"": 10.914070395973152, ""loss_percent"": 0.0, ""offered_bps"": 127989.93000640701, ""rtt_p95_ms"": 44.537971}}"
1785748092.7079153,fair-base8-w3-r02-u1-040-u2-040,2,0.4,0.4,EQUAL_100,1.0,1,7.639907416543301,7.639907416543301,1.0,0.0,1.0,1.3200925834566983,4.48,3.1599074165433017,1.0,0.0,11.049695100671137,44.537971,1,"{""ue1"": {""delivered_bps"": 4480000.0, ""delivery_ratio"": 1.0, ""offered_bps"": 4480000.0}, ""ue2"": {""delivered_bps"": 3159907.4165433017, ""delivery_ratio"": 1.0, ""offered_bps"": 3159907.4165433017}, ""ue3"": {""delivered_bps"": 127989.63603853023, ""delivery_ratio"": 1.0, ""jitter_ms"": 11.049695100671137, ""loss_percent"": 0.0, ""offered_bps"": 127989.63603853023, ""rtt_p95_ms"": 44.537971}}"
1785748093.8927338,fair-base8-w3-r02-u1-040-u2-040,2,0.4,0.4,EQUAL_100,1.0,2,8.96,8.96,1.0,0.0,1.0,0.0,4.48,4.48,1.0,0.0,12.345992648648648,81.294399,0,"{""ue1"": {""delivered_bps"": 4480000.0, ""delivery_ratio"": 1.0, ""offered_bps"": 4480000.0}, ""ue2"": {""delivered_bps"": 4480000.0, ""delivery_ratio"": 1.0, ""offered_bps"": 4480000.0}, ""ue3"": {""delivered_bps"": 125429.61906488378, ""delivery_ratio"": 1.0, ""jitter_ms"": 12.345992648648648, ""loss_percent"": 0.0, ""offered_bps"": 127989.40720906507, ""rtt_p95_ms"": 81.294399}}"
1785748099.5171156,fair-base8-w3-r02-u1-040-u2-040,2,0.4,0.4,LIGHT_85,0.85,0,6.909324101873732,6.909324101873732,1.0,0.0,1.0,0.2621301891832361,3.5857271455284843,3.323596956345248,1.0,0.0,11.23558693243243,48.189804,1,"{""ue1"": {""delivered_bps"": 3585727.145528484, ""delivery_ratio"": 1.0, ""offered_bps"": 3585727.145528484}, ""ue2"": {""delivered_bps"": 3323596.956345248, ""delivery_ratio"": 1.0, ""offered_bps"": 3323596.956345248}, ""ue3"": {""delivered_bps"": 125430.75462434447, ""delivery_ratio"": 1.0, ""jitter_ms"": 11.23558693243243, ""loss_percent"": 0.0, ""offered_bps"": 127990.56594320864, ""rtt_p95_ms"": 48.189804}}"
1785748100.6849995,fair-base8-w3-r02-u1-040-u2-040,2,0.4,0.4,LIGHT_85,0.85,1,7.616,7.616,1.0,0.0,1.0,0.0,3.808,3.808,1.0,0.0,11.147182422818792,48.189804,1,"{""ue1"": {""delivered_bps"": 3808000.0, ""delivery_ratio"": 1.0, ""offered_bps"": 3808000.0}, ""ue2"": {""delivered_bps"": 3808000.0, ""delivery_ratio"": 1.0, ""offered_bps"": 3808000.0}, ""ue3"": {""delivered_bps"": 127991.02078787, ""delivery_ratio"": 1.0, ""jitter_ms"": 11.147182422818792, ""loss_percent"": 0.0, ""offered_bps"": 127991.02078787, ""rtt_p95_ms"": 48.189804}}"
1785748101.8342865,fair-base8-w3-r02-u1-040-u2-040,2,0.4,0.4,LIGHT_85,0.85,2,7.616,7.616,1.0,0.0,1.0,0.0,3.808,3.808,1.0,0.0,10.450741805369134,39.457465,1,"{""ue1"": {""delivered_bps"": 3808000.0, ""delivery_ratio"": 1.0, ""offered_bps"": 3808000.0}, ""ue2"": {""delivered_bps"": 3808000.0, ""delivery_ratio"": 1.0, ""offered_bps"": 3808000.0}, ""ue3"": {""delivered_bps"": 125430.49198966874, ""delivery_ratio"": 1.0, ""jitter_ms"": 10.450741805369134, ""loss_percent"": 0.0, ""offered_bps"": 127990.29794864157, ""rtt_p95_ms"": 39.457465}}"
1785748107.4650576,fair-base8-w3-r02-u1-040-u2-040,2,0.4,0.4,MEDIUM_70,0.7,0,5.689997150857025,5.689997150857025,1.0,0.0,1.0,0.21583745805308782,2.9529173044550565,2.7370798464019686,0.9733333333333334,2.6666666666666665,11.302227611111118,40.50804,0,"{""ue1"": {""delivered_bps"": 2952917.3044550563, ""delivery_ratio"": 1.0, ""offered_bps"": 2952917.3044550563}, ""ue2"": {""delivered_bps"": 2737079.8464019685, ""delivery_ratio"": 1.0, ""offered_bps"": 2737079.8464019685}, ""ue3"": {""delivered_bps"": 117751.29841436444, ""delivery_ratio"": 0.9733333333333334, ""jitter_ms"": 11.302227611111118, ""loss_percent"": 2.6666666666666665, ""offered_bps"": 127990.54175474396, ""rtt_p95_ms"": 40.50804}}"
1785748108.6083224,fair-base8-w3-r02-u1-040-u2-040,2,0.4,0.4,MEDIUM_70,0.7,1,5.34793519158031,5.34793519158031,1.0,0.0,1.0,0.9240648084196886,3.1359999999999997,2.2119351915803107,1.0,0.0,12.098394053691274,69.530294,0,"{""ue1"": {""delivered_bps"": 3135999.9999999995, ""delivery_ratio"": 1.0, ""offered_bps"": 3135999.9999999995}, ""ue2"": {""delivered_bps"": 2211935.191580311, ""delivery_ratio"": 1.0, ""offered_bps"": 2211935.191580311}, ""ue3"": {""delivered_bps"": 138228.78190065938, ""delivery_ratio"": 1.0, ""jitter_ms"": 12.098394053691274, ""loss_percent"": 0.0, ""offered_bps"": 127989.61287098091, ""rtt_p95_ms"": 69.530294}}"
1785748109.7430208,fair-base8-w3-r02-u1-040-u2-040,2,0.4,0.4,MEDIUM_70,0.7,2,6.271999999999999,6.271999999999999,1.0,0.0,1.0,0.0,3.1359999999999997,3.1359999999999997,1.0,0.0,13.220176677852345,93.542131,0,"{""ue1"": {""delivered_bps"": 3135999.9999999995, ""delivery_ratio"": 1.0, ""offered_bps"": 3135999.9999999995}, ""ue2"": {""delivered_bps"": 3135999.9999999995, ""delivery_ratio"": 1.0, ""offered_bps"": 3135999.9999999995}, ""ue3"": {""delivered_bps"": 127989.50204677817, ""delivery_ratio"": 1.0, ""jitter_ms"": 13.220176677852345, ""loss_percent"": 0.0, ""offered_bps"": 127989.50204677817, ""rtt_p95_ms"": 93.542131}}"
1785748115.3653955,fair-base8-w3-r02-u1-040-u2-040,2,0.4,0.4,STRONG_40,0.4,0,3.2514555988790534,3.2514555988790534,1.0,0.0,1.0,0.12336434584823087,1.6874099723636422,1.5640456265154112,1.0,0.0,13.575409691275166,97.717564,0,"{""ue1"": {""delivered_bps"": 1687409.9723636422, ""delivery_ratio"": 1.0, ""offered_bps"": 1687409.9723636422}, ""ue2"": {""delivered_bps"": 1564045.6265154113, ""delivery_ratio"": 1.0, ""offered_bps"": 1564045.6265154113}, ""ue3"": {""delivered_bps"": 130550.47203028458, ""delivery_ratio"": 1.0, ""jitter_ms"": 13.575409691275166, ""loss_percent"": 0.0, ""offered_bps"": 127990.65885322019, ""rtt_p95_ms"": 97.717564}}"
1785748116.5136447,fair-base8-w3-r02-u1-040-u2-040,2,0.4,0.4,STRONG_40,0.4,1,3.0559629666173205,3.0559629666173205,1.0,0.0,1.0,0.5280370333826796,1.7920000000000003,1.2639629666173207,1.0,0.0,12.07120283221477,83.248271,0,"{""ue1"": {""delivered_bps"": 1792000.0000000002, ""delivery_ratio"": 1.0, ""offered_bps"": 1792000.0000000002}, ""ue2"": {""delivered_bps"": 1263962.9666173207, ""delivery_ratio"": 1.0, ""offered_bps"": 1263962.9666173207}, ""ue3"": {""delivered_bps"": 127990.79157352838, ""delivery_ratio"": 1.0, ""jitter_ms"": 12.07120283221477, ""loss_percent"": 0.0, ""offered_bps"": 127990.79157352838, ""rtt_p95_ms"": 83.248271}}"
1785748117.6706035,fair-base8-w3-r02-u1-040-u2-040,2,0.4,0.4,STRONG_40,0.4,2,3.5840000000000005,3.5840000000000005,1.0,0.0,1.0,0.0,1.7920000000000003,1.7920000000000003,1.0,0.0,11.009972362416105,47.510445,1,"{""ue1"": {""delivered_bps"": 1792000.0000000002, ""delivery_ratio"": 1.0, ""offered_bps"": 1792000.0000000002}, ""ue2"": {""delivered_bps"": 1792000.0000000002, ""delivery_ratio"": 1.0, ""offered_bps"": 1792000.0000000002}, ""ue3"": {""delivered_bps"": 125431.03657730765, ""delivery_ratio"": 1.0, ""jitter_ms"": 11.009972362416105, ""loss_percent"": 0.0, ""offered_bps"": 127990.85365031392, ""rtt_p95_ms"": 47.510445}}"
1785748123.2297666,fair-base8-w3-r02-u1-100-u2-025,2,1.0,0.25,LIGHT_85,0.85,0,11.04144878066764,11.04144878066764,1.0,0.0,1.0,6.88695258523608,8.96420068295186,2.07724809771578,1.0,0.0,12.514502641891891,80.194051,0,"{""ue1"": {""delivered_bps"": 8964200.68295186, ""delivery_ratio"": 1.0, ""offered_bps"": 8964200.68295186}, ""ue2"": {""delivered_bps"": 2077248.09771578, ""delivery_ratio"": 1.0, ""offered_bps"": 2077248.09771578}, ""ue3"": {""delivered_bps"": 127990.10176019622, ""delivery_ratio"": 1.0, ""jitter_ms"": 12.514502641891891, ""loss_percent"": 0.0, ""offered_bps"": 127990.10176019622, ""rtt_p95_ms"": 80.194051}}"
1785748124.396522,fair-base8-w3-r02-u1-100-u2-025,2,1.0,0.25,LIGHT_85,0.85,1,11.19870081503863,11.19870081503863,1.0,0.0,1.0,7.841299184961371,9.52,1.6787008150386287,1.0,0.0,10.543394067114093,39.030154,1,"{""ue1"": {""delivered_bps"": 9520000.0, ""delivery_ratio"": 1.0, ""offered_bps"": 9520000.0}, ""ue2"": {""delivered_bps"": 1678700.8150386286, ""delivery_ratio"": 1.0, ""offered_bps"": 1678700.8150386286}, ""ue3"": {""delivered_bps"": 130549.81006139655, ""delivery_ratio"": 1.0, ""jitter_ms"": 10.543394067114093, ""loss_percent"": 0.0, ""offered_bps"": 127990.00986411427, ""rtt_p95_ms"": 39.030154}}"
1785748125.577382,fair-base8-w3-r02-u1-100-u2-025,2,1.0,0.25,LIGHT_85,0.85,2,11.9,11.9,1.0,0.0,1.0,7.14,9.52,2.38,1.0,0.0,10.761561,48.540007,1,"{""ue1"": {""delivered_bps"": 9520000.0, ""delivery_ratio"": 1.0, ""offered_bps"": 9520000.0}, ""ue2"": {""delivered_bps"": 2380000.0, ""delivery_ratio"": 1.0, ""offered_bps"": 2380000.0}, ""ue3"": {""delivered_bps"": 127990.73091220832, ""delivery_ratio"": 1.0, ""jitter_ms"": 10.761561, ""loss_percent"": 0.0, ""offered_bps"": 127990.73091220832, ""rtt_p95_ms"": 48.540007}}"
1785748131.0118449,fair-base8-w3-r02-u1-100-u2-025,2,1.0,0.25,MEDIUM_70,0.7,0,9.092928400666644,9.092928400666644,1.0,0.0,1.0,5.671578592664181,7.382253496665411,1.7106749040012306,1.0,0.0,12.81853267333333,72.98282,0,"{""ue1"": {""delivered_bps"": 7382253.496665412, ""delivery_ratio"": 1.0, ""offered_bps"": 7382253.496665412}, ""ue2"": {""delivered_bps"": 1710674.9040012306, ""delivery_ratio"": 1.0, ""offered_bps"": 1710674.9040012306}, ""ue3"": {""delivered_bps"": 130550.50623866422, ""delivery_ratio"": 1.0, ""jitter_ms"": 12.81853267333333, ""loss_percent"": 0.0, ""offered_bps"": 127990.69239084728, ""rtt_p95_ms"": 72.98282}}"
1785748132.177803,fair-base8-w3-r02-u1-100-u2-025,2,1.0,0.25,MEDIUM_70,0.7,1,9.222459494737693,9.222459494737693,1.0,0.0,1.0,6.457540505262305,7.839999999999999,1.3824594947376942,1.0,0.0,12.832999657718117,97.908025,0,"{""ue1"": {""delivered_bps"": 7839999.999999999, ""delivery_ratio"": 1.0, ""offered_bps"": 7839999.999999999}, ""ue2"": {""delivered_bps"": 1382459.4947376943, ""delivery_ratio"": 1.0, ""offered_bps"": 1382459.4947376943}, ""ue3"": {""delivered_bps"": 127989.62208585402, ""delivery_ratio"": 1.0, ""jitter_ms"": 12.832999657718117, ""loss_percent"": 0.0, ""offered_bps"": 127989.62208585402, ""rtt_p95_ms"": 97.908025}}"
1785748133.3196762,fair-base8-w3-r02-u1-100-u2-025,2,1.0,0.25,MEDIUM_70,0.7,2,9.799999999999999,9.799999999999999,1.0,0.0,1.0,5.879999999999999,7.839999999999999,1.9599999999999997,1.0,0.0,11.760556639999997,72.98282,0,"{""ue1"": {""delivered_bps"": 7839999.999999999, ""delivery_ratio"": 1.0, ""offered_bps"": 7839999.999999999}, ""ue2"": {""delivered_bps"": 1959999.9999999998, ""delivery_ratio"": 1.0, ""offered_bps"": 1959999.9999999998}, ""ue3"": {""delivered_bps"": 127990.57400354906, ""delivery_ratio"": 1.0, ""jitter_ms"": 11.760556639999997, ""loss_percent"": 0.0, ""offered_bps"": 127990.57400354906, ""rtt_p95_ms"": 72.98282}}"
1785748138.7376769,fair-base8-w3-r02-u1-100-u2-025,2,1.0,0.25,EQUAL_100,1.0,0,12.990167113153069,12.990167113153069,1.0,0.0,1.0,8.102524530292408,10.546345821722738,2.4438212914303294,1.0,0.0,11.815406932885905,39.193689,1,"{""ue1"": {""delivered_bps"": 10546345.821722738, ""delivery_ratio"": 1.0, ""offered_bps"": 10546345.821722738}, ""ue2"": {""delivered_bps"": 2443821.2914303294, ""delivery_ratio"": 1.0, ""offered_bps"": 2443821.2914303294}, ""ue3"": {""delivered_bps"": 127993.04767463724, ""delivery_ratio"": 1.0, ""jitter_ms"": 11.815406932885905, ""loss_percent"": 0.0, ""offered_bps"": 127993.04767463724, ""rtt_p95_ms"": 39.193689}}"
1785748139.9086525,fair-base8-w3-r02-u1-100-u2-025,2,1.0,0.25,EQUAL_100,1.0,1,13.174942135339563,13.174942135339563,1.0,0.0,1.0,9.225057864660437,11.2,1.9749421353395633,1.0,0.0,12.230216413333338,73.087104,0,"{""ue1"": {""delivered_bps"": 11200000.0, ""delivery_ratio"": 1.0, ""offered_bps"": 11200000.0}, ""ue2"": {""delivered_bps"": 1974942.1353395632, ""delivery_ratio"": 1.0, ""offered_bps"": 1974942.1353395632}, ""ue3"": {""delivered_bps"": 127989.74111203848, ""delivery_ratio"": 1.0, ""jitter_ms"": 12.230216413333338, ""loss_percent"": 0.0, ""offered_bps"": 127989.74111203848, ""rtt_p95_ms"": 73.087104}}"
1785748141.0631335,fair-base8-w3-r02-u1-100-u2-025,2,1.0,0.25,EQUAL_100,1.0,2,14.0,14.0,1.0,0.0,1.0,8.4,11.2,2.8,1.0,0.0,12.051061865771814,73.087104,0,"{""ue1"": {""delivered_bps"": 11200000.0, ""delivery_ratio"": 1.0, ""offered_bps"": 11200000.0}, ""ue2"": {""delivered_bps"": 2800000.0, ""delivery_ratio"": 1.0, ""offered_bps"": 2800000.0}, ""ue3"": {""delivered_bps"": 125430.860101952, ""delivery_ratio"": 1.0, ""jitter_ms"": 12.051061865771814, ""loss_percent"": 0.0, ""offered_bps"": 127990.6735734204, ""rtt_p95_ms"": 73.087104}}"
1785748146.5207675,fair-base8-w3-r02-u1-100-u2-025,2,1.0,0.25,STRONG_40,0.4,0,5.195986000266216,5.195986000266216,1.0,0.0,1.0,3.240928967121952,4.218457483694084,0.9775285165721318,1.0,0.0,11.315469429530202,39.295046,1,"{""ue1"": {""delivered_bps"": 4218457.483694084, ""delivery_ratio"": 1.0, ""offered_bps"": 4218457.483694084}, ""ue2"": {""delivered_bps"": 977528.5165721318, ""delivery_ratio"": 1.0, ""offered_bps"": 977528.5165721318}, ""ue3"": {""delivered_bps"": 127991.13098149127, ""delivery_ratio"": 1.0, ""jitter_ms"": 11.315469429530202, ""loss_percent"": 0.0, ""offered_bps"": 127991.13098149127, ""rtt_p95_ms"": 39.295046}}"
1785748147.6725502,fair-base8-w3-r02-u1-100-u2-025,2,1.0,0.25,STRONG_40,0.4,1,5.269976854135825,5.269976854135825,1.0,0.0,1.0,3.6900231458641746,4.48,0.7899768541358254,1.0,0.0,12.917889879194634,75.238839,0,"{""ue1"": {""delivered_bps"": 4480000.0, ""delivery_ratio"": 1.0, ""offered_bps"": 4480000.0}, ""ue2"": {""delivered_bps"": 789976.8541358254, ""delivery_ratio"": 1.0, ""offered_bps"": 789976.8541358254}, ""ue3"": {""delivered_bps"": 127990.91431175031, ""delivery_ratio"": 1.0, ""jitter_ms"": 12.917889879194634, ""loss_percent"": 0.0, ""offered_bps"": 127990.91431175031, ""rtt_p95_ms"": 75.238839}}"
1785748148.8483517,fair-base8-w3-r02-u1-100-u2-025,2,1.0,0.25,STRONG_40,0.4,2,5.6,5.6,1.0,0.0,1.0,3.36,4.48,1.12,1.0,0.0,14.108083905405413,92.673317,0,"{""ue1"": {""delivered_bps"": 4480000.0, ""delivery_ratio"": 1.0, ""offered_bps"": 4480000.0}, ""ue2"": {""delivered_bps"": 1120000.0, ""delivery_ratio"": 1.0, ""offered_bps"": 1120000.0}, ""ue3"": {""delivered_bps"": 125429.81685386364, ""delivery_ratio"": 1.0, ""jitter_ms"": 14.108083905405413, ""loss_percent"": 0.0, ""offered_bps"": 127989.60903455474, ""rtt_p95_ms"": 92.673317}}"
1785748154.369536,fair-base8-w3-r02-u1-025-u2-055,2,0.25,0.55,EQUAL_100,1.0,0,8.012970553218286,8.012970553218286,1.0,0.0,1.0,2.7398431290751635,2.636563712071562,5.376406841146725,0.98,2.0,11.915285462068963,47.733031,1,"{""ue1"": {""delivered_bps"": 2636563.7120715617, ""delivery_ratio"": 1.0, ""offered_bps"": 2636563.7120715617}, ""ue2"": {""delivered_bps"": 5376406.841146725, ""delivery_ratio"": 1.0, ""offered_bps"": 5376406.841146725}, ""ue3"": {""delivered_bps"": 115192.19837798196, ""delivery_ratio"": 0.98, ""jitter_ms"": 11.915285462068963, ""loss_percent"": 2.0, ""offered_bps"": 127991.33153109107, ""rtt_p95_ms"": 47.733031}}"
1785748155.51833,fair-base8-w3-r02-u1-025-u2-055,2,0.25,0.55,EQUAL_100,1.0,1,8.96,8.96,1.0,0.0,1.0,3.36,2.8,6.16,1.0,0.0,14.090685806666661,96.076539,0,"{""ue1"": {""delivered_bps"": 2800000.0, ""delivery_ratio"": 1.0, ""offered_bps"": 2800000.0}, ""ue2"": {""delivered_bps"": 6160000.0, ""delivery_ratio"": 1.0, ""offered_bps"": 6160000.0}, ""ue3"": {""delivered_bps"": 140789.32071271405, ""delivery_ratio"": 1.0, ""jitter_ms"": 14.090685806666661, ""loss_percent"": 0.0, ""offered_bps"": 127990.29155701278, ""rtt_p95_ms"": 96.076539}}"
1785748156.6843426,fair-base8-w3-r02-u1-025-u2-055,2,0.25,0.55,EQUAL_100,1.0,2,7.14487269774704,7.14487269774704,1.0,0.0,1.0,1.5448726977470395,2.8,4.344872697747039,1.0,0.0,14.253202228187916,105.642798,0,"{""ue1"": {""delivered_bps"": 2800000.0, ""delivery_ratio"": 1.0, ""offered_bps"": 2800000.0}, ""ue2"": {""delivered_bps"": 4344872.69774704, ""delivery_ratio"": 1.0, ""offered_bps"": 4344872.69774704}, ""ue3"": {""delivered_bps"": 127990.72373833871, ""delivery_ratio"": 1.0, ""jitter_ms"": 14.253202228187916, ""loss_percent"": 0.0, ""offered_bps"": 127990.72373833871, ""rtt_p95_ms"": 105.642798}}"
1785748162.0472717,fair-base8-w3-r02-u1-025-u2-055,2,0.25,0.55,MEDIUM_70,0.7,0,5.609043000095954,5.609043000095954,1.0,0.0,1.0,1.917926577509461,1.8455582112932465,3.7634847888027076,1.0,0.0,11.175969173333334,42.870882,1,"{""ue1"": {""delivered_bps"": 1845558.2112932466, ""delivery_ratio"": 1.0, ""offered_bps"": 1845558.2112932466}, ""ue2"": {""delivered_bps"": 3763484.7888027076, ""delivery_ratio"": 1.0, ""offered_bps"": 3763484.7888027076}, ""ue3"": {""delivered_bps"": 127991.18882725874, ""delivery_ratio"": 1.0, ""jitter_ms"": 11.175969173333334, ""loss_percent"": 0.0, ""offered_bps"": 127991.18882725874, ""rtt_p95_ms"": 42.870882}}"
1785748163.1754432,fair-base8-w3-r02-u1-025-u2-055,2,0.25,0.55,MEDIUM_70,0.7,1,6.271999999999999,6.271999999999999,1.0,0.0,1.0,2.351999999999999,1.9599999999999997,4.311999999999999,1.0,0.0,11.196852662162163,38.160807,1,"{""ue1"": {""delivered_bps"": 1959999.9999999998, ""delivery_ratio"": 1.0, ""offered_bps"": 1959999.9999999998}, ""ue2"": {""delivered_bps"": 4311999.999999999, ""delivery_ratio"": 1.0, ""offered_bps"": 4311999.999999999}, ""ue3"": {""delivered_bps"": 125431.79350036358, ""delivery_ratio"": 1.0, ""jitter_ms"": 11.196852662162163, ""loss_percent"": 0.0, ""offered_bps"": 127991.62602077916, ""rtt_p95_ms"": 38.160807}}"
1785748164.332305,fair-base8-w3-r02-u1-025-u2-055,2,0.25,0.55,MEDIUM_70,0.7,2,5.001410888422928,5.001410888422928,1.0,0.0,1.0,1.081410888422928,1.9599999999999997,3.0414108884229276,1.0,0.0,10.751449657718123,37.396078,1,"{""ue1"": {""delivered_bps"": 1959999.9999999998, ""delivery_ratio"": 1.0, ""offered_bps"": 1959999.9999999998}, ""ue2"": {""delivered_bps"": 3041410.888422928, ""delivery_ratio"": 1.0, ""offered_bps"": 3041410.888422928}, ""ue3"": {""delivered_bps"": 130551.34588447971, ""delivery_ratio"": 1.0, ""jitter_ms"": 10.751449657718123, ""loss_percent"": 0.0, ""offered_bps"": 127991.51557301934, ""rtt_p95_ms"": 37.396078}}"
1785748169.6687102,fair-base8-w3-r02-u1-025-u2-055,2,0.25,0.55,LIGHT_85,0.85,0,6.811002314411062,6.811002314411062,1.0,0.0,1.0,2.328889315538372,2.241056499436345,4.569945814974717,1.0,0.0,10.9542539328859,38.93021,1,"{""ue1"": {""delivered_bps"": 2241056.499436345, ""delivery_ratio"": 1.0, ""offered_bps"": 2241056.499436345}, ""ue2"": {""delivered_bps"": 4569945.814974717, ""delivery_ratio"": 1.0, ""offered_bps"": 4569945.814974717}, ""ue3"": {""delivered_bps"": 125431.71962549751, ""delivery_ratio"": 1.0, ""jitter_ms"": 10.9542539328859, ""loss_percent"": 0.0, ""offered_bps"": 127991.55063826278, ""rtt_p95_ms"": 38.93021}}"
1785748170.8175023,fair-base8-w3-r02-u1-025-u2-055,2,0.25,0.55,LIGHT_85,0.85,1,7.616,7.616,1.0,0.0,1.0,2.856,2.38,5.236,1.0,0.0,11.440801711409396,43.591647,1,"{""ue1"": {""delivered_bps"": 2380000.0, ""delivery_ratio"": 1.0, ""offered_bps"": 2380000.0}, ""ue2"": {""delivered_bps"": 5236000.0, ""delivery_ratio"": 1.0, ""offered_bps"": 5236000.0}, ""ue3"": {""delivered_bps"": 130550.53900334852, ""delivery_ratio"": 1.0, ""jitter_ms"": 11.440801711409396, ""loss_percent"": 0.0, ""offered_bps"": 127990.72451308678, ""rtt_p95_ms"": 43.591647}}"
1785748171.9443686,fair-base8-w3-r02-u1-025-u2-055,2,0.25,0.55,LIGHT_85,0.85,2,7.616,7.616,1.0,0.0,1.0,2.856,2.38,5.236,1.0,0.0,9.92789142666666,39.11679,1,"{""ue1"": {""delivered_bps"": 2380000.0, ""delivery_ratio"": 1.0, ""offered_bps"": 2380000.0}, ""ue2"": {""delivered_bps"": 5236000.0, ""delivery_ratio"": 1.0, ""offered_bps"": 5236000.0}, ""ue3"": {""delivered_bps"": 130546.83460862479, ""delivery_ratio"": 1.0, ""jitter_ms"": 9.92789142666666, ""loss_percent"": 0.0, ""offered_bps"": 127987.09275355372, ""rtt_p95_ms"": 39.11679}}"
1785748177.3105125,fair-base8-w3-r02-u1-025-u2-055,2,0.25,0.55,STRONG_40,0.4,0,3.205178389345472,3.205178389345472,1.0,0.0,1.0,1.0959470835719092,1.0546156528867812,2.1505627364586903,1.0,0.0,11.000394040268459,39.070984,1,"{""ue1"": {""delivered_bps"": 1054615.6528867811, ""delivery_ratio"": 1.0, ""offered_bps"": 1054615.6528867811}, ""ue2"": {""delivered_bps"": 2150562.7364586904, ""delivery_ratio"": 1.0, ""offered_bps"": 2150562.7364586904}, ""ue3"": {""delivered_bps"": 130550.19842468042, ""delivery_ratio"": 1.0, ""jitter_ms"": 11.000394040268459, ""loss_percent"": 0.0, ""offered_bps"": 127990.39061243179, ""rtt_p95_ms"": 39.070984}}"
1785748178.4530928,fair-base8-w3-r02-u1-025-u2-055,2,0.25,0.55,STRONG_40,0.4,1,3.584,3.584,1.0,0.0,1.0,1.344,1.12,2.464,1.0,0.0,9.81936622297297,34.837623,1,"{""ue1"": {""delivered_bps"": 1120000.0, ""delivery_ratio"": 1.0, ""offered_bps"": 1120000.0}, ""ue2"": {""delivered_bps"": 2464000.0, ""delivery_ratio"": 1.0, ""offered_bps"": 2464000.0}, ""ue3"": {""delivered_bps"": 125430.30222904318, ""delivery_ratio"": 1.0, ""jitter_ms"": 9.81936622297297, ""loss_percent"": 0.0, ""offered_bps"": 127990.10431535018, ""rtt_p95_ms"": 34.837623}}"
1785748179.5943387,fair-base8-w3-r02-u1-025-u2-055,2,0.25,0.55,STRONG_40,0.4,2,3.584,3.584,1.0,0.0,1.0,1.344,1.12,2.464,1.0,0.0,10.38312198,35.280969,1,"{""ue1"": {""delivered_bps"": 1120000.0, ""delivery_ratio"": 1.0, ""offered_bps"": 1120000.0}, ""ue2"": {""delivered_bps"": 2464000.0, ""delivery_ratio"": 1.0, ""offered_bps"": 2464000.0}, ""ue3"": {""delivered_bps"": 130550.93140579214, ""delivery_ratio"": 1.0, ""jitter_ms"": 10.38312198, ""loss_percent"": 0.0, ""offered_bps"": 127991.10922136484, ""rtt_p95_ms"": 35.280969}}"
1785748184.9905322,fair-base8-w3-r02-u1-025-u2-100,2,0.25,1.0,EQUAL_100,1.0,0,12.411837165649287,12.411837165649287,1.0,0.0,1.0,7.138733165793348,2.6365519999279696,9.775285165721318,1.0,0.0,13.652651560810813,107.842246,0,"{""ue1"": {""delivered_bps"": 2636551.9999279696, ""delivery_ratio"": 1.0, ""offered_bps"": 2636551.9999279696}, ""ue2"": {""delivered_bps"": 9775285.165721318, ""delivery_ratio"": 1.0, ""offered_bps"": 9775285.165721318}, ""ue3"": {""delivered_bps"": 127987.06896120278, ""delivery_ratio"": 1.0, ""jitter_ms"": 13.652651560810813, ""loss_percent"": 0.0, ""offered_bps"": 127987.06896120278, ""rtt_p95_ms"": 107.842246}}"
1785748186.129103,fair-base8-w3-r02-u1-025-u2-100,2,0.25,1.0,EQUAL_100,1.0,1,14.0,14.0,1.0,0.0,1.0,8.4,2.8,11.2,1.0,0.0,12.22659665100671,103.20039,0,"{""ue1"": {""delivered_bps"": 2800000.0, ""delivery_ratio"": 1.0, ""offered_bps"": 2800000.0}, ""ue2"": {""delivered_bps"": 11200000.0, ""delivery_ratio"": 1.0, ""offered_bps"": 11200000.0}, ""ue3"": {""delivered_bps"": 127988.06101439381, ""delivery_ratio"": 1.0, ""jitter_ms"": 12.22659665100671, ""loss_percent"": 0.0, ""offered_bps"": 127988.06101439381, ""rtt_p95_ms"": 103.20039}}"
1785748187.2841601,fair-base8-w3-r02-u1-025-u2-100,2,0.25,1.0,EQUAL_100,1.0,2,10.699768541358253,10.699768541358253,1.0,0.0,1.0,5.099768541358253,2.8,7.899768541358253,1.0,0.0,11.834614219999995,84.302363,0,"{""ue1"": {""delivered_bps"": 2800000.0, ""delivery_ratio"": 1.0, ""offered_bps"": 2800000.0}, ""ue2"": {""delivered_bps"": 7899768.541358253, ""delivery_ratio"": 1.0, ""offered_bps"": 7899768.541358253}, ""ue3"": {""delivered_bps"": 130550.51746163053, ""delivery_ratio"": 1.0, ""jitter_ms"": 11.834614219999995, ""loss_percent"": 0.0, ""offered_bps"": 127990.70339375542, ""rtt_p95_ms"": 84.302363}}"
1785748192.724282,fair-base8-w3-r02-u1-025-u2-100,2,0.25,1.0,LIGHT_85,0.85,0,10.550046070967522,10.550046070967522,1.0,0.0,1.0,6.067938710758718,2.2410536801044008,8.30899239086312,1.0,0.0,10.32281458389262,36.518748,1,"{""ue1"": {""delivered_bps"": 2241053.680104401, ""delivery_ratio"": 1.0, ""offered_bps"": 2241053.680104401}, ""ue2"": {""delivered_bps"": 8308992.39086312, ""delivery_ratio"": 1.0, ""offered_bps"": 8308992.39086312}, ""ue3"": {""delivered_bps"": 130551.01195032896, ""delivery_ratio"": 1.0, ""jitter_ms"": 10.32281458389262, ""loss_percent"": 0.0, ""offered_bps"": 127991.18818659702, ""rtt_p95_ms"": 36.518748}}"
1785748193.9188313,fair-base8-w3-r02-u1-025-u2-100,2,0.25,1.0,LIGHT_85,0.85,1,11.9,11.9,1.0,0.0,1.0,7.14,2.38,9.52,1.0,0.0,9.83643456375839,37.67573,1,"{""ue1"": {""delivered_bps"": 2380000.0, ""delivery_ratio"": 1.0, ""offered_bps"": 2380000.0}, ""ue2"": {""delivered_bps"": 9520000.0, ""delivery_ratio"": 1.0, ""offered_bps"": 9520000.0}, ""ue3"": {""delivered_bps"": 125431.23749539294, ""delivery_ratio"": 1.0, ""jitter_ms"": 9.83643456375839, ""loss_percent"": 0.0, ""offered_bps"": 127991.0586687683, ""rtt_p95_ms"": 37.67573}}"
1785748195.05685,fair-base8-w3-r02-u1-025-u2-100,2,0.25,1.0,LIGHT_85,0.85,2,9.094803260154515,9.094803260154515,1.0,0.0,1.0,4.334803260154515,2.38,6.714803260154515,1.0,0.0,9.637857812080531,39.136187,1,"{""ue1"": {""delivered_bps"": 2380000.0, ""delivery_ratio"": 1.0, ""offered_bps"": 2380000.0}, ""ue2"": {""delivered_bps"": 6714803.260154515, ""delivery_ratio"": 1.0, ""offered_bps"": 6714803.260154515}, ""ue3"": {""delivered_bps"": 130548.9881925851, ""delivery_ratio"": 1.0, ""jitter_ms"": 9.637857812080531, ""loss_percent"": 0.0, ""offered_bps"": 127989.20411037754, ""rtt_p95_ms"": 39.136187}}"
1785748200.5148587,fair-base8-w3-r02-u1-025-u2-100,2,0.25,1.0,STRONG_40,0.4,0,4.964727767891161,4.964727767891161,1.0,0.0,1.0,2.8555003646858936,1.0546137016026336,3.910114066288527,1.0,0.0,13.108341466216213,92.931537,0,"{""ue1"": {""delivered_bps"": 1054613.7016026336, ""delivery_ratio"": 1.0, ""offered_bps"": 1054613.7016026336}, ""ue2"": {""delivered_bps"": 3910114.066288527, ""delivery_ratio"": 1.0, ""offered_bps"": 3910114.066288527}, ""ue3"": {""delivered_bps"": 125431.06315852677, ""delivery_ratio"": 1.0, ""jitter_ms"": 13.108341466216213, ""loss_percent"": 0.0, ""offered_bps"": 127990.88077400692, ""rtt_p95_ms"": 92.931537}}"
1785748201.680623,fair-base8-w3-r02-u1-025-u2-100,2,0.25,1.0,STRONG_40,0.4,1,5.6,5.6,1.0,0.0,1.0,3.36,1.12,4.48,1.0,0.0,12.604223071428569,86.205629,0,"{""ue1"": {""delivered_bps"": 1120000.0, ""delivery_ratio"": 1.0, ""offered_bps"": 1120000.0}, ""ue2"": {""delivered_bps"": 4480000.0, ""delivery_ratio"": 1.0, ""offered_bps"": 4480000.0}, ""ue3"": {""delivered_bps"": 130549.30331806964, ""delivery_ratio"": 1.0, ""jitter_ms"": 12.604223071428569, ""loss_percent"": 0.0, ""offered_bps"": 127989.51305693103, ""rtt_p95_ms"": 86.205629}}"
1785748202.8236861,fair-base8-w3-r02-u1-025-u2-100,2,0.25,1.0,STRONG_40,0.4,2,5.6,5.6,1.0,0.0,1.0,3.36,1.12,4.48,1.0,0.0,11.291853785234897,41.763372,1,"{""ue1"": {""delivered_bps"": 1120000.0, ""delivery_ratio"": 1.0, ""offered_bps"": 1120000.0}, ""ue2"": {""delivered_bps"": 4480000.0, ""delivery_ratio"": 1.0, ""offered_bps"": 4480000.0}, ""ue3"": {""delivered_bps"": 127990.97433258464, ""delivery_ratio"": 1.0, ""jitter_ms"": 11.291853785234897, ""loss_percent"": 0.0, ""offered_bps"": 127990.97433258464, ""rtt_p95_ms"": 41.763372}}"
1785748208.2415211,fair-base8-w3-r02-u1-025-u2-100,2,0.25,1.0,MEDIUM_70,0.7,0,8.688258490197176,8.688258490197176,1.0,0.0,1.0,4.99714074181267,1.845558874192253,6.842699616004922,1.0,0.0,11.290225614864864,39.355778,1,"{""ue1"": {""delivered_bps"": 1845558.874192253, ""delivery_ratio"": 1.0, ""offered_bps"": 1845558.874192253}, ""ue2"": {""delivered_bps"": 6842699.616004922, ""delivery_ratio"": 1.0, ""offered_bps"": 6842699.616004922}, ""ue3"": {""delivered_bps"": 127988.61182482899, ""delivery_ratio"": 1.0, ""jitter_ms"": 11.290225614864864, ""loss_percent"": 0.0, ""offered_bps"": 127988.61182482899, ""rtt_p95_ms"": 39.355778}}"
1785748209.4476972,fair-base8-w3-r02-u1-025-u2-100,2,0.25,1.0,MEDIUM_70,0.7,1,9.799999999999999,9.799999999999999,1.0,0.0,1.0,5.879999999999999,1.9599999999999997,7.839999999999999,1.0,0.0,10.642144516778515,37.630526,1,"{""ue1"": {""delivered_bps"": 1959999.9999999998, ""delivery_ratio"": 1.0, ""offered_bps"": 1959999.9999999998}, ""ue2"": {""delivered_bps"": 7839999.999999999, ""delivery_ratio"": 1.0, ""offered_bps"": 7839999.999999999}, ""ue3"": {""delivered_bps"": 130546.64390520465, ""delivery_ratio"": 1.0, ""jitter_ms"": 10.642144516778515, ""loss_percent"": 0.0, ""offered_bps"": 127986.90578941633, ""rtt_p95_ms"": 37.630526}}"
1785748210.602219,fair-base8-w3-r02-u1-025-u2-100,2,0.25,1.0,MEDIUM_70,0.7,2,7.489837978950777,7.489837978950777,1.0,0.0,1.0,3.569837978950777,1.9599999999999997,5.529837978950777,1.0,0.0,10.399367570469803,35.98661,1,"{""ue1"": {""delivered_bps"": 1959999.9999999998, ""delivery_ratio"": 1.0, ""offered_bps"": 1959999.9999999998}, ""ue2"": {""delivered_bps"": 5529837.978950777, ""delivery_ratio"": 1.0, ""offered_bps"": 5529837.978950777}, ""ue3"": {""delivered_bps"": 125430.6966803605, ""delivery_ratio"": 1.0, ""jitter_ms"": 10.399367570469803, ""loss_percent"": 0.0, ""offered_bps"": 127990.50681669438, ""rtt_p95_ms"": 35.98661}}"
1785748216.1950898,fair-base8-w3-r02-u1-055-u2-025,2,0.55,0.25,EQUAL_100,1.0,0,8.244186257835956,8.244186257835956,1.0,0.0,1.0,3.356543674975297,5.800364966405627,2.4438212914303294,1.0,0.0,9.827077013513517,40.5197,1,"{""ue1"": {""delivered_bps"": 5800364.966405626, ""delivery_ratio"": 1.0, ""offered_bps"": 5800364.966405626}, ""ue2"": {""delivered_bps"": 2443821.2914303294, ""delivery_ratio"": 1.0, ""offered_bps"": 2443821.2914303294}, ""ue3"": {""delivered_bps"": 125430.11622870716, ""delivery_ratio"": 1.0, ""jitter_ms"": 9.827077013513517, ""loss_percent"": 0.0, ""offered_bps"": 127989.91451908895, ""rtt_p95_ms"": 40.5197}}"
1785748217.3726172,fair-base8-w3-r02-u1-055-u2-025,2,0.55,0.25,EQUAL_100,1.0,1,8.96,8.96,1.0,0.0,1.0,3.36,6.16,2.8,1.0,0.0,9.601597926174499,39.25445,1,"{""ue1"": {""delivered_bps"": 6160000.0, ""delivery_ratio"": 1.0, ""offered_bps"": 6160000.0}, ""ue2"": {""delivered_bps"": 2800000.0, ""delivery_ratio"": 1.0, ""offered_bps"": 2800000.0}, ""ue3"": {""delivered_bps"": 130550.2914981755, ""delivery_ratio"": 1.0, ""jitter_ms"": 9.601597926174499, ""loss_percent"": 0.0, ""offered_bps"": 127990.48186095638, ""rtt_p95_ms"": 39.25445}}"
1785748218.557188,fair-base8-w3-r02-u1-055-u2-025,2,0.55,0.25,EQUAL_100,1.0,2,8.134942135339564,8.134942135339564,1.0,0.0,1.0,4.185057864660437,6.16,1.9749421353395633,1.0,0.0,11.464567590604036,79.562957,0,"{""ue1"": {""delivered_bps"": 6160000.0, ""delivery_ratio"": 1.0, ""offered_bps"": 6160000.0}, ""ue2"": {""delivered_bps"": 1974942.1353395632, ""delivery_ratio"": 1.0, ""offered_bps"": 1974942.1353395632}, ""ue3"": {""delivered_bps"": 127989.26515761555, ""delivery_ratio"": 1.0, ""jitter_ms"": 11.464567590604036, ""loss_percent"": 0.0, ""offered_bps"": 127989.26515761555, ""rtt_p95_ms"": 79.562957}}"
1785748224.3785944,fair-base8-w3-r02-u1-055-u2-025,2,0.55,0.25,LIGHT_85,0.85,0,7.007524579426736,7.007524579426736,1.0,0.0,1.0,2.8530283839951753,4.930276481710956,2.07724809771578,1.0,0.0,10.743612275167784,38.578161,1,"{""ue1"": {""delivered_bps"": 4930276.4817109555, ""delivery_ratio"": 1.0, ""offered_bps"": 4930276.4817109555}, ""ue2"": {""delivered_bps"": 2077248.09771578, ""delivery_ratio"": 1.0, ""offered_bps"": 2077248.09771578}, ""ue3"": {""delivered_bps"": 127990.72028921996, ""delivery_ratio"": 1.0, ""jitter_ms"": 10.743612275167784, ""loss_percent"": 0.0, ""offered_bps"": 127990.72028921996, ""rtt_p95_ms"": 38.578161}}"
1785748225.5474958,fair-base8-w3-r02-u1-055-u2-025,2,0.55,0.25,LIGHT_85,0.85,1,7.616,7.616,1.0,0.0,1.0,2.856,5.236,2.38,1.0,0.0,10.066439087248314,37.34009,1,"{""ue1"": {""delivered_bps"": 5236000.0, ""delivery_ratio"": 1.0, ""offered_bps"": 5236000.0}, ""ue2"": {""delivered_bps"": 2380000.0, ""delivery_ratio"": 1.0, ""offered_bps"": 2380000.0}, ""ue3"": {""delivered_bps"": 127988.11105807705, ""delivery_ratio"": 1.0, ""jitter_ms"": 10.066439087248314, ""loss_percent"": 0.0, ""offered_bps"": 127988.11105807705, ""rtt_p95_ms"": 37.34009}}"
1785748226.7644687,fair-base8-w3-r02-u1-055-u2-025,2,0.55,0.25,LIGHT_85,0.85,2,7.616,7.616,1.0,0.0,1.0,2.856,5.236,2.38,1.0,0.0,11.047646744966444,66.775038,0,"{""ue1"": {""delivered_bps"": 5236000.0, ""delivery_ratio"": 1.0, ""offered_bps"": 5236000.0}, ""ue2"": {""delivered_bps"": 2380000.0, ""delivery_ratio"": 1.0, ""offered_bps"": 2380000.0}, ""ue3"": {""delivered_bps"": 127991.28494893751, ""delivery_ratio"": 1.0, ""jitter_ms"": 11.047646744966444, ""loss_percent"": 0.0, ""offered_bps"": 127991.28494893751, ""rtt_p95_ms"": 66.775038}}"
1785748232.2978835,fair-base8-w3-r02-u1-055-u2-025,2,0.55,0.25,STRONG_40,0.4,0,3.297662957294843,3.297662957294843,1.0,0.0,1.0,1.3426059241505792,2.320134440722711,0.9775285165721318,1.0,0.0,11.019749469798654,35.267559,1,"{""ue1"": {""delivered_bps"": 2320134.440722711, ""delivery_ratio"": 1.0, ""offered_bps"": 2320134.440722711}, ""ue2"": {""delivered_bps"": 977528.5165721318, ""delivery_ratio"": 1.0, ""offered_bps"": 977528.5165721318}, ""ue3"": {""delivered_bps"": 127991.32871515311, ""delivery_ratio"": 1.0, ""jitter_ms"": 11.019749469798654, ""loss_percent"": 0.0, ""offered_bps"": 127991.32871515311, ""rtt_p95_ms"": 35.267559}}"
1785748233.451242,fair-base8-w3-r02-u1-055-u2-025,2,0.55,0.25,STRONG_40,0.4,1,3.584,3.584,1.0,0.0,1.0,1.344,2.464,1.12,1.0,0.0,10.355294120805363,35.104786,1,"{""ue1"": {""delivered_bps"": 2464000.0, ""delivery_ratio"": 1.0, ""offered_bps"": 2464000.0}, ""ue2"": {""delivered_bps"": 1120000.0, ""delivery_ratio"": 1.0, ""offered_bps"": 1120000.0}, ""ue3"": {""delivered_bps"": 127989.1595783351, ""delivery_ratio"": 1.0, ""jitter_ms"": 10.355294120805363, ""loss_percent"": 0.0, ""offered_bps"": 127989.1595783351, ""rtt_p95_ms"": 35.104786}}"
1785748234.625504,fair-base8-w3-r02-u1-055-u2-025,2,0.55,0.25,STRONG_40,0.4,2,3.584,3.584,1.0,0.0,1.0,1.344,2.464,1.12,1.0,0.0,9.741883483221473,35.104786,1,"{""ue1"": {""delivered_bps"": 2464000.0, ""delivery_ratio"": 1.0, ""offered_bps"": 2464000.0}, ""ue2"": {""delivered_bps"": 1120000.0, ""delivery_ratio"": 1.0, ""offered_bps"": 1120000.0}, ""ue3"": {""delivered_bps"": 127991.11754250783, ""delivery_ratio"": 1.0, ""jitter_ms"": 9.741883483221473, ""loss_percent"": 0.0, ""offered_bps"": 127991.11754250783, ""rtt_p95_ms"": 35.104786}}"
1785748240.1127732,fair-base8-w3-r02-u1-055-u2-025,2,0.55,0.25,MEDIUM_70,0.7,0,5.771001242061321,5.771001242061321,1.0,0.0,1.0,2.34965143405886,4.060326338060091,1.7106749040012306,1.0,0.0,13.073582912751677,95.371295,0,"{""ue1"": {""delivered_bps"": 4060326.338060091, ""delivery_ratio"": 1.0, ""offered_bps"": 4060326.338060091}, ""ue2"": {""delivered_bps"": 1710674.9040012306, ""delivery_ratio"": 1.0, ""offered_bps"": 1710674.9040012306}, ""ue3"": {""delivered_bps"": 130549.09536684013, ""delivery_ratio"": 1.0, ""jitter_ms"": 13.073582912751677, ""loss_percent"": 0.0, ""offered_bps"": 127989.3091831766, ""rtt_p95_ms"": 95.371295}}"
1785748241.2786806,fair-base8-w3-r02-u1-055-u2-025,2,0.55,0.25,MEDIUM_70,0.7,1,6.271999999999999,6.271999999999999,1.0,0.0,1.0,2.351999999999999,4.311999999999999,1.9599999999999997,1.0,0.0,11.849211630872482,67.580513,0,"{""ue1"": {""delivered_bps"": 4311999.999999999, ""delivery_ratio"": 1.0, ""offered_bps"": 4311999.999999999}, ""ue2"": {""delivered_bps"": 1959999.9999999998, ""delivery_ratio"": 1.0, ""offered_bps"": 1959999.9999999998}, ""ue3"": {""delivered_bps"": 125431.2119142747, ""delivery_ratio"": 1.0, ""jitter_ms"": 11.849211630872482, ""loss_percent"": 0.0, ""offered_bps"": 127991.03256558643, ""rtt_p95_ms"": 67.580513}}"
1785748242.4751625,fair-base8-w3-r02-u1-055-u2-025,2,0.55,0.25,MEDIUM_70,0.7,2,6.271999999999999,6.271999999999999,1.0,0.0,1.0,2.351999999999999,4.311999999999999,1.9599999999999997,1.0,0.0,10.947950536912753,38.745275,1,"{""ue1"": {""delivered_bps"": 4311999.999999999, ""delivery_ratio"": 1.0, ""offered_bps"": 4311999.999999999}, ""ue2"": {""delivered_bps"": 1959999.9999999998, ""delivery_ratio"": 1.0, ""offered_bps"": 1959999.9999999998}, ""ue3"": {""delivered_bps"": 127990.03891684965, ""delivery_ratio"": 1.0, ""jitter_ms"": 10.947950536912753, ""loss_percent"": 0.0, ""offered_bps"": 127990.03891684965, ""rtt_p95_ms"": 38.745275}}"
1785748248.066923,fair-base8-w3-r02-u1-100-u2-015,2,1.0,0.15,EQUAL_100,1.0,0,12.012525258808163,12.012525258808163,1.0,0.0,1.0,9.079939709091768,10.546232483949964,1.4662927748581975,1.0,0.0,14.428622979865768,108.162526,0,"{""ue1"": {""delivered_bps"": 10546232.483949965, ""delivery_ratio"": 1.0, ""offered_bps"": 10546232.483949965}, ""ue2"": {""delivered_bps"": 1466292.7748581974, ""delivery_ratio"": 1.0, ""offered_bps"": 1466292.7748581974}, ""ue3"": {""delivered_bps"": 127989.08778184213, ""delivery_ratio"": 1.0, ""jitter_ms"": 14.428622979865768, ""loss_percent"": 0.0, ""offered_bps"": 127989.08778184213, ""rtt_p95_ms"": 108.162526}}"
1785748249.2106965,fair-base8-w3-r02-u1-100-u2-015,2,1.0,0.15,EQUAL_100,1.0,1,12.384965281203737,12.384965281203737,1.0,0.0,1.0,10.015034718796263,11.2,1.184965281203738,1.0,0.0,12.007786744966442,68.25561,0,"{""ue1"": {""delivered_bps"": 11200000.0, ""delivery_ratio"": 1.0, ""offered_bps"": 11200000.0}, ""ue2"": {""delivered_bps"": 1184965.281203738, ""delivery_ratio"": 1.0, ""offered_bps"": 1184965.281203738}, ""ue3"": {""delivered_bps"": 127989.69042643381, ""delivery_ratio"": 1.0, ""jitter_ms"": 12.007786744966442, ""loss_percent"": 0.0, ""offered_bps"": 127989.69042643381, ""rtt_p95_ms"": 68.25561}}"
1785748250.387451,fair-base8-w3-r02-u1-100-u2-015,2,1.0,0.15,EQUAL_100,1.0,2,12.88,12.88,1.0,0.0,1.0,9.52,11.2,1.68,1.0,0.0,12.36352712751677,74.730119,0,"{""ue1"": {""delivered_bps"": 11200000.0, ""delivery_ratio"": 1.0, ""offered_bps"": 11200000.0}, ""ue2"": {""delivered_bps"": 1680000.0, ""delivery_ratio"": 1.0, ""offered_bps"": 1680000.0}, ""ue3"": {""delivered_bps"": 127990.68918756362, ""delivery_ratio"": 1.0, ""jitter_ms"": 12.36352712751677, ""loss_percent"": 0.0, ""offered_bps"": 127990.68918756362, ""rtt_p95_ms"": 74.730119}}"
1785748255.6883724,fair-base8-w3-r02-u1-100-u2-015,2,1.0,0.15,STRONG_40,0.4,0,5.196012735437083,5.196012735437083,1.0,0.0,1.0,3.2409557022928195,4.218484218864951,0.9775285165721318,1.0,0.0,11.100900959731547,39.24332,1,"{""ue1"": {""delivered_bps"": 4218484.218864951, ""delivery_ratio"": 1.0, ""offered_bps"": 4218484.218864951}, ""ue2"": {""delivered_bps"": 977528.5165721318, ""delivery_ratio"": 1.0, ""offered_bps"": 977528.5165721318}, ""ue3"": {""delivered_bps"": 127991.64048046559, ""delivery_ratio"": 1.0, ""jitter_ms"": 11.100900959731547, ""loss_percent"": 0.0, ""offered_bps"": 127991.64048046559, ""rtt_p95_ms"": 39.24332}}"
1785748256.8192208,fair-base8-w3-r02-u1-100-u2-015,2,1.0,0.15,STRONG_40,0.4,1,5.269976854135825,5.269976854135825,1.0,0.0,1.0,3.6900231458641746,4.48,0.7899768541358254,1.0,0.0,10.940525087248323,39.24332,1,"{""ue1"": {""delivered_bps"": 4480000.0, ""delivery_ratio"": 1.0, ""offered_bps"": 4480000.0}, ""ue2"": {""delivered_bps"": 789976.8541358254, ""delivery_ratio"": 1.0, ""offered_bps"": 789976.8541358254}, ""ue3"": {""delivered_bps"": 127990.00923091377, ""delivery_ratio"": 1.0, ""jitter_ms"": 10.940525087248323, ""loss_percent"": 0.0, ""offered_bps"": 127990.00923091377, ""rtt_p95_ms"": 39.24332}}"
1785748257.9473715,fair-base8-w3-r02-u1-100-u2-015,2,1.0,0.15,STRONG_40,0.4,2,5.6,5.6,1.0,0.0,1.0,3.36,4.48,1.12,1.0,0.0,10.41598630201342,37.129833,1,"{""ue1"": {""delivered_bps"": 4480000.0, ""delivery_ratio"": 1.0, ""offered_bps"": 4480000.0}, ""ue2"": {""delivered_bps"": 1120000.0, ""delivery_ratio"": 1.0, ""offered_bps"": 1120000.0}, ""ue3"": {""delivered_bps"": 130550.39919126673, ""delivery_ratio"": 1.0, ""jitter_ms"": 10.41598630201342, ""loss_percent"": 0.0, ""offered_bps"": 127990.58744241836, ""rtt_p95_ms"": 37.129833}}"
1785748263.2798305,fair-base8-w3-r02-u1-100-u2-015,2,1.0,0.15,LIGHT_85,0.85,0,10.21053160293424,10.21053160293424,1.0,0.0,1.0,7.717833885675306,8.964182744304773,1.246348858629468,1.0,0.0,13.259096677852341,92.138837,0,"{""ue1"": {""delivered_bps"": 8964182.744304774, ""delivery_ratio"": 1.0, ""offered_bps"": 8964182.744304774}, ""ue2"": {""delivered_bps"": 1246348.858629468, ""delivery_ratio"": 1.0, ""offered_bps"": 1246348.858629468}, ""ue3"": {""delivered_bps"": 135669.13832347014, ""delivery_ratio"": 1.0, ""jitter_ms"": 13.259096677852341, ""loss_percent"": 0.0, ""offered_bps"": 127989.75313534918, ""rtt_p95_ms"": 92.138837}}"
1785748264.4047966,fair-base8-w3-r02-u1-100-u2-015,2,1.0,0.15,LIGHT_85,0.85,1,10.527220489023177,10.527220489023177,1.0,0.0,1.0,8.512779510976824,9.52,1.0072204890231773,1.0,0.0,12.637206932432433,63.812839,0,"{""ue1"": {""delivered_bps"": 9520000.0, ""delivery_ratio"": 1.0, ""offered_bps"": 9520000.0}, ""ue2"": {""delivered_bps"": 1007220.4890231773, ""delivery_ratio"": 1.0, ""offered_bps"": 1007220.4890231773}, ""ue3"": {""delivered_bps"": 125431.40305746012, ""delivery_ratio"": 1.0, ""jitter_ms"": 12.637206932432433, ""loss_percent"": 0.0, ""offered_bps"": 127991.22760965319, ""rtt_p95_ms"": 63.812839}}"
1785748265.529887,fair-base8-w3-r02-u1-100-u2-015,2,1.0,0.15,LIGHT_85,0.85,2,10.948,10.948,1.0,0.0,1.0,8.092,9.52,1.428,1.0,0.0,11.050206836601316,54.283523,1,"{""ue1"": {""delivered_bps"": 9520000.0, ""delivery_ratio"": 1.0, ""offered_bps"": 9520000.0}, ""ue2"": {""delivered_bps"": 1428000.0, ""delivery_ratio"": 1.0, ""offered_bps"": 1428000.0}, ""ue3"": {""delivered_bps"": 133109.936355053, ""delivery_ratio"": 1.0, ""jitter_ms"": 11.050206836601316, ""loss_percent"": 0.0, ""offered_bps"": 127990.32341832019, ""rtt_p95_ms"": 54.283523}}"
1785748270.9764092,fair-base8-w3-r02-u1-100-u2-015,2,1.0,0.15,MEDIUM_70,0.7,0,8.408631103304195,8.408631103304195,1.0,0.0,1.0,6.355821218502718,7.382226160903457,1.0264049424007384,1.0,0.0,11.036510644295303,39.386254,1,"{""ue1"": {""delivered_bps"": 7382226.160903457, ""delivery_ratio"": 1.0, ""offered_bps"": 7382226.160903457}, ""ue2"": {""delivered_bps"": 1026404.9424007385, ""delivery_ratio"": 1.0, ""offered_bps"": 1026404.9424007385}, ""ue3"": {""delivered_bps"": 127989.58587446455, ""delivery_ratio"": 1.0, ""jitter_ms"": 11.036510644295303, ""loss_percent"": 0.0, ""offered_bps"": 127989.58587446455, ""rtt_p95_ms"": 39.386254}}"
1785748272.1218355,fair-base8-w3-r02-u1-100-u2-015,2,1.0,0.15,MEDIUM_70,0.7,1,9.016,9.016,1.0,0.0,1.0,6.663999999999999,7.839999999999999,1.176,1.0,0.0,11.929586053691272,63.04234,0,"{""ue1"": {""delivered_bps"": 7839999.999999999, ""delivery_ratio"": 1.0, ""offered_bps"": 7839999.999999999}, ""ue2"": {""delivered_bps"": 1176000.0, ""delivery_ratio"": 1.0, ""offered_bps"": 1176000.0}, ""ue3"": {""delivered_bps"": 127990.75624796818, ""delivery_ratio"": 1.0, ""jitter_ms"": 11.929586053691272, ""loss_percent"": 0.0, ""offered_bps"": 127990.75624796818, ""rtt_p95_ms"": 63.04234}}"
1785748273.2615223,fair-base8-w3-r02-u1-100-u2-015,2,1.0,0.15,MEDIUM_70,0.7,2,9.016,9.016,1.0,0.0,1.0,6.663999999999999,7.839999999999999,1.176,1.0,0.0,12.50168667114094,81.962253,0,"{""ue1"": {""delivered_bps"": 7839999.999999999, ""delivery_ratio"": 1.0, ""offered_bps"": 7839999.999999999}, ""ue2"": {""delivered_bps"": 1176000.0, ""delivery_ratio"": 1.0, ""offered_bps"": 1176000.0}, ""ue3"": {""delivered_bps"": 127990.03802291912, ""delivery_ratio"": 1.0, ""jitter_ms"": 12.50168667114094, ""loss_percent"": 0.0, ""offered_bps"": 127990.03802291912, ""rtt_p95_ms"": 81.962253}}"
1785748278.7079415,fair-base8-w3-r02-u1-015-u2-075,2,0.15,0.75,MEDIUM_70,0.7,0,6.23934912286816,6.23934912286816,1.0,0.0,1.0,4.024700301139222,1.1073244108644686,5.132024712003691,0.9933333333333333,0.6666666666666666,11.74807759863946,38.462038,1,"{""ue1"": {""delivered_bps"": 1107324.4108644687, ""delivery_ratio"": 1.0, ""offered_bps"": 1107324.4108644687}, ""ue2"": {""delivered_bps"": 5132024.712003691, ""delivery_ratio"": 1.0, ""offered_bps"": 5132024.712003691}, ""ue3"": {""delivered_bps"": 122871.34457047668, ""delivery_ratio"": 0.9933333333333333, ""jitter_ms"": 11.74807759863946, ""loss_percent"": 0.6666666666666666, ""offered_bps"": 127990.98392757987, ""rtt_p95_ms"": 38.462038}}"
1785748279.864682,fair-base8-w3-r02-u1-015-u2-075,2,0.15,0.75,MEDIUM_70,0.7,1,7.055999999999999,7.055999999999999,1.0,0.0,1.0,4.703999999999999,1.176,5.879999999999999,1.0,0.0,11.507975817567562,43.870338,1,"{""ue1"": {""delivered_bps"": 1176000.0, ""delivery_ratio"": 1.0, ""offered_bps"": 1176000.0}, ""ue2"": {""delivered_bps"": 5879999.999999999, ""delivery_ratio"": 1.0, ""offered_bps"": 5879999.999999999}, ""ue3"": {""delivered_bps"": 130550.94276560523, ""delivery_ratio"": 1.0, ""jitter_ms"": 11.507975817567562, ""loss_percent"": 0.0, ""offered_bps"": 127991.1203584365, ""rtt_p95_ms"": 43.870338}}"
1785748281.019199,fair-base8-w3-r02-u1-015-u2-075,2,0.15,0.75,MEDIUM_70,0.7,2,5.323378484213082,5.323378484213082,1.0,0.0,1.0,2.9713784842130817,1.176,4.147378484213082,1.0,0.0,11.42963269333333,43.989033,1,"{""ue1"": {""delivered_bps"": 1176000.0, ""delivery_ratio"": 1.0, ""offered_bps"": 1176000.0}, ""ue2"": {""delivered_bps"": 4147378.4842130817, ""delivery_ratio"": 1.0, ""offered_bps"": 4147378.4842130817}, ""ue3"": {""delivered_bps"": 127991.23656402419, ""delivery_ratio"": 1.0, ""jitter_ms"": 11.42963269333333, ""loss_percent"": 0.0, ""offered_bps"": 127991.23656402419, ""rtt_p95_ms"": 43.989033}}"
1785748286.4265206,fair-base8-w3-r02-u1-015-u2-075,2,0.15,0.75,STRONG_40,0.4,0,3.9871947415451965,3.9871947415451965,1.0,0.0,1.0,1.8779763578875952,1.0546091918288005,2.932585549716396,1.0,0.0,10.40872102684564,34.8475,1,"{""ue1"": {""delivered_bps"": 1054609.1918288006, ""delivery_ratio"": 1.0, ""offered_bps"": 1054609.1918288006}, ""ue2"": {""delivered_bps"": 2932585.549716396, ""delivery_ratio"": 1.0, ""offered_bps"": 2932585.549716396}, ""ue3"": {""delivered_bps"": 130549.37981067374, ""delivery_ratio"": 1.0, ""jitter_ms"": 10.40872102684564, ""loss_percent"": 0.0, ""offered_bps"": 127989.58804968013, ""rtt_p95_ms"": 34.8475}}"
1785748287.582334,fair-base8-w3-r02-u1-015-u2-075,2,0.15,0.75,STRONG_40,0.4,1,4.48,4.48,1.0,0.0,1.0,2.2400000000000007,1.12,3.3600000000000003,1.0,0.0,10.447995695945945,35.191099,1,"{""ue1"": {""delivered_bps"": 1120000.0, ""delivery_ratio"": 1.0, ""offered_bps"": 1120000.0}, ""ue2"": {""delivered_bps"": 3360000.0000000005, ""delivery_ratio"": 1.0, ""offered_bps"": 3360000.0000000005}, ""ue3"": {""delivered_bps"": 127990.31215474653, ""delivery_ratio"": 1.0, ""jitter_ms"": 10.447995695945945, ""loss_percent"": 0.0, ""offered_bps"": 127990.31215474653, ""rtt_p95_ms"": 35.191099}}"
1785748288.7304192,fair-base8-w3-r02-u1-015-u2-075,2,0.15,0.75,STRONG_40,0.4,2,3.4899305624074763,3.4899305624074763,1.0,0.0,1.0,1.2499305624074764,1.12,2.3699305624074762,1.0,0.0,10.23810694039735,35.278054,1,"{""ue1"": {""delivered_bps"": 1120000.0, ""delivery_ratio"": 1.0, ""offered_bps"": 1120000.0}, ""ue2"": {""delivered_bps"": 2369930.5624074764, ""delivery_ratio"": 1.0, ""offered_bps"": 2369930.5624074764}, ""ue3"": {""delivered_bps"": 130549.62208470142, ""delivery_ratio"": 1.0, ""jitter_ms"": 10.23810694039735, ""loss_percent"": 0.0, ""offered_bps"": 127989.82557323668, ""rtt_p95_ms"": 35.278054}}"
1785748294.2134364,fair-base8-w3-r02-u1-015-u2-075,2,0.15,0.75,EQUAL_100,1.0,0,8.913382352317718,8.913382352317718,1.0,0.0,1.0,5.749545396264259,1.5819184780267301,7.331463874290989,1.0,0.0,11.411690026845633,39.044693,1,"{""ue1"": {""delivered_bps"": 1581918.4780267302, ""delivery_ratio"": 1.0, ""offered_bps"": 1581918.4780267302}, ""ue2"": {""delivered_bps"": 7331463.874290989, ""delivery_ratio"": 1.0, ""offered_bps"": 7331463.874290989}, ""ue3"": {""delivered_bps"": 127989.10569743592, ""delivery_ratio"": 1.0, ""jitter_ms"": 11.411690026845633, ""loss_percent"": 0.0, ""offered_bps"": 127989.10569743592, ""rtt_p95_ms"": 39.044693}}"
1785748295.3458896,fair-base8-w3-r02-u1-015-u2-075,2,0.15,0.75,EQUAL_100,1.0,1,10.079999999999998,10.079999999999998,1.0,0.0,1.0,6.719999999999998,1.68,8.399999999999999,1.0,0.0,9.88437423489933,38.062607,1,"{""ue1"": {""delivered_bps"": 1680000.0, ""delivery_ratio"": 1.0, ""offered_bps"": 1680000.0}, ""ue2"": {""delivered_bps"": 8399999.999999998, ""delivery_ratio"": 1.0, ""offered_bps"": 8399999.999999998}, ""ue3"": {""delivered_bps"": 127990.82087990205, ""delivery_ratio"": 1.0, ""jitter_ms"": 9.88437423489933, ""loss_percent"": 0.0, ""offered_bps"": 127990.82087990205, ""rtt_p95_ms"": 38.062607}}"
1785748296.4794273,fair-base8-w3-r02-u1-015-u2-075,2,0.15,0.75,EQUAL_100,1.0,2,7.60482640601869,7.60482640601869,1.0,0.0,1.0,4.24482640601869,1.68,5.92482640601869,1.0,0.0,9.786072060402685,34.975045,1,"{""ue1"": {""delivered_bps"": 1680000.0, ""delivery_ratio"": 1.0, ""offered_bps"": 1680000.0}, ""ue2"": {""delivered_bps"": 5924826.40601869, ""delivery_ratio"": 1.0, ""offered_bps"": 5924826.40601869}, ""ue3"": {""delivered_bps"": 127989.72396355339, ""delivery_ratio"": 1.0, ""jitter_ms"": 9.786072060402685, ""loss_percent"": 0.0, ""offered_bps"": 127989.72396355339, ""rtt_p95_ms"": 34.975045}}"
1785748301.9911196,fair-base8-w3-r02-u1-015-u2-075,2,0.15,0.75,LIGHT_85,0.85,0,7.57640017359131,7.57640017359131,1.0,0.0,1.0,4.887088412703369,1.3446558804439708,6.231744293147339,1.0,0.0,11.410573765100674,38.004234,1,"{""ue1"": {""delivered_bps"": 1344655.8804439707, ""delivery_ratio"": 1.0, ""offered_bps"": 1344655.8804439707}, ""ue2"": {""delivered_bps"": 6231744.2931473395, ""delivery_ratio"": 1.0, ""offered_bps"": 6231744.2931473395}, ""ue3"": {""delivered_bps"": 130549.55133618532, ""delivery_ratio"": 1.0, ""jitter_ms"": 11.410573765100674, ""loss_percent"": 0.0, ""offered_bps"": 127989.7562119464, ""rtt_p95_ms"": 38.004234}}"
1785748303.2034502,fair-base8-w3-r02-u1-015-u2-075,2,0.15,0.75,LIGHT_85,0.85,1,8.568,8.568,1.0,0.0,1.0,5.711999999999999,1.428,7.139999999999999,1.0,0.0,11.048410704697988,38.664246,1,"{""ue1"": {""delivered_bps"": 1428000.0, ""delivery_ratio"": 1.0, ""offered_bps"": 1428000.0}, ""ue2"": {""delivered_bps"": 7139999.999999999, ""delivery_ratio"": 1.0, ""offered_bps"": 7139999.999999999}, ""ue3"": {""delivered_bps"": 127990.24279292885, ""delivery_ratio"": 1.0, ""jitter_ms"": 11.048410704697988, ""loss_percent"": 0.0, ""offered_bps"": 127990.24279292885, ""rtt_p95_ms"": 38.664246}}"
1785748304.340883,fair-base8-w3-r02-u1-015-u2-075,2,0.15,0.75,LIGHT_85,0.85,2,8.568,8.568,1.0,0.0,1.0,5.711999999999999,1.428,7.139999999999999,1.0,0.0,11.126751476510071,62.171186,0,"{""ue1"": {""delivered_bps"": 1428000.0, ""delivery_ratio"": 1.0, ""offered_bps"": 1428000.0}, ""ue2"": {""delivered_bps"": 7139999.999999999, ""delivery_ratio"": 1.0, ""offered_bps"": 7139999.999999999}, ""ue3"": {""delivered_bps"": 125430.47255584151, ""delivery_ratio"": 1.0, ""jitter_ms"": 11.126751476510071, ""loss_percent"": 0.0, ""offered_bps"": 127990.27811820562, ""rtt_p95_ms"": 62.171186}}"
1785748309.6606648,fair-base8-w3-r02-u1-015-u2-100,2,0.15,1.0,LIGHT_85,0.85,0,9.653632515401569,9.653632515401569,1.0,0.0,1.0,6.9643522663246715,1.3446401245384478,8.30899239086312,1.0,0.0,10.306111506756752,35.494038,1,"{""ue1"": {""delivered_bps"": 1344640.124538448, ""delivery_ratio"": 1.0, ""offered_bps"": 1344640.124538448}, ""ue2"": {""delivered_bps"": 8308992.39086312, ""delivery_ratio"": 1.0, ""offered_bps"": 8308992.39086312}, ""ue3"": {""delivered_bps"": 127989.02187037852, ""delivery_ratio"": 1.0, ""jitter_ms"": 10.306111506756752, ""loss_percent"": 0.0, ""offered_bps"": 127989.02187037852, ""rtt_p95_ms"": 35.494038}}"
1785748310.8136551,fair-base8-w3-r02-u1-015-u2-100,2,0.15,1.0,LIGHT_85,0.85,1,10.948,10.948,1.0,0.0,1.0,8.092,1.428,9.52,1.0,0.0,10.848752788079473,39.904294,1,"{""ue1"": {""delivered_bps"": 1428000.0, ""delivery_ratio"": 1.0, ""offered_bps"": 1428000.0}, ""ue2"": {""delivered_bps"": 9520000.0, ""delivery_ratio"": 1.0, ""offered_bps"": 9520000.0}, ""ue3"": {""delivered_bps"": 130549.25670982577, ""delivery_ratio"": 1.0, ""jitter_ms"": 10.848752788079473, ""loss_percent"": 0.0, ""offered_bps"": 127989.46736257429, ""rtt_p95_ms"": 39.904294}}"
1785748311.947689,fair-base8-w3-r02-u1-015-u2-100,2,0.15,1.0,LIGHT_85,0.85,2,8.142803260154514,8.142803260154514,1.0,0.0,1.0,5.286803260154515,1.428,6.714803260154515,1.0,0.0,10.552274134228192,39.207681,1,"{""ue1"": {""delivered_bps"": 1428000.0, ""delivery_ratio"": 1.0, ""offered_bps"": 1428000.0}, ""ue2"": {""delivered_bps"": 6714803.260154515, ""delivery_ratio"": 1.0, ""offered_bps"": 6714803.260154515}, ""ue3"": {""delivered_bps"": 125431.7726790169, ""delivery_ratio"": 1.0, ""jitter_ms"": 10.552274134228192, ""loss_percent"": 0.0, ""offered_bps"": 127991.60477450702, ""rtt_p95_ms"": 39.207681}}"
1785748317.331545,fair-base8-w3-r02-u1-015-u2-100,2,0.15,1.0,MEDIUM_70,0.7,0,7.95005612879228,7.95005612879228,1.0,0.0,1.0,5.735343103217565,1.1073565127873575,6.842699616004922,0.9933333333333333,0.6666666666666666,13.575087251700678,99.692363,0,"{""ue1"": {""delivered_bps"": 1107356.5127873574, ""delivery_ratio"": 1.0, ""offered_bps"": 1107356.5127873574}, ""ue2"": {""delivered_bps"": 6842699.616004922, ""delivery_ratio"": 1.0, ""offered_bps"": 6842699.616004922}, ""ue3"": {""delivered_bps"": 122871.31521337184, ""delivery_ratio"": 0.9933333333333333, ""jitter_ms"": 13.575087251700678, ""loss_percent"": 0.6666666666666666, ""offered_bps"": 127990.95334726233, ""rtt_p95_ms"": 99.692363}}"
1785748318.5011215,fair-base8-w3-r02-u1-015-u2-100,2,0.15,1.0,MEDIUM_70,0.7,1,9.016,9.016,1.0,0.0,1.0,6.663999999999999,1.176,7.839999999999999,1.0,0.0,13.341728300000005,104.298458,0,"{""ue1"": {""delivered_bps"": 1176000.0, ""delivery_ratio"": 1.0, ""offered_bps"": 1176000.0}, ""ue2"": {""delivered_bps"": 7839999.999999999, ""delivery_ratio"": 1.0, ""offered_bps"": 7839999.999999999}, ""ue3"": {""delivered_bps"": 135668.74044330194, ""delivery_ratio"": 1.0, ""jitter_ms"": 13.341728300000005, ""loss_percent"": 0.0, ""offered_bps"": 127989.37777669993, ""rtt_p95_ms"": 104.298458}}"
1785748319.6489644,fair-base8-w3-r02-u1-015-u2-100,2,0.15,1.0,MEDIUM_70,0.7,2,6.705837978950777,6.705837978950777,1.0,0.0,1.0,4.353837978950777,1.176,5.529837978950777,1.0,0.0,12.730949181208056,86.476553,0,"{""ue1"": {""delivered_bps"": 1176000.0, ""delivery_ratio"": 1.0, ""offered_bps"": 1176000.0}, ""ue2"": {""delivered_bps"": 5529837.978950777, ""delivery_ratio"": 1.0, ""offered_bps"": 5529837.978950777}, ""ue3"": {""delivered_bps"": 125430.56837445071, ""delivery_ratio"": 1.0, ""jitter_ms"": 12.730949181208056, ""loss_percent"": 0.0, ""offered_bps"": 127990.37589229665, ""rtt_p95_ms"": 86.476553}}"
1785748325.07376,fair-base8-w3-r02-u1-015-u2-100,2,0.15,1.0,STRONG_40,0.4,0,4.964736058342887,4.964736058342887,1.0,0.0,1.0,2.855492074234167,1.0546219920543602,3.910114066288527,1.0,0.0,11.27481771140939,39.384628,1,"{""ue1"": {""delivered_bps"": 1054621.9920543602, ""delivery_ratio"": 1.0, ""offered_bps"": 1054621.9920543602}, ""ue2"": {""delivered_bps"": 3910114.066288527, ""delivery_ratio"": 1.0, ""offered_bps"": 3910114.066288527}, ""ue3"": {""delivered_bps"": 127990.7798033058, ""delivery_ratio"": 1.0, ""jitter_ms"": 11.27481771140939, ""loss_percent"": 0.0, ""offered_bps"": 127990.7798033058, ""rtt_p95_ms"": 39.384628}}"
1785748326.263683,fair-base8-w3-r02-u1-015-u2-100,2,0.15,1.0,STRONG_40,0.4,1,5.6,5.6,1.0,0.0,1.0,3.36,1.12,4.48,1.0,0.0,10.626866953020135,39.384628,1,"{""ue1"": {""delivered_bps"": 1120000.0, ""delivery_ratio"": 1.0, ""offered_bps"": 1120000.0}, ""ue2"": {""delivered_bps"": 4480000.0, ""delivery_ratio"": 1.0, ""offered_bps"": 4480000.0}, ""ue3"": {""delivered_bps"": 127988.41947790734, ""delivery_ratio"": 1.0, ""jitter_ms"": 10.626866953020135, ""loss_percent"": 0.0, ""offered_bps"": 127988.41947790734, ""rtt_p95_ms"": 39.384628}}"
1785748327.4088073,fair-base8-w3-r02-u1-015-u2-100,2,0.15,1.0,STRONG_40,0.4,2,4.279907416543301,4.279907416543301,1.0,0.0,1.0,2.0399074165433015,1.12,3.1599074165433017,1.0,0.0,10.67940563758389,39.478395,1,"{""ue1"": {""delivered_bps"": 1120000.0, ""delivery_ratio"": 1.0, ""offered_bps"": 1120000.0}, ""ue2"": {""delivered_bps"": 3159907.4165433017, ""delivery_ratio"": 1.0, ""offered_bps"": 3159907.4165433017}, ""ue3"": {""delivered_bps"": 127990.1342620603, ""delivery_ratio"": 1.0, ""jitter_ms"": 10.67940563758389, ""loss_percent"": 0.0, ""offered_bps"": 127990.1342620603, ""rtt_p95_ms"": 39.478395}}"
1785748332.856732,fair-base8-w3-r02-u1-015-u2-100,2,0.15,1.0,EQUAL_100,1.0,0,11.35727280192325,11.35727280192325,1.0,0.0,1.0,8.193297529519386,1.581987636201932,9.775285165721318,1.0,0.0,12.140368731543624,78.865344,0,"{""ue1"": {""delivered_bps"": 1581987.636201932, ""delivery_ratio"": 1.0, ""offered_bps"": 1581987.636201932}, ""ue2"": {""delivered_bps"": 9775285.165721318, ""delivery_ratio"": 1.0, ""offered_bps"": 9775285.165721318}, ""ue3"": {""delivered_bps"": 127988.42677815561, ""delivery_ratio"": 1.0, ""jitter_ms"": 12.140368731543624, ""loss_percent"": 0.0, ""offered_bps"": 127988.42677815561, ""rtt_p95_ms"": 78.865344}}"
1785748334.052715,fair-base8-w3-r02-u1-015-u2-100,2,0.15,1.0,EQUAL_100,1.0,1,12.88,12.88,1.0,0.0,1.0,9.52,1.68,11.2,1.0,0.0,12.20220836241611,83.864025,0,"{""ue1"": {""delivered_bps"": 1680000.0, ""delivery_ratio"": 1.0, ""offered_bps"": 1680000.0}, ""ue2"": {""delivered_bps"": 11200000.0, ""delivery_ratio"": 1.0, ""offered_bps"": 11200000.0}, ""ue3"": {""delivered_bps"": 127990.6623172346, ""delivery_ratio"": 1.0, ""jitter_ms"": 12.20220836241611, ""loss_percent"": 0.0, ""offered_bps"": 127990.6623172346, ""rtt_p95_ms"": 83.864025}}"
1785748335.2021065,fair-base8-w3-r02-u1-015-u2-100,2,0.15,1.0,EQUAL_100,1.0,2,12.88,12.88,1.0,0.0,1.0,9.52,1.68,11.2,1.0,0.0,13.370563402684567,103.476206,0,"{""ue1"": {""delivered_bps"": 1680000.0, ""delivery_ratio"": 1.0, ""offered_bps"": 1680000.0}, ""ue2"": {""delivered_bps"": 11200000.0, ""delivery_ratio"": 1.0, ""offered_bps"": 11200000.0}, ""ue3"": {""delivered_bps"": 127990.93823962241, ""delivery_ratio"": 1.0, ""jitter_ms"": 13.370563402684567, ""loss_percent"": 0.0, ""offered_bps"": 127990.93823962241, ""rtt_p95_ms"": 103.476206}}"
1785748340.6650968,fair-base8-w3-r02-u1-075-u2-015,2,0.75,0.15,LIGHT_85,0.85,0,7.969539092958521,7.969539092958521,1.0,0.0,1.0,5.4768413756995855,6.723190234329053,1.246348858629468,0.9733333333333334,2.6666666666666665,10.341038409722223,34.504372,0,"{""ue1"": {""delivered_bps"": 6723190.234329053, ""delivery_ratio"": 1.0, ""offered_bps"": 6723190.234329053}, ""ue2"": {""delivered_bps"": 1246348.858629468, ""delivery_ratio"": 1.0, ""offered_bps"": 1246348.858629468}, ""ue3"": {""delivered_bps"": 117751.59489158401, ""delivery_ratio"": 0.9733333333333334, ""jitter_ms"": 10.341038409722223, ""loss_percent"": 2.6666666666666665, ""offered_bps"": 127990.86401259132, ""rtt_p95_ms"": 34.504372}}"
1785748341.822235,fair-base8-w3-r02-u1-075-u2-015,2,0.75,0.15,LIGHT_85,0.85,1,8.147220489023177,8.147220489023177,1.0,0.0,1.0,6.132779510976822,7.139999999999999,1.0072204890231773,1.0,0.0,11.625080892617445,41.495467,1,"{""ue1"": {""delivered_bps"": 7139999.999999999, ""delivery_ratio"": 1.0, ""offered_bps"": 7139999.999999999}, ""ue2"": {""delivered_bps"": 1007220.4890231773, ""delivery_ratio"": 1.0, ""offered_bps"": 1007220.4890231773}, ""ue3"": {""delivered_bps"": 138230.3298216897, ""delivery_ratio"": 1.0, ""jitter_ms"": 11.625080892617445, ""loss_percent"": 0.0, ""offered_bps"": 127991.04613119418, ""rtt_p95_ms"": 41.495467}}"
1785748342.951898,fair-base8-w3-r02-u1-075-u2-015,2,0.75,0.15,LIGHT_85,0.85,2,8.568,8.568,1.0,0.0,1.0,5.711999999999999,7.139999999999999,1.428,1.0,0.0,12.414846777777775,85.107284,0,"{""ue1"": {""delivered_bps"": 7139999.999999999, ""delivery_ratio"": 1.0, ""offered_bps"": 7139999.999999999}, ""ue2"": {""delivered_bps"": 1428000.0, ""delivery_ratio"": 1.0, ""offered_bps"": 1428000.0}, ""ue3"": {""delivered_bps"": 127988.79227583406, ""delivery_ratio"": 1.0, ""jitter_ms"": 12.414846777777775, ""loss_percent"": 0.0, ""offered_bps"": 127988.79227583406, ""rtt_p95_ms"": 85.107284}}"
1785748348.3062062,fair-base8-w3-r02-u1-075-u2-015,2,0.75,0.15,MEDIUM_70,0.7,0,6.563389557572197,6.563389557572197,1.0,0.0,1.0,4.51057967277072,5.536984615171459,1.0264049424007384,1.0,0.0,9.939414817567563,35.136297,1,"{""ue1"": {""delivered_bps"": 5536984.615171459, ""delivery_ratio"": 1.0, ""offered_bps"": 5536984.615171459}, ""ue2"": {""delivered_bps"": 1026404.9424007385, ""delivery_ratio"": 1.0, ""offered_bps"": 1026404.9424007385}, ""ue3"": {""delivered_bps"": 127988.45608344635, ""delivery_ratio"": 1.0, ""jitter_ms"": 9.939414817567563, ""loss_percent"": 0.0, ""offered_bps"": 127988.45608344635, ""rtt_p95_ms"": 35.136297}}"
1785748349.4346292,fair-base8-w3-r02-u1-075-u2-015,2,0.75,0.15,MEDIUM_70,0.7,1,6.709475696842616,6.709475696842616,1.0,0.0,1.0,5.050524303157383,5.879999999999999,0.8294756968426166,1.0,0.0,9.780230496644295,35.136297,1,"{""ue1"": {""delivered_bps"": 5879999.999999999, ""delivery_ratio"": 1.0, ""offered_bps"": 5879999.999999999}, ""ue2"": {""delivered_bps"": 829475.6968426165, ""delivery_ratio"": 1.0, ""offered_bps"": 829475.6968426165}, ""ue3"": {""delivered_bps"": 127988.39196789761, ""delivery_ratio"": 1.0, ""jitter_ms"": 9.780230496644295, ""loss_percent"": 0.0, ""offered_bps"": 127988.39196789761, ""rtt_p95_ms"": 35.136297}}"
1785748350.570967,fair-base8-w3-r02-u1-075-u2-015,2,0.75,0.15,MEDIUM_70,0.7,2,7.055999999999999,7.055999999999999,1.0,0.0,1.0,4.703999999999999,5.879999999999999,1.176,1.0,0.0,9.960862335570475,35.166604,1,"{""ue1"": {""delivered_bps"": 5879999.999999999, ""delivery_ratio"": 1.0, ""offered_bps"": 5879999.999999999}, ""ue2"": {""delivered_bps"": 1176000.0, ""delivery_ratio"": 1.0, ""offered_bps"": 1176000.0}, ""ue3"": {""delivered_bps"": 127990.80155587071, ""delivery_ratio"": 1.0, ""jitter_ms"": 9.960862335570475, ""loss_percent"": 0.0, ""offered_bps"": 127990.80155587071, ""rtt_p95_ms"": 35.166604}}"
1785748355.964825,fair-base8-w3-r02-u1-075-u2-015,2,0.75,0.15,STRONG_40,0.4,0,4.141537046397781,4.141537046397781,1.0,0.0,1.0,2.1864800132535174,3.164008529825649,0.9775285165721318,1.0,0.0,10.569599536912753,36.934093,1,"{""ue1"": {""delivered_bps"": 3164008.529825649, ""delivery_ratio"": 1.0, ""offered_bps"": 3164008.529825649}, ""ue2"": {""delivered_bps"": 977528.5165721318, ""delivery_ratio"": 1.0, ""offered_bps"": 977528.5165721318}, ""ue3"": {""delivered_bps"": 125429.25447863803, ""delivery_ratio"": 1.0, ""jitter_ms"": 10.569599536912753, ""loss_percent"": 0.0, ""offered_bps"": 127989.03518228371, ""rtt_p95_ms"": 36.934093}}"
1785748357.1143706,fair-base8-w3-r02-u1-075-u2-015,2,0.75,0.15,STRONG_40,0.4,1,4.149976854135826,4.149976854135826,1.0,0.0,1.0,2.5700231458641754,3.3600000000000003,0.7899768541358254,1.0,0.0,10.5621464391892,38.982868,1,"{""ue1"": {""delivered_bps"": 3360000.0000000005, ""delivery_ratio"": 1.0, ""offered_bps"": 3360000.0000000005}, ""ue2"": {""delivered_bps"": 789976.8541358254, ""delivery_ratio"": 1.0, ""offered_bps"": 789976.8541358254}, ""ue3"": {""delivered_bps"": 127988.79547902277, ""delivery_ratio"": 1.0, ""jitter_ms"": 10.5621464391892, ""loss_percent"": 0.0, ""offered_bps"": 127988.79547902277, ""rtt_p95_ms"": 38.982868}}"
1785748358.2639363,fair-base8-w3-r02-u1-075-u2-015,2,0.75,0.15,STRONG_40,0.4,2,4.48,4.48,1.0,0.0,1.0,2.2400000000000007,3.3600000000000003,1.12,1.0,0.0,11.067543810810808,38.982868,1,"{""ue1"": {""delivered_bps"": 3360000.0000000005, ""delivery_ratio"": 1.0, ""offered_bps"": 3360000.0000000005}, ""ue2"": {""delivered_bps"": 1120000.0, ""delivery_ratio"": 1.0, ""offered_bps"": 1120000.0}, ""ue3"": {""delivered_bps"": 127997.36146107479, ""delivery_ratio"": 1.0, ""jitter_ms"": 11.067543810810808, ""loss_percent"": 0.0, ""offered_bps"": 127997.36146107479, ""rtt_p95_ms"": 38.982868}}"
1785748363.7571642,fair-base8-w3-r02-u1-075-u2-015,2,0.75,0.15,EQUAL_100,1.0,0,9.375930519184106,9.375930519184106,1.0,0.0,1.0,6.44334496946771,7.909637744325908,1.4662927748581975,1.0,0.0,10.2489752147651,38.167147,1,"{""ue1"": {""delivered_bps"": 7909637.744325908, ""delivery_ratio"": 1.0, ""offered_bps"": 7909637.744325908}, ""ue2"": {""delivered_bps"": 1466292.7748581974, ""delivery_ratio"": 1.0, ""offered_bps"": 1466292.7748581974}, ""ue3"": {""delivered_bps"": 125431.93497911515, ""delivery_ratio"": 1.0, ""jitter_ms"": 10.2489752147651, ""loss_percent"": 0.0, ""offered_bps"": 127991.7703868522, ""rtt_p95_ms"": 38.167147}}"
1785748364.90672,fair-base8-w3-r02-u1-075-u2-015,2,0.75,0.15,EQUAL_100,1.0,1,9.584965281203736,9.584965281203736,1.0,0.0,1.0,7.215034718796261,8.399999999999999,1.184965281203738,1.0,0.0,11.352490953020135,76.096378,0,"{""ue1"": {""delivered_bps"": 8399999.999999998, ""delivery_ratio"": 1.0, ""offered_bps"": 8399999.999999998}, ""ue2"": {""delivered_bps"": 1184965.281203738, ""delivery_ratio"": 1.0, ""offered_bps"": 1184965.281203738}, ""ue3"": {""delivered_bps"": 130550.99628972774, ""delivery_ratio"": 1.0, ""jitter_ms"": 11.352490953020135, ""loss_percent"": 0.0, ""offered_bps"": 127991.17283306642, ""rtt_p95_ms"": 76.096378}}"
1785748366.054793,fair-base8-w3-r02-u1-075-u2-015,2,0.75,0.15,EQUAL_100,1.0,2,10.079999999999998,10.079999999999998,1.0,0.0,1.0,6.719999999999998,8.399999999999999,1.68,1.0,0.0,12.972870400000001,94.994632,0,"{""ue1"": {""delivered_bps"": 8399999.999999998, ""delivery_ratio"": 1.0, ""offered_bps"": 8399999.999999998}, ""ue2"": {""delivered_bps"": 1680000.0, ""delivery_ratio"": 1.0, ""offered_bps"": 1680000.0}, ""ue3"": {""delivered_bps"": 127991.17027042023, ""delivery_ratio"": 1.0, ""jitter_ms"": 12.972870400000001, ""loss_percent"": 0.0, ""offered_bps"": 127991.17027042023, ""rtt_p95_ms"": 94.994632}}"
1785748371.5537405,fair-base8-w3-r02-u1-075-u2-040,2,0.75,0.4,LIGHT_85,0.85,0,10.04680803609005,10.04680803609005,1.0,0.0,1.0,3.399614123399553,6.723211079744801,3.323596956345248,0.9733333333333334,2.6666666666666665,13.483027638888892,90.29536,0,"{""ue1"": {""delivered_bps"": 6723211.079744801, ""delivery_ratio"": 1.0, ""offered_bps"": 6723211.079744801}, ""ue2"": {""delivered_bps"": 3323596.956345248, ""delivery_ratio"": 1.0, ""offered_bps"": 3323596.956345248}, ""ue3"": {""delivered_bps"": 120312.10836899195, ""delivery_ratio"": 0.9733333333333334, ""jitter_ms"": 13.483027638888892, ""loss_percent"": 2.6666666666666665, ""offered_bps"": 127991.60464786377, ""rtt_p95_ms"": 90.29536}}"
1785748372.707219,fair-base8-w3-r02-u1-075-u2-040,2,0.75,0.4,LIGHT_85,0.85,1,10.948,10.948,1.0,0.0,1.0,3.331999999999999,7.139999999999999,3.808,1.0,0.0,13.655658657718117,102.62976,0,"{""ue1"": {""delivered_bps"": 7139999.999999999, ""delivery_ratio"": 1.0, ""offered_bps"": 7139999.999999999}, ""ue2"": {""delivered_bps"": 3808000.0, ""delivery_ratio"": 1.0, ""offered_bps"": 3808000.0}, ""ue3"": {""delivered_bps"": 140790.6465701928, ""delivery_ratio"": 1.0, ""jitter_ms"": 13.655658657718117, ""loss_percent"": 0.0, ""offered_bps"": 127991.49688199344, ""rtt_p95_ms"": 102.62976}}"
1785748373.8587735,fair-base8-w3-r02-u1-075-u2-040,2,0.75,0.4,LIGHT_85,0.85,2,10.948,10.948,1.0,0.0,1.0,3.331999999999999,7.139999999999999,3.808,1.0,0.0,11.801766941935487,100.438659,0,"{""ue1"": {""delivered_bps"": 7139999.999999999, ""delivery_ratio"": 1.0, ""offered_bps"": 7139999.999999999}, ""ue2"": {""delivered_bps"": 3808000.0, ""delivery_ratio"": 1.0, ""offered_bps"": 3808000.0}, ""ue3"": {""delivered_bps"": 127991.01835932153, ""delivery_ratio"": 1.0, ""jitter_ms"": 11.801766941935487, ""loss_percent"": 0.0, ""offered_bps"": 127991.01835932153, ""rtt_p95_ms"": 100.438659}}"
1785748379.3577514,fair-base8-w3-r02-u1-075-u2-040,2,0.75,0.4,MEDIUM_70,0.7,0,8.273775147290412,8.273775147290412,1.0,0.0,1.0,2.7996154544864758,5.536695300888444,2.7370798464019686,1.0,0.0,11.092014604026852,52.022055,1,"{""ue1"": {""delivered_bps"": 5536695.300888444, ""delivery_ratio"": 1.0, ""offered_bps"": 5536695.300888444}, ""ue2"": {""delivered_bps"": 2737079.8464019685, ""delivery_ratio"": 1.0, ""offered_bps"": 2737079.8464019685}, ""ue3"": {""delivered_bps"": 125430.19963604295, ""delivery_ratio"": 1.0, ""jitter_ms"": 11.092014604026852, ""loss_percent"": 0.0, ""offered_bps"": 127989.99962861525, ""rtt_p95_ms"": 52.022055}}"
1785748380.502426,fair-base8-w3-r02-u1-075-u2-040,2,0.75,0.4,MEDIUM_70,0.7,1,8.09193519158031,8.09193519158031,1.0,0.0,1.0,3.6680648084196883,5.879999999999999,2.2119351915803107,1.0,0.0,11.88012549324324,95.02716,0,"{""ue1"": {""delivered_bps"": 5879999.999999999, ""delivery_ratio"": 1.0, ""offered_bps"": 5879999.999999999}, ""ue2"": {""delivered_bps"": 2211935.191580311, ""delivery_ratio"": 1.0, ""offered_bps"": 2211935.191580311}, ""ue3"": {""delivered_bps"": 127989.69029979434, ""delivery_ratio"": 1.0, ""jitter_ms"": 11.88012549324324, ""loss_percent"": 0.0, ""offered_bps"": 127989.69029979434, ""rtt_p95_ms"": 95.02716}}"
1785748381.6570787,fair-base8-w3-r02-u1-075-u2-040,2,0.75,0.4,MEDIUM_70,0.7,2,9.015999999999998,9.015999999999998,1.0,0.0,1.0,2.7439999999999993,5.879999999999999,3.1359999999999997,1.0,0.0,11.530462194630873,95.02716,0,"{""ue1"": {""delivered_bps"": 5879999.999999999, ""delivery_ratio"": 1.0, ""offered_bps"": 5879999.999999999}, ""ue2"": {""delivered_bps"": 3135999.9999999995, ""delivery_ratio"": 1.0, ""offered_bps"": 3135999.9999999995}, ""ue3"": {""delivered_bps"": 130550.39031624903, ""delivery_ratio"": 1.0, ""jitter_ms"": 11.530462194630873, ""loss_percent"": 0.0, ""offered_bps"": 127990.57874142063, ""rtt_p95_ms"": 95.02716}}"
1785748387.1545,fair-base8-w3-r02-u1-075-u2-040,2,0.75,0.4,STRONG_40,0.4,0,4.72794566562333,4.72794566562333,1.0,0.0,1.0,1.599854412592507,3.163900039107918,1.5640456265154112,1.0,0.0,10.755467317567566,36.427412,1,"{""ue1"": {""delivered_bps"": 3163900.0391079183, ""delivery_ratio"": 1.0, ""offered_bps"": 3163900.0391079183}, ""ue2"": {""delivered_bps"": 1564045.6265154113, ""delivery_ratio"": 1.0, ""offered_bps"": 1564045.6265154113}, ""ue3"": {""delivered_bps"": 127989.49142399381, ""delivery_ratio"": 1.0, ""jitter_ms"": 10.755467317567566, ""loss_percent"": 0.0, ""offered_bps"": 127989.49142399381, ""rtt_p95_ms"": 36.427412}}"
1785748388.309146,fair-base8-w3-r02-u1-075-u2-040,2,0.75,0.4,STRONG_40,0.4,1,4.623962966617322,4.623962966617322,1.0,0.0,1.0,2.0960370333826797,3.3600000000000003,1.2639629666173207,1.0,0.0,12.740636597315431,75.827763,0,"{""ue1"": {""delivered_bps"": 3360000.0000000005, ""delivery_ratio"": 1.0, ""offered_bps"": 3360000.0000000005}, ""ue2"": {""delivered_bps"": 1263962.9666173207, ""delivery_ratio"": 1.0, ""offered_bps"": 1263962.9666173207}, ""ue3"": {""delivered_bps"": 130548.92905496266, ""delivery_ratio"": 1.0, ""jitter_ms"": 12.740636597315431, ""loss_percent"": 0.0, ""offered_bps"": 127989.14613231632, ""rtt_p95_ms"": 75.827763}}"
1785748389.4597547,fair-base8-w3-r02-u1-075-u2-040,2,0.75,0.4,STRONG_40,0.4,2,5.152000000000001,5.152000000000001,1.0,0.0,1.0,1.5680000000000003,3.3600000000000003,1.7920000000000003,1.0,0.0,13.108560986577181,75.827763,0,"{""ue1"": {""delivered_bps"": 3360000.0000000005, ""delivery_ratio"": 1.0, ""offered_bps"": 3360000.0000000005}, ""ue2"": {""delivered_bps"": 1792000.0000000002, ""delivery_ratio"": 1.0, ""offered_bps"": 1792000.0000000002}, ""ue3"": {""delivered_bps"": 125430.13969225631, ""delivery_ratio"": 1.0, ""jitter_ms"": 13.108560986577181, ""loss_percent"": 0.0, ""offered_bps"": 127989.93846148605, ""rtt_p95_ms"": 75.827763}}"
1785748394.9019809,fair-base8-w3-r02-u1-075-u2-040,2,0.75,0.4,EQUAL_100,1.0,0,11.819694373211538,11.819694373211538,1.0,0.0,1.0,3.9994662406344843,7.9095803069230115,3.910114066288527,1.0,0.0,11.618311483221477,95.45021,0,"{""ue1"": {""delivered_bps"": 7909580.306923011, ""delivery_ratio"": 1.0, ""offered_bps"": 7909580.306923011}, ""ue2"": {""delivered_bps"": 3910114.066288527, ""delivery_ratio"": 1.0, ""offered_bps"": 3910114.066288527}, ""ue3"": {""delivered_bps"": 127990.7574026414, ""delivery_ratio"": 1.0, ""jitter_ms"": 11.618311483221477, ""loss_percent"": 0.0, ""offered_bps"": 127990.7574026414, ""rtt_p95_ms"": 95.45021}}"
1785748396.0465086,fair-base8-w3-r02-u1-075-u2-040,2,0.75,0.4,EQUAL_100,1.0,1,12.879999999999999,12.879999999999999,1.0,0.0,1.0,3.919999999999998,8.399999999999999,4.48,1.0,0.0,12.145822416107384,95.45021,0,"{""ue1"": {""delivered_bps"": 8399999.999999998, ""delivery_ratio"": 1.0, ""offered_bps"": 8399999.999999998}, ""ue2"": {""delivered_bps"": 4480000.0, ""delivery_ratio"": 1.0, ""offered_bps"": 4480000.0}, ""ue3"": {""delivered_bps"": 127990.95180521016, ""delivery_ratio"": 1.0, ""jitter_ms"": 12.145822416107384, ""loss_percent"": 0.0, ""offered_bps"": 127990.95180521016, ""rtt_p95_ms"": 95.45021}}"
1785748397.190585,fair-base8-w3-r02-u1-075-u2-040,2,0.75,0.4,EQUAL_100,1.0,2,11.559907416543298,11.559907416543298,1.0,0.0,1.0,5.240092583456697,8.399999999999999,3.1599074165433017,1.0,0.0,12.187074664429527,95.45021,0,"{""ue1"": {""delivered_bps"": 8399999.999999998, ""delivery_ratio"": 1.0, ""offered_bps"": 8399999.999999998}, ""ue2"": {""delivered_bps"": 3159907.4165433017, ""delivery_ratio"": 1.0, ""offered_bps"": 3159907.4165433017}, ""ue3"": {""delivered_bps"": 127989.59111882004, ""delivery_ratio"": 1.0, ""jitter_ms"": 12.187074664429527, ""loss_percent"": 0.0, ""offered_bps"": 127989.59111882004, ""rtt_p95_ms"": 95.45021}}"
1785748402.6451206,fair-base8-w3-r02-u1-040-u2-055,2,0.4,0.55,EQUAL_100,1.0,0,9.594860912765558,9.594860912765558,1.0,0.0,1.0,1.1579527695278917,4.218454071618834,5.376406841146725,1.0,0.0,10.783591222972976,34.74364,1,"{""ue1"": {""delivered_bps"": 4218454.071618834, ""delivery_ratio"": 1.0, ""offered_bps"": 4218454.071618834}, ""ue2"": {""delivered_bps"": 5376406.841146725, ""delivery_ratio"": 1.0, ""offered_bps"": 5376406.841146725}, ""ue3"": {""delivered_bps"": 125429.58006636992, ""delivery_ratio"": 1.0, ""jitter_ms"": 10.783591222972976, ""loss_percent"": 0.0, ""offered_bps"": 127989.36741466318, ""rtt_p95_ms"": 34.74364}}"
1785748403.79564,fair-base8-w3-r02-u1-040-u2-055,2,0.4,0.55,EQUAL_100,1.0,1,10.64,10.64,1.0,0.0,1.0,1.68,4.48,6.16,1.0,0.0,10.228072744966441,34.390007,1,"{""ue1"": {""delivered_bps"": 4480000.0, ""delivery_ratio"": 1.0, ""offered_bps"": 4480000.0}, ""ue2"": {""delivered_bps"": 6160000.0, ""delivery_ratio"": 1.0, ""offered_bps"": 6160000.0}, ""ue3"": {""delivered_bps"": 127990.88397730017, ""delivery_ratio"": 1.0, ""jitter_ms"": 10.228072744966441, ""loss_percent"": 0.0, ""offered_bps"": 127990.88397730017, ""rtt_p95_ms"": 34.390007}}"
1785748404.92968,fair-base8-w3-r02-u1-040-u2-055,2,0.4,0.55,EQUAL_100,1.0,2,8.82487269774704,8.82487269774704,1.0,0.0,1.0,0.13512730225296038,4.48,4.344872697747039,1.0,0.0,10.895038913333327,41.914753,1,"{""ue1"": {""delivered_bps"": 4480000.0, ""delivery_ratio"": 1.0, ""offered_bps"": 4480000.0}, ""ue2"": {""delivered_bps"": 4344872.69774704, ""delivery_ratio"": 1.0, ""offered_bps"": 4344872.69774704}, ""ue3"": {""delivered_bps"": 130548.91430665736, ""delivery_ratio"": 1.0, ""jitter_ms"": 10.895038913333327, ""loss_percent"": 0.0, ""offered_bps"": 127989.13167319348, ""rtt_p95_ms"": 41.914753}}"
1785748410.3080866,fair-base8-w3-r02-u1-040-u2-055,2,0.4,0.55,STRONG_40,0.4,0,3.837948753952602,3.837948753952602,1.0,0.0,1.0,0.4631767189647786,1.6873860174939117,2.1505627364586903,1.0,0.0,11.196780422818795,38.395771,1,"{""ue1"": {""delivered_bps"": 1687386.0174939118, ""delivery_ratio"": 1.0, ""offered_bps"": 1687386.0174939118}, ""ue2"": {""delivered_bps"": 2150562.7364586904, ""delivery_ratio"": 1.0, ""offered_bps"": 2150562.7364586904}, ""ue3"": {""delivered_bps"": 127990.03981822959, ""delivery_ratio"": 1.0, ""jitter_ms"": 11.196780422818795, ""loss_percent"": 0.0, ""offered_bps"": 127990.03981822959, ""rtt_p95_ms"": 38.395771}}"
1785748411.4467807,fair-base8-w3-r02-u1-040-u2-055,2,0.4,0.55,STRONG_40,0.4,1,3.529949079098816,3.529949079098816,1.0,0.0,1.0,0.054050920901184435,1.7920000000000003,1.737949079098816,1.0,0.0,10.915778973333333,38.395771,1,"{""ue1"": {""delivered_bps"": 1792000.0000000002, ""delivery_ratio"": 1.0, ""offered_bps"": 1792000.0000000002}, ""ue2"": {""delivered_bps"": 1737949.0790988158, ""delivery_ratio"": 1.0, ""offered_bps"": 1737949.0790988158}, ""ue3"": {""delivered_bps"": 127988.36470372416, ""delivery_ratio"": 1.0, ""jitter_ms"": 10.915778973333333, ""loss_percent"": 0.0, ""offered_bps"": 127988.36470372416, ""rtt_p95_ms"": 38.395771}}"
1785748412.6113155,fair-base8-w3-r02-u1-040-u2-055,2,0.4,0.55,STRONG_40,0.4,2,4.256,4.256,1.0,0.0,1.0,0.6719999999999998,1.7920000000000003,2.464,1.0,0.0,10.360465476510068,36.401858,1,"{""ue1"": {""delivered_bps"": 1792000.0000000002, ""delivery_ratio"": 1.0, ""offered_bps"": 1792000.0000000002}, ""ue2"": {""delivered_bps"": 2464000.0, ""delivery_ratio"": 1.0, ""offered_bps"": 2464000.0}, ""ue3"": {""delivered_bps"": 127990.73782534615, ""delivery_ratio"": 1.0, ""jitter_ms"": 10.360465476510068, ""loss_percent"": 0.0, ""offered_bps"": 127990.73782534615, ""rtt_p95_ms"": 36.401858}}"
1785748418.029624,fair-base8-w3-r02-u1-040-u2-055,2,0.4,0.55,MEDIUM_70,0.7,0,6.716479745811528,6.716479745811528,1.0,0.0,1.0,0.810489831793888,2.9529949570088196,3.7634847888027076,1.0,0.0,11.587662033333332,47.400193,1,"{""ue1"": {""delivered_bps"": 2952994.9570088196, ""delivery_ratio"": 1.0, ""offered_bps"": 2952994.9570088196}, ""ue2"": {""delivered_bps"": 3763484.7888027076, ""delivery_ratio"": 1.0, ""offered_bps"": 3763484.7888027076}, ""ue3"": {""delivered_bps"": 127989.33323708731, ""delivery_ratio"": 1.0, ""jitter_ms"": 11.587662033333332, ""loss_percent"": 0.0, ""offered_bps"": 127989.33323708731, ""rtt_p95_ms"": 47.400193}}"
1785748419.1759043,fair-base8-w3-r02-u1-040-u2-055,2,0.4,0.55,MEDIUM_70,0.7,1,7.447999999999998,7.447999999999998,1.0,0.0,1.0,1.1759999999999995,3.1359999999999997,4.311999999999999,1.0,0.0,10.828588543624159,45.236556,1,"{""ue1"": {""delivered_bps"": 3135999.9999999995, ""delivery_ratio"": 1.0, ""offered_bps"": 3135999.9999999995}, ""ue2"": {""delivered_bps"": 4311999.999999999, ""delivery_ratio"": 1.0, ""offered_bps"": 4311999.999999999}, ""ue3"": {""delivered_bps"": 125430.81897092031, ""delivery_ratio"": 1.0, ""jitter_ms"": 10.828588543624159, ""loss_percent"": 0.0, ""offered_bps"": 127990.63160297992, ""rtt_p95_ms"": 45.236556}}"
1785748420.355615,fair-base8-w3-r02-u1-040-u2-055,2,0.4,0.55,MEDIUM_70,0.7,2,6.177410888422927,6.177410888422927,1.0,0.0,1.0,0.09458911157707171,3.1359999999999997,3.0414108884229276,1.0,0.0,10.606166912162163,39.985947,1,"{""ue1"": {""delivered_bps"": 3135999.9999999995, ""delivery_ratio"": 1.0, ""offered_bps"": 3135999.9999999995}, ""ue2"": {""delivered_bps"": 3041410.888422928, ""delivery_ratio"": 1.0, ""offered_bps"": 3041410.888422928}, ""ue3"": {""delivered_bps"": 127990.78760294039, ""delivery_ratio"": 1.0, ""jitter_ms"": 10.606166912162163, ""loss_percent"": 0.0, ""offered_bps"": 127990.78760294039, ""rtt_p95_ms"": 39.985947}}"
1785748425.707556,fair-base8-w3-r02-u1-040-u2-055,2,0.4,0.55,LIGHT_85,0.85,0,8.155646317778546,8.155646317778546,1.0,0.0,1.0,0.9842453121708878,3.585700502803829,4.569945814974717,1.0,0.0,11.375268094594583,41.121706,1,"{""ue1"": {""delivered_bps"": 3585700.502803829, ""delivery_ratio"": 1.0, ""offered_bps"": 3585700.502803829}, ""ue2"": {""delivered_bps"": 4569945.814974717, ""delivery_ratio"": 1.0, ""offered_bps"": 4569945.814974717}, ""ue3"": {""delivered_bps"": 125430.6246903096, ""delivery_ratio"": 1.0, ""jitter_ms"": 11.375268094594583, ""loss_percent"": 0.0, ""offered_bps"": 127990.43335745878, ""rtt_p95_ms"": 41.121706}}"
1785748426.8456612,fair-base8-w3-r02-u1-040-u2-055,2,0.4,0.55,LIGHT_85,0.85,1,9.044,9.044,1.0,0.0,1.0,1.428,3.808,5.236,1.0,0.0,9.907171704697985,42.840753,1,"{""ue1"": {""delivered_bps"": 3808000.0, ""delivery_ratio"": 1.0, ""offered_bps"": 3808000.0}, ""ue2"": {""delivered_bps"": 5236000.0, ""delivery_ratio"": 1.0, ""offered_bps"": 5236000.0}, ""ue3"": {""delivered_bps"": 127991.2315728189, ""delivery_ratio"": 1.0, ""jitter_ms"": 9.907171704697985, ""loss_percent"": 0.0, ""offered_bps"": 127991.2315728189, ""rtt_p95_ms"": 42.840753}}"
1785748428.020254,fair-base8-w3-r02-u1-040-u2-055,2,0.4,0.55,LIGHT_85,0.85,2,7.501141793084984,7.501141793084984,1.0,0.0,1.0,0.11485820691501629,3.808,3.6931417930849837,1.0,0.0,9.092780046666666,36.857105,1,"{""ue1"": {""delivered_bps"": 3808000.0, ""delivery_ratio"": 1.0, ""offered_bps"": 3808000.0}, ""ue2"": {""delivered_bps"": 3693141.7930849837, ""delivery_ratio"": 1.0, ""offered_bps"": 3693141.7930849837}, ""ue3"": {""delivered_bps"": 130549.86868312508, ""delivery_ratio"": 1.0, ""jitter_ms"": 9.092780046666666, ""loss_percent"": 0.0, ""offered_bps"": 127990.06733639714, ""rtt_p95_ms"": 36.857105}}"
1785748433.4864101,fair-base8-w3-r02-u1-040-u2-075,2,0.4,0.75,EQUAL_100,1.0,0,11.5499394218906,11.5499394218906,1.0,0.0,1.0,3.112988326691375,4.218475547599613,7.331463874290989,1.0,0.0,11.504808635135134,54.29796,1,"{""ue1"": {""delivered_bps"": 4218475.547599614, ""delivery_ratio"": 1.0, ""offered_bps"": 4218475.547599614}, ""ue2"": {""delivered_bps"": 7331463.874290989, ""delivery_ratio"": 1.0, ""offered_bps"": 7331463.874290989}, ""ue3"": {""delivered_bps"": 125430.29307429201, ""delivery_ratio"": 1.0, ""jitter_ms"": 11.504808635135134, ""loss_percent"": 0.0, ""offered_bps"": 127990.09497376737, ""rtt_p95_ms"": 54.29796}}"
1785748434.642557,fair-base8-w3-r02-u1-040-u2-075,2,0.4,0.75,EQUAL_100,1.0,1,12.879999999999999,12.879999999999999,1.0,0.0,1.0,3.919999999999998,4.48,8.399999999999999,1.0,0.0,11.267640167785235,78.318742,0,"{""ue1"": {""delivered_bps"": 4480000.0, ""delivery_ratio"": 1.0, ""offered_bps"": 4480000.0}, ""ue2"": {""delivered_bps"": 8399999.999999998, ""delivery_ratio"": 1.0, ""offered_bps"": 8399999.999999998}, ""ue3"": {""delivered_bps"": 130546.66570397769, ""delivery_ratio"": 1.0, ""jitter_ms"": 11.267640167785235, ""loss_percent"": 0.0, ""offered_bps"": 127986.92716076244, ""rtt_p95_ms"": 78.318742}}"
1785748435.8148353,fair-base8-w3-r02-u1-040-u2-075,2,0.4,0.75,EQUAL_100,1.0,2,10.404826406018689,10.404826406018689,1.0,0.0,1.0,1.4448264060186902,4.48,5.92482640601869,0.98,2.0,11.380128144827587,54.29796,1,"{""ue1"": {""delivered_bps"": 4480000.0, ""delivery_ratio"": 1.0, ""offered_bps"": 4480000.0}, ""ue2"": {""delivered_bps"": 5924826.40601869, ""delivery_ratio"": 1.0, ""offered_bps"": 5924826.40601869}, ""ue3"": {""delivered_bps"": 117750.79871254812, ""delivery_ratio"": 0.98, ""jitter_ms"": 11.380128144827587, ""loss_percent"": 2.0, ""offered_bps"": 127989.99860059579, ""rtt_p95_ms"": 54.29796}}"
1785748441.263559,fair-base8-w3-r02-u1-040-u2-075,2,0.4,0.75,MEDIUM_70,0.7,0,8.084940416886427,8.084940416886427,1.0,0.0,1.0,2.1791090071209553,2.9529157048827357,5.132024712003691,1.0,0.0,10.15541116216216,38.638506,1,"{""ue1"": {""delivered_bps"": 2952915.704882736, ""delivery_ratio"": 1.0, ""offered_bps"": 2952915.704882736}, ""ue2"": {""delivered_bps"": 5132024.712003691, ""delivery_ratio"": 1.0, ""offered_bps"": 5132024.712003691}, ""ue3"": {""delivered_bps"": 125431.28403640963, ""delivery_ratio"": 1.0, ""jitter_ms"": 10.15541116216216, ""loss_percent"": 0.0, ""offered_bps"": 127991.10615960167, ""rtt_p95_ms"": 38.638506}}"
1785748442.4230623,fair-base8-w3-r02-u1-040-u2-075,2,0.4,0.75,MEDIUM_70,0.7,1,9.015999999999998,9.015999999999998,1.0,0.0,1.0,2.7439999999999993,3.1359999999999997,5.879999999999999,1.0,0.0,10.2407370738255,38.509897,1,"{""ue1"": {""delivered_bps"": 3135999.9999999995, ""delivery_ratio"": 1.0, ""offered_bps"": 3135999.9999999995}, ""ue2"": {""delivered_bps"": 5879999.999999999, ""delivery_ratio"": 1.0, ""offered_bps"": 5879999.999999999}, ""ue3"": {""delivered_bps"": 130549.6210437228, ""delivery_ratio"": 1.0, ""jitter_ms"": 10.2407370738255, ""loss_percent"": 0.0, ""offered_bps"": 127989.82455266942, ""rtt_p95_ms"": 38.509897}}"
1785748443.5803356,fair-base8-w3-r02-u1-040-u2-075,2,0.4,0.75,MEDIUM_70,0.7,2,9.015999999999998,9.015999999999998,1.0,0.0,1.0,2.7439999999999993,3.1359999999999997,5.879999999999999,1.0,0.0,10.371572344594592,39.520307,1,"{""ue1"": {""delivered_bps"": 3135999.9999999995, ""delivery_ratio"": 1.0, ""offered_bps"": 3135999.9999999995}, ""ue2"": {""delivered_bps"": 5879999.999999999, ""delivery_ratio"": 1.0, ""offered_bps"": 5879999.999999999}, ""ue3"": {""delivered_bps"": 125430.84655221619, ""delivery_ratio"": 1.0, ""jitter_ms"": 10.371572344594592, ""loss_percent"": 0.0, ""offered_bps"": 127990.65974715937, ""rtt_p95_ms"": 39.520307}}"
1785748449.007413,fair-base8-w3-r02-u1-040-u2-075,2,0.4,0.75,LIGHT_85,0.85,0,9.81745470517246,9.81745470517246,1.0,0.0,1.0,2.6460338811222175,3.5857104120251218,6.231744293147339,1.0,0.0,12.605868719999998,62.528927,0,"{""ue1"": {""delivered_bps"": 3585710.412025122, ""delivery_ratio"": 1.0, ""offered_bps"": 3585710.412025122}, ""ue2"": {""delivered_bps"": 6231744.2931473395, ""delivery_ratio"": 1.0, ""offered_bps"": 6231744.2931473395}, ""ue3"": {""delivered_bps"": 127990.39995405776, ""delivery_ratio"": 1.0, ""jitter_ms"": 12.605868719999998, ""loss_percent"": 0.0, ""offered_bps"": 127990.39995405776, ""rtt_p95_ms"": 62.528927}}"
1785748450.1861775,fair-base8-w3-r02-u1-040-u2-075,2,0.4,0.75,LIGHT_85,0.85,1,10.948,10.948,1.0,0.0,1.0,3.331999999999999,3.808,7.139999999999999,1.0,0.0,12.407438557046973,66.094741,0,"{""ue1"": {""delivered_bps"": 3808000.0, ""delivery_ratio"": 1.0, ""offered_bps"": 3808000.0}, ""ue2"": {""delivered_bps"": 7139999.999999999, ""delivery_ratio"": 1.0, ""offered_bps"": 7139999.999999999}, ""ue3"": {""delivered_bps"": 125431.23198347873, ""delivery_ratio"": 1.0, ""jitter_ms"": 12.407438557046973, ""loss_percent"": 0.0, ""offered_bps"": 127991.05304436605, ""rtt_p95_ms"": 66.094741}}"
1785748451.332559,fair-base8-w3-r02-u1-040-u2-075,2,0.4,0.75,LIGHT_85,0.85,2,10.948,10.948,1.0,0.0,1.0,3.331999999999999,3.808,7.139999999999999,1.0,0.0,13.269764865771814,100.088837,0,"{""ue1"": {""delivered_bps"": 3808000.0, ""delivery_ratio"": 1.0, ""offered_bps"": 3808000.0}, ""ue2"": {""delivered_bps"": 7139999.999999999, ""delivery_ratio"": 1.0, ""offered_bps"": 7139999.999999999}, ""ue3"": {""delivered_bps"": 130550.75426135056, ""delivery_ratio"": 1.0, ""jitter_ms"": 13.269764865771814, ""loss_percent"": 0.0, ""offered_bps"": 127990.9355503437, ""rtt_p95_ms"": 100.088837}}"
1785748456.8212388,fair-base8-w3-r02-u1-040-u2-075,2,0.4,0.75,STRONG_40,0.4,0,4.619973014055388,4.619973014055388,1.0,0.0,1.0,1.2451980853774034,1.6873874643389926,2.932585549716396,1.0,0.0,9.78732474496644,34.33655,1,"{""ue1"": {""delivered_bps"": 1687387.4643389925, ""delivery_ratio"": 1.0, ""offered_bps"": 1687387.4643389925}, ""ue2"": {""delivered_bps"": 2932585.549716396, ""delivery_ratio"": 1.0, ""offered_bps"": 2932585.549716396}, ""ue3"": {""delivered_bps"": 130550.31447592874, ""delivery_ratio"": 1.0, ""jitter_ms"": 9.78732474496644, ""loss_percent"": 0.0, ""offered_bps"": 127990.50438816543, ""rtt_p95_ms"": 34.33655}}"
1785748458.0109596,fair-base8-w3-r02-u1-040-u2-075,2,0.4,0.75,STRONG_40,0.4,1,5.152000000000001,5.152000000000001,1.0,0.0,1.0,1.5680000000000003,1.7920000000000003,3.3600000000000003,1.0,0.0,9.973494333333337,37.837121,1,"{""ue1"": {""delivered_bps"": 1792000.0000000002, ""delivery_ratio"": 1.0, ""offered_bps"": 1792000.0000000002}, ""ue2"": {""delivered_bps"": 3360000.0000000005, ""delivery_ratio"": 1.0, ""offered_bps"": 3360000.0000000005}, ""ue3"": {""delivered_bps"": 130550.00796218056, ""delivery_ratio"": 1.0, ""jitter_ms"": 9.973494333333337, ""loss_percent"": 0.0, ""offered_bps"": 127990.20388449075, ""rtt_p95_ms"": 37.837121}}"
1785748459.1815543,fair-base8-w3-r02-u1-040-u2-075,2,0.4,0.75,STRONG_40,0.4,2,5.152000000000001,5.152000000000001,1.0,0.0,1.0,1.5680000000000003,1.7920000000000003,3.3600000000000003,1.0,0.0,9.591409617449667,38.042427,1,"{""ue1"": {""delivered_bps"": 1792000.0000000002, ""delivery_ratio"": 1.0, ""offered_bps"": 1792000.0000000002}, ""ue2"": {""delivered_bps"": 3360000.0000000005, ""delivery_ratio"": 1.0, ""offered_bps"": 3360000.0000000005}, ""ue3"": {""delivered_bps"": 127990.78773703154, ""delivery_ratio"": 1.0, ""jitter_ms"": 9.591409617449667, ""loss_percent"": 0.0, ""offered_bps"": 127990.78773703154, ""rtt_p95_ms"": 38.042427}}"
1785748464.8432515,fair-base8-w3-r02-u1-055-u2-040,2,0.55,0.4,MEDIUM_70,0.7,0,6.797512247130388,6.797512247130388,1.0,0.0,1.0,1.3233525543264515,4.06043240072842,2.7370798464019686,1.0,0.0,10.886670503355708,37.335899,1,"{""ue1"": {""delivered_bps"": 4060432.40072842, ""delivery_ratio"": 1.0, ""offered_bps"": 4060432.40072842}, ""ue2"": {""delivered_bps"": 2737079.8464019685, ""delivery_ratio"": 1.0, ""offered_bps"": 2737079.8464019685}, ""ue3"": {""delivered_bps"": 127990.53829818554, ""delivery_ratio"": 1.0, ""jitter_ms"": 10.886670503355708, ""loss_percent"": 0.0, ""offered_bps"": 127990.53829818554, ""rtt_p95_ms"": 37.335899}}"
1785748466.0330932,fair-base8-w3-r02-u1-055-u2-040,2,0.55,0.4,MEDIUM_70,0.7,1,6.5239351915803105,6.5239351915803105,1.0,0.0,1.0,2.1000648084196882,4.311999999999999,2.2119351915803107,1.0,0.0,12.026716322147651,80.824104,0,"{""ue1"": {""delivered_bps"": 4311999.999999999, ""delivery_ratio"": 1.0, ""offered_bps"": 4311999.999999999}, ""ue2"": {""delivered_bps"": 2211935.191580311, ""delivery_ratio"": 1.0, ""offered_bps"": 2211935.191580311}, ""ue3"": {""delivered_bps"": 127990.11967607387, ""delivery_ratio"": 1.0, ""jitter_ms"": 12.026716322147651, ""loss_percent"": 0.0, ""offered_bps"": 127990.11967607387, ""rtt_p95_ms"": 80.824104}}"
1785748467.1832547,fair-base8-w3-r02-u1-055-u2-040,2,0.55,0.4,MEDIUM_70,0.7,2,7.447999999999998,7.447999999999998,1.0,0.0,1.0,1.1759999999999995,4.311999999999999,3.1359999999999997,1.0,0.0,12.288023275167774,80.824104,0,"{""ue1"": {""delivered_bps"": 4311999.999999999, ""delivery_ratio"": 1.0, ""offered_bps"": 4311999.999999999}, ""ue2"": {""delivered_bps"": 3135999.9999999995, ""delivery_ratio"": 1.0, ""offered_bps"": 3135999.9999999995}, ""ue3"": {""delivered_bps"": 127989.5879155915, ""delivery_ratio"": 1.0, ""jitter_ms"": 12.288023275167774, ""loss_percent"": 0.0, ""offered_bps"": 127989.5879155915, ""rtt_p95_ms"": 80.824104}}"
1785748472.7421339,fair-base8-w3-r02-u1-055-u2-040,2,0.55,0.4,STRONG_40,0.4,0,3.8842039262528067,3.8842039262528067,1.0,0.0,1.0,0.7561126732219839,2.320158299737395,1.5640456265154112,1.0,0.0,10.823196391891887,35.284755,1,"{""ue1"": {""delivered_bps"": 2320158.2997373953, ""delivery_ratio"": 1.0, ""offered_bps"": 2320158.2997373953}, ""ue2"": {""delivered_bps"": 1564045.6265154113, ""delivery_ratio"": 1.0, ""offered_bps"": 1564045.6265154113}, ""ue3"": {""delivered_bps"": 127989.4560991513, ""delivery_ratio"": 1.0, ""jitter_ms"": 10.823196391891887, ""loss_percent"": 0.0, ""offered_bps"": 127989.4560991513, ""rtt_p95_ms"": 35.284755}}"
1785748473.9446266,fair-base8-w3-r02-u1-055-u2-040,2,0.55,0.4,STRONG_40,0.4,1,4.256,4.256,1.0,0.0,1.0,0.6719999999999998,2.464,1.7920000000000003,1.0,0.0,12.43971856,65.504906,0,"{""ue1"": {""delivered_bps"": 2464000.0, ""delivery_ratio"": 1.0, ""offered_bps"": 2464000.0}, ""ue2"": {""delivered_bps"": 1792000.0000000002, ""delivery_ratio"": 1.0, ""offered_bps"": 1792000.0000000002}, ""ue3"": {""delivered_bps"": 130550.3942370615, ""delivery_ratio"": 1.0, ""jitter_ms"": 12.43971856, ""loss_percent"": 0.0, ""offered_bps"": 127990.58258535441, ""rtt_p95_ms"": 65.504906}}"
1785748475.0901387,fair-base8-w3-r02-u1-055-u2-040,2,0.55,0.4,STRONG_40,0.4,2,4.256,4.256,1.0,0.0,1.0,0.6719999999999998,2.464,1.7920000000000003,1.0,0.0,11.143282826666661,65.504906,0,"{""ue1"": {""delivered_bps"": 2464000.0, ""delivery_ratio"": 1.0, ""offered_bps"": 2464000.0}, ""ue2"": {""delivered_bps"": 1792000.0000000002, ""delivery_ratio"": 1.0, ""offered_bps"": 1792000.0000000002}, ""ue3"": {""delivered_bps"": 127987.94251277659, ""delivery_ratio"": 1.0, ""jitter_ms"": 11.143282826666661, ""loss_percent"": 0.0, ""offered_bps"": 127987.94251277659, ""rtt_p95_ms"": 65.504906}}"
1785748480.5209432,fair-base8-w3-r02-u1-055-u2-040,2,0.55,0.4,LIGHT_85,0.85,0,8.253881221028466,8.253881221028466,1.0,0.0,1.0,1.6066873083379707,4.930284264683219,3.323596956345248,1.0,0.0,12.139912959459451,39.385083,1,"{""ue1"": {""delivered_bps"": 4930284.264683219, ""delivery_ratio"": 1.0, ""offered_bps"": 4930284.264683219}, ""ue2"": {""delivered_bps"": 3323596.956345248, ""delivery_ratio"": 1.0, ""offered_bps"": 3323596.956345248}, ""ue3"": {""delivered_bps"": 125429.20544242056, ""delivery_ratio"": 1.0, ""jitter_ms"": 12.139912959459451, ""loss_percent"": 0.0, ""offered_bps"": 127988.9851453271, ""rtt_p95_ms"": 39.385083}}"
1785748481.713872,fair-base8-w3-r02-u1-055-u2-040,2,0.55,0.4,LIGHT_85,0.85,1,9.044,9.044,1.0,0.0,1.0,1.428,5.236,3.808,1.0,0.0,13.03501743624161,59.193738,1,"{""ue1"": {""delivered_bps"": 5236000.0, ""delivery_ratio"": 1.0, ""offered_bps"": 5236000.0}, ""ue2"": {""delivered_bps"": 3808000.0, ""delivery_ratio"": 1.0, ""offered_bps"": 3808000.0}, ""ue3"": {""delivered_bps"": 130550.1643456357, ""delivery_ratio"": 1.0, ""jitter_ms"": 13.03501743624161, ""loss_percent"": 0.0, ""offered_bps"": 127990.35720160362, ""rtt_p95_ms"": 59.193738}}"
1785748482.8519335,fair-base8-w3-r02-u1-055-u2-040,2,0.55,0.4,LIGHT_85,0.85,2,7.921921304061806,7.921921304061806,1.0,0.0,1.0,2.550078695938194,5.236,2.6859213040618064,1.0,0.0,10.865957483221472,44.63408,1,"{""ue1"": {""delivered_bps"": 5236000.0, ""delivery_ratio"": 1.0, ""offered_bps"": 5236000.0}, ""ue2"": {""delivered_bps"": 2685921.3040618063, ""delivery_ratio"": 1.0, ""offered_bps"": 2685921.3040618063}, ""ue3"": {""delivered_bps"": 127988.84577655596, ""delivery_ratio"": 1.0, ""jitter_ms"": 10.865957483221472, ""loss_percent"": 0.0, ""offered_bps"": 127988.84577655596, ""rtt_p95_ms"": 44.63408}}"
1785748488.2354681,fair-base8-w3-r02-u1-055-u2-040,2,0.55,0.4,EQUAL_100,1.0,0,9.710486576078784,9.710486576078784,1.0,0.0,1.0,1.8902584435017296,5.8003725097902565,3.910114066288527,1.0,0.0,12.02370138666666,50.905918,1,"{""ue1"": {""delivered_bps"": 5800372.509790257, ""delivery_ratio"": 1.0, ""offered_bps"": 5800372.509790257}, ""ue2"": {""delivered_bps"": 3910114.066288527, ""delivery_ratio"": 1.0, ""offered_bps"": 3910114.066288527}, ""ue3"": {""delivered_bps"": 130548.73507816247, ""delivery_ratio"": 1.0, ""jitter_ms"": 12.02370138666666, ""loss_percent"": 0.0, ""offered_bps"": 127988.95595898281, ""rtt_p95_ms"": 50.905918}}"
1785748489.3817644,fair-base8-w3-r02-u1-055-u2-040,2,0.55,0.4,EQUAL_100,1.0,1,10.64,10.64,1.0,0.0,1.0,1.68,6.16,4.48,1.0,0.0,11.727003469798657,50.905918,1,"{""ue1"": {""delivered_bps"": 6160000.0, ""delivery_ratio"": 1.0, ""offered_bps"": 6160000.0}, ""ue2"": {""delivered_bps"": 4480000.0, ""delivery_ratio"": 1.0, ""offered_bps"": 4480000.0}, ""ue3"": {""delivered_bps"": 125431.0504994114, ""delivery_ratio"": 1.0, ""jitter_ms"": 11.727003469798657, ""loss_percent"": 0.0, ""offered_bps"": 127990.86785654225, ""rtt_p95_ms"": 50.905918}}"
1785748490.5303843,fair-base8-w3-r02-u1-055-u2-040,2,0.55,0.4,EQUAL_100,1.0,2,10.64,10.64,1.0,0.0,1.0,1.68,6.16,4.48,1.0,0.0,13.291507302013423,99.966081,0,"{""ue1"": {""delivered_bps"": 6160000.0, ""delivery_ratio"": 1.0, ""offered_bps"": 6160000.0}, ""ue2"": {""delivered_bps"": 4480000.0, ""delivery_ratio"": 1.0, ""offered_bps"": 4480000.0}, ""ue3"": {""delivered_bps"": 127989.86908517459, ""delivery_ratio"": 1.0, ""jitter_ms"": 13.291507302013423, ""loss_percent"": 0.0, ""offered_bps"": 127989.86908517459, ""rtt_p95_ms"": 99.966081}}"
1785748496.0735798,fair-base8-w3-r02-u1-055-u2-055,2,0.55,0.55,STRONG_40,0.4,0,4.470707299531365,4.470707299531365,1.0,0.0,1.0,0.16958182661398455,2.3201445630726747,2.1505627364586903,1.0,0.0,11.35440041610738,46.20547,1,"{""ue1"": {""delivered_bps"": 2320144.563072675, ""delivery_ratio"": 1.0, ""offered_bps"": 2320144.563072675}, ""ue2"": {""delivered_bps"": 2150562.7364586904, ""delivery_ratio"": 1.0, ""offered_bps"": 2150562.7364586904}, ""ue3"": {""delivered_bps"": 130550.23745033744, ""delivery_ratio"": 1.0, ""jitter_ms"": 11.35440041610738, ""loss_percent"": 0.0, ""offered_bps"": 127990.42887287984, ""rtt_p95_ms"": 46.20547}}"
1785748497.2308524,fair-base8-w3-r02-u1-055-u2-055,2,0.55,0.55,STRONG_40,0.4,1,4.928,4.928,1.0,0.0,1.0,0.0,2.464,2.464,1.0,0.0,12.515354355704691,67.922906,0,"{""ue1"": {""delivered_bps"": 2464000.0, ""delivery_ratio"": 1.0, ""offered_bps"": 2464000.0}, ""ue2"": {""delivered_bps"": 2464000.0, ""delivery_ratio"": 1.0, ""offered_bps"": 2464000.0}, ""ue3"": {""delivered_bps"": 127990.78556177519, ""delivery_ratio"": 1.0, ""jitter_ms"": 12.515354355704691, ""loss_percent"": 0.0, ""offered_bps"": 127990.78556177519, ""rtt_p95_ms"": 67.922906}}"
1785748498.3786933,fair-base8-w3-r02-u1-055-u2-055,2,0.55,0.55,STRONG_40,0.4,2,4.928,4.928,1.0,0.0,1.0,0.0,2.464,2.464,1.0,0.0,12.807615839999993,67.922906,0,"{""ue1"": {""delivered_bps"": 2464000.0, ""delivery_ratio"": 1.0, ""offered_bps"": 2464000.0}, ""ue2"": {""delivered_bps"": 2464000.0, ""delivery_ratio"": 1.0, ""offered_bps"": 2464000.0}, ""ue3"": {""delivered_bps"": 127989.83159234909, ""delivery_ratio"": 1.0, ""jitter_ms"": 12.807615839999993, ""loss_percent"": 0.0, ""offered_bps"": 127989.83159234909, ""rtt_p95_ms"": 67.922906}}"
1785748503.8489163,fair-base8-w3-r02-u1-055-u2-055,2,0.55,0.55,LIGHT_85,0.85,0,9.5002977581332,9.5002977581332,1.0,0.0,1.0,0.3604061281837672,4.930351943158484,4.569945814974717,1.0,0.0,11.390855918918922,38.456015,1,"{""ue1"": {""delivered_bps"": 4930351.943158484, ""delivery_ratio"": 1.0, ""offered_bps"": 4930351.943158484}, ""ue2"": {""delivered_bps"": 4569945.814974717, ""delivery_ratio"": 1.0, ""offered_bps"": 4569945.814974717}, ""ue3"": {""delivered_bps"": 127990.49350448308, ""delivery_ratio"": 1.0, ""jitter_ms"": 11.390855918918922, ""loss_percent"": 0.0, ""offered_bps"": 127990.49350448308, ""rtt_p95_ms"": 38.456015}}"
1785748504.9989774,fair-base8-w3-r02-u1-055-u2-055,2,0.55,0.55,LIGHT_85,0.85,1,10.472,10.472,1.0,0.0,1.0,0.0,5.236,5.236,1.0,0.0,10.864831295302015,41.130304,1,"{""ue1"": {""delivered_bps"": 5236000.0, ""delivery_ratio"": 1.0, ""offered_bps"": 5236000.0}, ""ue2"": {""delivered_bps"": 5236000.0, ""delivery_ratio"": 1.0, ""offered_bps"": 5236000.0}, ""ue3"": {""delivered_bps"": 127989.31263966863, ""delivery_ratio"": 1.0, ""jitter_ms"": 10.864831295302015, ""loss_percent"": 0.0, ""offered_bps"": 127989.31263966863, ""rtt_p95_ms"": 41.130304}}"
1785748506.1515656,fair-base8-w3-r02-u1-055-u2-055,2,0.55,0.55,LIGHT_85,0.85,2,8.929141793084982,8.929141793084982,1.0,0.0,1.0,1.5428582069150163,5.236,3.6931417930849837,1.0,0.0,11.039883369127514,40.355045,1,"{""ue1"": {""delivered_bps"": 5236000.0, ""delivery_ratio"": 1.0, ""offered_bps"": 5236000.0}, ""ue2"": {""delivered_bps"": 3693141.7930849837, ""delivery_ratio"": 1.0, ""offered_bps"": 3693141.7930849837}, ""ue3"": {""delivered_bps"": 127991.59914260719, ""delivery_ratio"": 1.0, ""jitter_ms"": 11.039883369127514, ""loss_percent"": 0.0, ""offered_bps"": 127991.59914260719, ""rtt_p95_ms"": 40.355045}}"
1785748511.594426,fair-base8-w3-r02-u1-055-u2-055,2,0.55,0.55,MEDIUM_70,0.7,0,7.823758444621824,7.823758444621824,1.0,0.0,1.0,0.2967888670164081,4.060273655819116,3.7634847888027076,1.0,0.0,11.047025060000001,45.915644,1,"{""ue1"": {""delivered_bps"": 4060273.6558191157, ""delivery_ratio"": 1.0, ""offered_bps"": 4060273.6558191157}, ""ue2"": {""delivered_bps"": 3763484.7888027076, ""delivery_ratio"": 1.0, ""offered_bps"": 3763484.7888027076}, ""ue3"": {""delivered_bps"": 138225.34479162158, ""delivery_ratio"": 1.0, ""jitter_ms"": 11.047025060000001, ""loss_percent"": 0.0, ""offered_bps"": 127986.43036261256, ""rtt_p95_ms"": 45.915644}}"
1785748512.743835,fair-base8-w3-r02-u1-055-u2-055,2,0.55,0.55,MEDIUM_70,0.7,1,8.623999999999999,8.623999999999999,1.0,0.0,1.0,0.0,4.311999999999999,4.311999999999999,1.0,0.0,11.335389080536915,40.925491,1,"{""ue1"": {""delivered_bps"": 4311999.999999999, ""delivery_ratio"": 1.0, ""offered_bps"": 4311999.999999999}, ""ue2"": {""delivered_bps"": 4311999.999999999, ""delivery_ratio"": 1.0, ""offered_bps"": 4311999.999999999}, ""ue3"": {""delivered_bps"": 125430.18496948457, ""delivery_ratio"": 1.0, ""jitter_ms"": 11.335389080536915, ""loss_percent"": 0.0, ""offered_bps"": 127989.98466273936, ""rtt_p95_ms"": 40.925491}}"
1785748513.8928697,fair-base8-w3-r02-u1-055-u2-055,2,0.55,0.55,MEDIUM_70,0.7,2,8.623999999999999,8.623999999999999,1.0,0.0,1.0,0.0,4.311999999999999,4.311999999999999,1.0,0.0,12.319094445945943,69.832061,0,"{""ue1"": {""delivered_bps"": 4311999.999999999, ""delivery_ratio"": 1.0, ""offered_bps"": 4311999.999999999}, ""ue2"": {""delivered_bps"": 4311999.999999999, ""delivery_ratio"": 1.0, ""offered_bps"": 4311999.999999999}, ""ue3"": {""delivered_bps"": 140787.7135970534, ""delivery_ratio"": 1.0, ""jitter_ms"": 12.319094445945943, ""loss_percent"": 0.0, ""offered_bps"": 127988.83054277582, ""rtt_p95_ms"": 69.832061}}"
1785748519.4012403,fair-base8-w3-r02-u1-055-u2-055,2,0.55,0.55,EQUAL_100,1.0,0,11.176754465186972,11.176754465186972,1.0,0.0,1.0,0.42394078289352266,5.800347624040248,5.376406841146725,1.0,0.0,12.061190684563758,88.407324,0,"{""ue1"": {""delivered_bps"": 5800347.624040248, ""delivery_ratio"": 1.0, ""offered_bps"": 5800347.624040248}, ""ue2"": {""delivered_bps"": 5376406.841146725, ""delivery_ratio"": 1.0, ""offered_bps"": 5376406.841146725}, ""ue3"": {""delivered_bps"": 125430.4109764926, ""delivery_ratio"": 1.0, ""jitter_ms"": 12.061190684563758, ""loss_percent"": 0.0, ""offered_bps"": 127990.2152821353, ""rtt_p95_ms"": 88.407324}}"
1785748520.5501702,fair-base8-w3-r02-u1-055-u2-055,2,0.55,0.55,EQUAL_100,1.0,1,12.32,12.32,1.0,0.0,1.0,0.0,6.16,6.16,1.0,0.0,12.145749288590602,88.407324,0,"{""ue1"": {""delivered_bps"": 6160000.0, ""delivery_ratio"": 1.0, ""offered_bps"": 6160000.0}, ""ue2"": {""delivered_bps"": 6160000.0, ""delivery_ratio"": 1.0, ""offered_bps"": 6160000.0}, ""ue3"": {""delivered_bps"": 127989.05206985852, ""delivery_ratio"": 1.0, ""jitter_ms"": 12.145749288590602, ""loss_percent"": 0.0, ""offered_bps"": 127989.05206985852, ""rtt_p95_ms"": 88.407324}}"
1785748521.7059302,fair-base8-w3-r02-u1-055-u2-055,2,0.55,0.55,EQUAL_100,1.0,2,10.504872697747041,10.504872697747041,1.0,0.0,1.0,1.8151273022529604,6.16,4.344872697747039,1.0,0.0,10.975818128378382,44.356473,1,"{""ue1"": {""delivered_bps"": 6160000.0, ""delivery_ratio"": 1.0, ""offered_bps"": 6160000.0}, ""ue2"": {""delivered_bps"": 4344872.69774704, ""delivery_ratio"": 1.0, ""offered_bps"": 4344872.69774704}, ""ue3"": {""delivered_bps"": 127990.63044830898, ""delivery_ratio"": 1.0, ""jitter_ms"": 10.975818128378382, ""loss_percent"": 0.0, ""offered_bps"": 127990.63044830898, ""rtt_p95_ms"": 44.356473}}"
1785748527.175061,fair-base8-w3-r02-u1-025-u2-075,2,0.25,0.75,EQUAL_100,1.0,0,9.968036447347185,9.968036447347185,1.0,0.0,1.0,4.694891301234793,2.6365725730561955,7.331463874290989,1.0,0.0,11.045043749999996,45.729532,1,"{""ue1"": {""delivered_bps"": 2636572.5730561954, ""delivery_ratio"": 1.0, ""offered_bps"": 2636572.5730561954}, ""ue2"": {""delivered_bps"": 7331463.874290989, ""delivery_ratio"": 1.0, ""offered_bps"": 7331463.874290989}, ""ue3"": {""delivered_bps"": 125430.8900778327, ""delivery_ratio"": 1.0, ""jitter_ms"": 11.045043749999996, ""loss_percent"": 0.0, ""offered_bps"": 127990.70416105376, ""rtt_p95_ms"": 45.729532}}"
1785748528.319197,fair-base8-w3-r02-u1-025-u2-075,2,0.25,0.75,EQUAL_100,1.0,1,11.199999999999998,11.199999999999998,1.0,0.0,1.0,5.599999999999998,2.8,8.399999999999999,1.0,0.0,10.473640519999998,38.839034,1,"{""ue1"": {""delivered_bps"": 2800000.0, ""delivery_ratio"": 1.0, ""offered_bps"": 2800000.0}, ""ue2"": {""delivered_bps"": 8399999.999999998, ""delivery_ratio"": 1.0, ""offered_bps"": 8399999.999999998}, ""ue3"": {""delivered_bps"": 133109.83346923155, ""delivery_ratio"": 1.0, ""jitter_ms"": 10.473640519999998, ""loss_percent"": 0.0, ""offered_bps"": 127990.22448964571, ""rtt_p95_ms"": 38.839034}}"
1785748529.4935477,fair-base8-w3-r02-u1-025-u2-075,2,0.25,0.75,EQUAL_100,1.0,2,8.724826406018689,8.724826406018689,1.0,0.0,1.0,3.1248264060186903,2.8,5.92482640601869,1.0,0.0,9.734187599999998,37.997075,1,"{""ue1"": {""delivered_bps"": 2800000.0, ""delivery_ratio"": 1.0, ""offered_bps"": 2800000.0}, ""ue2"": {""delivered_bps"": 5924826.40601869, ""delivery_ratio"": 1.0, ""offered_bps"": 5924826.40601869}, ""ue3"": {""delivered_bps"": 127989.81790035908, ""delivery_ratio"": 1.0, ""jitter_ms"": 9.734187599999998, ""loss_percent"": 0.0, ""offered_bps"": 127989.81790035908, ""rtt_p95_ms"": 37.997075}}"
1785748534.895223,fair-base8-w3-r02-u1-025-u2-075,2,0.25,0.75,LIGHT_85,0.85,0,8.472906862150596,8.472906862150596,1.0,0.0,1.0,3.990581724144082,2.2411625690032575,6.231744293147339,1.0,0.0,11.959520483443708,40.660063,1,"{""ue1"": {""delivered_bps"": 2241162.5690032574, ""delivery_ratio"": 1.0, ""offered_bps"": 2241162.5690032574}, ""ue2"": {""delivered_bps"": 6231744.2931473395, ""delivery_ratio"": 1.0, ""offered_bps"": 6231744.2931473395}, ""ue3"": {""delivered_bps"": 130549.10306394158, ""delivery_ratio"": 1.0, ""jitter_ms"": 11.959520483443708, ""loss_percent"": 0.0, ""offered_bps"": 127989.31672935448, ""rtt_p95_ms"": 40.660063}}"
1785748536.0866888,fair-base8-w3-r02-u1-025-u2-075,2,0.25,0.75,LIGHT_85,0.85,1,9.52,9.52,1.0,0.0,1.0,4.759999999999999,2.38,7.139999999999999,1.0,0.0,11.52712196644296,40.170604,1,"{""ue1"": {""delivered_bps"": 2380000.0, ""delivery_ratio"": 1.0, ""offered_bps"": 2380000.0}, ""ue2"": {""delivered_bps"": 7139999.999999999, ""delivery_ratio"": 1.0, ""offered_bps"": 7139999.999999999}, ""ue3"": {""delivered_bps"": 125430.11585638583, ""delivery_ratio"": 1.0, ""jitter_ms"": 11.52712196644296, ""loss_percent"": 0.0, ""offered_bps"": 127989.91413916921, ""rtt_p95_ms"": 40.170604}}"
1785748537.291083,fair-base8-w3-r02-u1-025-u2-075,2,0.25,0.75,LIGHT_85,0.85,2,9.52,9.52,1.0,0.0,1.0,4.759999999999999,2.38,7.139999999999999,1.0,0.0,9.95677522147651,35.480452,1,"{""ue1"": {""delivered_bps"": 2380000.0, ""delivery_ratio"": 1.0, ""offered_bps"": 2380000.0}, ""ue2"": {""delivered_bps"": 7139999.999999999, ""delivery_ratio"": 1.0, ""offered_bps"": 7139999.999999999}, ""ue3"": {""delivered_bps"": 127989.02277174416, ""delivery_ratio"": 1.0, ""jitter_ms"": 9.95677522147651, ""loss_percent"": 0.0, ""offered_bps"": 127989.02277174416, ""rtt_p95_ms"": 35.480452}}"
1785748542.8650594,fair-base8-w3-r02-u1-025-u2-075,2,0.25,0.75,MEDIUM_70,0.7,0,6.977604930910507,6.977604930910507,1.0,0.0,1.0,3.286444493096875,1.8455802189068158,5.132024712003691,1.0,0.0,10.805335295302008,34.404659,1,"{""ue1"": {""delivered_bps"": 1845580.2189068159, ""delivery_ratio"": 1.0, ""offered_bps"": 1845580.2189068159}, ""ue2"": {""delivered_bps"": 5132024.712003691, ""delivery_ratio"": 1.0, ""offered_bps"": 5132024.712003691}, ""ue3"": {""delivered_bps"": 127990.71683265189, ""delivery_ratio"": 1.0, ""jitter_ms"": 10.805335295302008, ""loss_percent"": 0.0, ""offered_bps"": 127990.71683265189, ""rtt_p95_ms"": 34.404659}}"
1785748544.0416703,fair-base8-w3-r02-u1-025-u2-075,2,0.25,0.75,MEDIUM_70,0.7,1,7.839999999999999,7.839999999999999,1.0,0.0,1.0,3.919999999999999,1.9599999999999997,5.879999999999999,1.0,0.0,12.1166186442953,72.119472,0,"{""ue1"": {""delivered_bps"": 1959999.9999999998, ""delivery_ratio"": 1.0, ""offered_bps"": 1959999.9999999998}, ""ue2"": {""delivered_bps"": 5879999.999999999, ""delivery_ratio"": 1.0, ""offered_bps"": 5879999.999999999}, ""ue3"": {""delivered_bps"": 127990.24061769103, ""delivery_ratio"": 1.0, ""jitter_ms"": 12.1166186442953, ""loss_percent"": 0.0, ""offered_bps"": 127990.24061769103, ""rtt_p95_ms"": 72.119472}}"
1785748545.261311,fair-base8-w3-r02-u1-025-u2-075,2,0.25,0.75,MEDIUM_70,0.7,2,7.839999999999999,7.839999999999999,1.0,0.0,1.0,3.919999999999999,1.9599999999999997,5.879999999999999,1.0,0.0,12.940809093959729,72.119472,0,"{""ue1"": {""delivered_bps"": 1959999.9999999998, ""delivery_ratio"": 1.0, ""offered_bps"": 1959999.9999999998}, ""ue2"": {""delivered_bps"": 5879999.999999999, ""delivery_ratio"": 1.0, ""offered_bps"": 5879999.999999999}, ""ue3"": {""delivered_bps"": 127993.90774160916, ""delivery_ratio"": 1.0, ""jitter_ms"": 12.940809093959729, ""loss_percent"": 0.0, ""offered_bps"": 127993.90774160916, ""rtt_p95_ms"": 72.119472}}"
1785748550.7628262,fair-base8-w3-r02-u1-025-u2-075,2,0.25,0.75,STRONG_40,0.4,0,3.987201639252003,3.987201639252003,1.0,0.0,1.0,1.8779694601807881,1.0546160895356078,2.932585549716396,1.0,0.0,10.766180966666667,38.057509,1,"{""ue1"": {""delivered_bps"": 1054616.0895356077, ""delivery_ratio"": 1.0, ""offered_bps"": 1054616.0895356077}, ""ue2"": {""delivered_bps"": 2932585.549716396, ""delivery_ratio"": 1.0, ""offered_bps"": 2932585.549716396}, ""ue3"": {""delivered_bps"": 130550.4558455177, ""delivery_ratio"": 1.0, ""jitter_ms"": 10.766180966666667, ""loss_percent"": 0.0, ""offered_bps"": 127990.64298580166, ""rtt_p95_ms"": 38.057509}}"
1785748551.919524,fair-base8-w3-r02-u1-025-u2-075,2,0.25,0.75,STRONG_40,0.4,1,4.48,4.48,1.0,0.0,1.0,2.2400000000000007,1.12,3.3600000000000003,1.0,0.0,11.419794543624167,38.96529,1,"{""ue1"": {""delivered_bps"": 1120000.0, ""delivery_ratio"": 1.0, ""offered_bps"": 1120000.0}, ""ue2"": {""delivered_bps"": 3360000.0000000005, ""delivery_ratio"": 1.0, ""offered_bps"": 3360000.0000000005}, ""ue3"": {""delivered_bps"": 127989.83312692486, ""delivery_ratio"": 1.0, ""jitter_ms"": 11.419794543624167, ""loss_percent"": 0.0, ""offered_bps"": 127989.83312692486, ""rtt_p95_ms"": 38.96529}}"
1785748553.1110182,fair-base8-w3-r02-u1-025-u2-075,2,0.25,0.75,STRONG_40,0.4,2,4.48,4.48,1.0,0.0,1.0,2.2400000000000007,1.12,3.3600000000000003,1.0,0.0,10.297668722972976,34.80057,1,"{""ue1"": {""delivered_bps"": 1120000.0, ""delivery_ratio"": 1.0, ""offered_bps"": 1120000.0}, ""ue2"": {""delivered_bps"": 3360000.0000000005, ""delivery_ratio"": 1.0, ""offered_bps"": 3360000.0000000005}, ""ue3"": {""delivered_bps"": 127989.71103142346, ""delivery_ratio"": 1.0, ""jitter_ms"": 10.297668722972976, ""loss_percent"": 0.0, ""offered_bps"": 127989.71103142346, ""rtt_p95_ms"": 34.80057}}"
1785748558.5778766,fair-base8-w3-r02-u1-075-u2-025,2,0.75,0.25,MEDIUM_70,0.7,0,7.247445483212019,7.247445483212019,1.0,0.0,1.0,3.8260956752095576,5.536770579210788,1.7106749040012306,1.0,0.0,10.421324731543624,34.532891,1,"{""ue1"": {""delivered_bps"": 5536770.579210788, ""delivery_ratio"": 1.0, ""offered_bps"": 5536770.579210788}, ""ue2"": {""delivered_bps"": 1710674.9040012306, ""delivery_ratio"": 1.0, ""offered_bps"": 1710674.9040012306}, ""ue3"": {""delivered_bps"": 130549.14654156422, ""delivery_ratio"": 1.0, ""jitter_ms"": 10.421324731543624, ""loss_percent"": 0.0, ""offered_bps"": 127989.35935447473, ""rtt_p95_ms"": 34.532891}}"
1785748559.7988288,fair-base8-w3-r02-u1-075-u2-025,2,0.75,0.25,MEDIUM_70,0.7,1,7.262459494737693,7.262459494737693,1.0,0.0,1.0,4.497540505262305,5.879999999999999,1.3824594947376942,1.0,0.0,11.358208409395974,38.822569,1,"{""ue1"": {""delivered_bps"": 5879999.999999999, ""delivery_ratio"": 1.0, ""offered_bps"": 5879999.999999999}, ""ue2"": {""delivered_bps"": 1382459.4947376943, ""delivery_ratio"": 1.0, ""offered_bps"": 1382459.4947376943}, ""ue3"": {""delivered_bps"": 125430.92143352449, ""delivery_ratio"": 1.0, ""jitter_ms"": 11.358208409395974, ""loss_percent"": 0.0, ""offered_bps"": 127990.73615665764, ""rtt_p95_ms"": 38.822569}}"
1785748560.96596,fair-base8-w3-r02-u1-075-u2-025,2,0.75,0.25,MEDIUM_70,0.7,2,7.839999999999999,7.839999999999999,1.0,0.0,1.0,3.919999999999999,5.879999999999999,1.9599999999999997,1.0,0.0,11.759368527027032,40.509154,1,"{""ue1"": {""delivered_bps"": 5879999.999999999, ""delivery_ratio"": 1.0, ""offered_bps"": 5879999.999999999}, ""ue2"": {""delivered_bps"": 1959999.9999999998, ""delivery_ratio"": 1.0, ""offered_bps"": 1959999.9999999998}, ""ue3"": {""delivered_bps"": 127990.10968638846, ""delivery_ratio"": 1.0, ""jitter_ms"": 11.759368527027032, ""loss_percent"": 0.0, ""offered_bps"": 127990.10968638846, ""rtt_p95_ms"": 40.509154}}"
1785748566.4754655,fair-base8-w3-r02-u1-075-u2-025,2,0.75,0.25,LIGHT_85,0.85,0,8.800484300137574,8.800484300137574,1.0,0.0,1.0,4.6459881047060145,6.723236202421795,2.07724809771578,0.9733333333333334,2.6666666666666665,13.426909645833335,86.636946,0,"{""ue1"": {""delivered_bps"": 6723236.202421795, ""delivery_ratio"": 1.0, ""offered_bps"": 6723236.202421795}, ""ue2"": {""delivered_bps"": 2077248.09771578, ""delivery_ratio"": 1.0, ""offered_bps"": 2077248.09771578}, ""ue3"": {""delivered_bps"": 117750.63011074577, ""delivery_ratio"": 0.9733333333333334, ""jitter_ms"": 13.426909645833335, ""loss_percent"": 2.6666666666666665, ""offered_bps"": 127989.81533776716, ""rtt_p95_ms"": 86.636946}}"
1785748567.6548152,fair-base8-w3-r02-u1-075-u2-025,2,0.75,0.25,LIGHT_85,0.85,1,9.52,9.52,1.0,0.0,1.0,4.759999999999999,7.139999999999999,2.38,1.0,0.0,13.546060322147648,106.634236,0,"{""ue1"": {""delivered_bps"": 7139999.999999999, ""delivery_ratio"": 1.0, ""offered_bps"": 7139999.999999999}, ""ue2"": {""delivered_bps"": 2380000.0, ""delivery_ratio"": 1.0, ""offered_bps"": 2380000.0}, ""ue3"": {""delivered_bps"": 138228.2939938811, ""delivery_ratio"": 1.0, ""jitter_ms"": 13.546060322147648, ""loss_percent"": 0.0, ""offered_bps"": 127989.16110544544, ""rtt_p95_ms"": 106.634236}}"
1785748568.8179388,fair-base8-w3-r02-u1-075-u2-025,2,0.75,0.25,LIGHT_85,0.85,2,9.52,9.52,1.0,0.0,1.0,4.759999999999999,7.139999999999999,2.38,1.0,0.0,12.582678046979858,89.177675,0,"{""ue1"": {""delivered_bps"": 7139999.999999999, ""delivery_ratio"": 1.0, ""offered_bps"": 7139999.999999999}, ""ue2"": {""delivered_bps"": 2380000.0, ""delivery_ratio"": 1.0, ""offered_bps"": 2380000.0}, ""ue3"": {""delivered_bps"": 127992.24443789088, ""delivery_ratio"": 1.0, ""jitter_ms"": 12.582678046979858, ""loss_percent"": 0.0, ""offered_bps"": 127992.24443789088, ""rtt_p95_ms"": 89.177675}}"
1785748574.4018004,fair-base8-w3-r02-u1-075-u2-025,2,0.75,0.25,EQUAL_100,1.0,0,10.353600799229476,10.353600799229476,1.0,0.0,1.0,5.465958216368815,7.909779507799144,2.4438212914303294,1.0,0.0,12.499416067567564,71.998425,0,"{""ue1"": {""delivered_bps"": 7909779.507799145, ""delivery_ratio"": 1.0, ""offered_bps"": 7909779.507799145}, ""ue2"": {""delivered_bps"": 2443821.2914303294, ""delivery_ratio"": 1.0, ""offered_bps"": 2443821.2914303294}, ""ue3"": {""delivered_bps"": 127989.79908318934, ""delivery_ratio"": 1.0, ""jitter_ms"": 12.499416067567564, ""loss_percent"": 0.0, ""offered_bps"": 127989.79908318934, ""rtt_p95_ms"": 71.998425}}"
1785748575.5822308,fair-base8-w3-r02-u1-075-u2-025,2,0.75,0.25,EQUAL_100,1.0,1,11.199999999999998,11.199999999999998,1.0,0.0,1.0,5.599999999999998,8.399999999999999,2.8,1.0,0.0,10.70042771621622,55.438685,1,"{""ue1"": {""delivered_bps"": 8399999.999999998, ""delivery_ratio"": 1.0, ""offered_bps"": 8399999.999999998}, ""ue2"": {""delivered_bps"": 2800000.0, ""delivery_ratio"": 1.0, ""offered_bps"": 2800000.0}, ""ue3"": {""delivered_bps"": 125430.47142427023, ""delivery_ratio"": 1.0, ""jitter_ms"": 10.70042771621622, ""loss_percent"": 0.0, ""offered_bps"": 127990.27696354105, ""rtt_p95_ms"": 55.438685}}"
1785748576.7260094,fair-base8-w3-r02-u1-075-u2-025,2,0.75,0.25,EQUAL_100,1.0,2,10.374942135339563,10.374942135339563,1.0,0.0,1.0,6.425057864660435,8.399999999999999,1.9749421353395633,1.0,0.0,11.297425114864863,61.655932,0,"{""ue1"": {""delivered_bps"": 8399999.999999998, ""delivery_ratio"": 1.0, ""offered_bps"": 8399999.999999998}, ""ue2"": {""delivered_bps"": 1974942.1353395632, ""delivery_ratio"": 1.0, ""offered_bps"": 1974942.1353395632}, ""ue3"": {""delivered_bps"": 127989.2865297496, ""delivery_ratio"": 1.0, ""jitter_ms"": 11.297425114864863, ""loss_percent"": 0.0, ""offered_bps"": 127989.2865297496, ""rtt_p95_ms"": 61.655932}}"
1785748582.1294353,fair-base8-w3-r02-u1-075-u2-025,2,0.75,0.25,STRONG_40,0.4,0,4.141373889136446,4.141373889136446,1.0,0.0,1.0,2.1863168559921826,3.1638453725643143,0.9775285165721318,1.0,0.0,9.1717027919463,34.120367,1,"{""ue1"": {""delivered_bps"": 3163845.3725643144, ""delivery_ratio"": 1.0, ""offered_bps"": 3163845.3725643144}, ""ue2"": {""delivered_bps"": 977528.5165721318, ""delivery_ratio"": 1.0, ""offered_bps"": 977528.5165721318}, ""ue3"": {""delivered_bps"": 127989.8812425986, ""delivery_ratio"": 1.0, ""jitter_ms"": 9.1717027919463, ""loss_percent"": 0.0, ""offered_bps"": 127989.8812425986, ""rtt_p95_ms"": 34.120367}}"
1785748583.4509475,fair-base8-w3-r02-u1-075-u2-025,2,0.75,0.25,STRONG_40,0.4,1,4.149976854135826,4.149976854135826,1.0,0.0,1.0,2.5700231458641754,3.3600000000000003,0.7899768541358254,1.0,0.0,8.96337205333334,36.934459,1,"{""ue1"": {""delivered_bps"": 3360000.0000000005, ""delivery_ratio"": 1.0, ""offered_bps"": 3360000.0000000005}, ""ue2"": {""delivered_bps"": 789976.8541358254, ""delivery_ratio"": 1.0, ""offered_bps"": 789976.8541358254}, ""ue3"": {""delivered_bps"": 130550.23798222934, ""delivery_ratio"": 1.0, ""jitter_ms"": 8.96337205333334, ""loss_percent"": 0.0, ""offered_bps"": 127990.4293943425, ""rtt_p95_ms"": 36.934459}}"
1785748584.6282384,fair-base8-w3-r02-u1-075-u2-025,2,0.75,0.25,STRONG_40,0.4,2,4.48,4.48,1.0,0.0,1.0,2.2400000000000007,3.3600000000000003,1.12,1.0,0.0,9.740465986666665,35.770132,1,"{""ue1"": {""delivered_bps"": 3360000.0000000005, ""delivery_ratio"": 1.0, ""offered_bps"": 3360000.0000000005}, ""ue2"": {""delivered_bps"": 1120000.0, ""delivery_ratio"": 1.0, ""offered_bps"": 1120000.0}, ""ue3"": {""delivered_bps"": 127989.66470372827, ""delivery_ratio"": 1.0, ""jitter_ms"": 9.740465986666665, ""loss_percent"": 0.0, ""offered_bps"": 127989.66470372827, ""rtt_p95_ms"": 35.770132}}"
1785748590.2608943,fair-base8-w3-r03-u1-015-u2-015,3,0.15,0.15,LIGHT_85,0.85,0,2.5909759821619933,2.5909759821619933,1.0,0.0,1.0,0.09827826490305737,1.3446271235325253,1.246348858629468,1.0,0.0,10.692814120805373,36.993485,1,"{""ue1"": {""delivered_bps"": 1344627.1235325253, ""delivery_ratio"": 1.0, ""offered_bps"": 1344627.1235325253}, ""ue2"": {""delivered_bps"": 1246348.858629468, ""delivery_ratio"": 1.0, ""offered_bps"": 1246348.858629468}, ""ue3"": {""delivered_bps"": 127988.49204092234, ""delivery_ratio"": 1.0, ""jitter_ms"": 10.692814120805373, ""loss_percent"": 0.0, ""offered_bps"": 127988.49204092234, ""rtt_p95_ms"": 36.993485}}"
1785748591.4372454,fair-base8-w3-r03-u1-015-u2-015,3,0.15,0.15,LIGHT_85,0.85,1,2.4352204890231772,2.4352204890231772,1.0,0.0,1.0,0.4207795109768227,1.428,1.0072204890231773,1.0,0.0,11.654203100671133,39.173307,1,"{""ue1"": {""delivered_bps"": 1428000.0, ""delivery_ratio"": 1.0, ""offered_bps"": 1428000.0}, ""ue2"": {""delivered_bps"": 1007220.4890231773, ""delivery_ratio"": 1.0, ""offered_bps"": 1007220.4890231773}, ""ue3"": {""delivered_bps"": 125430.05879634185, ""delivery_ratio"": 1.0, ""jitter_ms"": 11.654203100671133, ""loss_percent"": 0.0, ""offered_bps"": 127989.85591463454, ""rtt_p95_ms"": 39.173307}}"
1785748592.589982,fair-base8-w3-r03-u1-015-u2-015,3,0.15,0.15,LIGHT_85,0.85,2,2.856,2.856,1.0,0.0,1.0,0.0,1.428,1.428,1.0,0.0,11.32066089932885,39.173307,1,"{""ue1"": {""delivered_bps"": 1428000.0, ""delivery_ratio"": 1.0, ""offered_bps"": 1428000.0}, ""ue2"": {""delivered_bps"": 1428000.0, ""delivery_ratio"": 1.0, ""offered_bps"": 1428000.0}, ""ue3"": {""delivered_bps"": 130549.65628503726, ""delivery_ratio"": 1.0, ""jitter_ms"": 11.32066089932885, ""loss_percent"": 0.0, ""offered_bps"": 127989.8591029777, ""rtt_p95_ms"": 39.173307}}"
1785748598.0976791,fair-base8-w3-r03-u1-015-u2-015,3,0.15,0.15,STRONG_40,0.4,0,2.032150627956083,2.032150627956083,1.0,0.0,1.0,0.07709359481181927,1.0546221113839511,0.9775285165721318,1.0,0.0,10.306183087248321,34.787444,1,"{""ue1"": {""delivered_bps"": 1054622.111383951, ""delivery_ratio"": 1.0, ""offered_bps"": 1054622.111383951}, ""ue2"": {""delivered_bps"": 977528.5165721318, ""delivery_ratio"": 1.0, ""offered_bps"": 977528.5165721318}, ""ue3"": {""delivered_bps"": 127988.92460490801, ""delivery_ratio"": 1.0, ""jitter_ms"": 10.306183087248321, ""loss_percent"": 0.0, ""offered_bps"": 127988.92460490801, ""rtt_p95_ms"": 34.787444}}"
1785748599.2327588,fair-base8-w3-r03-u1-015-u2-015,3,0.15,0.15,STRONG_40,0.4,1,1.9099768541358253,1.9099768541358253,1.0,0.0,1.0,0.3300231458641746,1.12,0.7899768541358254,1.0,0.0,9.961054825503354,35.346316,1,"{""ue1"": {""delivered_bps"": 1120000.0, ""delivery_ratio"": 1.0, ""offered_bps"": 1120000.0}, ""ue2"": {""delivered_bps"": 789976.8541358254, ""delivery_ratio"": 1.0, ""offered_bps"": 789976.8541358254}, ""ue3"": {""delivered_bps"": 130550.82267082507, ""delivery_ratio"": 1.0, ""jitter_ms"": 9.961054825503354, ""loss_percent"": 0.0, ""offered_bps"": 127991.00261845595, ""rtt_p95_ms"": 35.346316}}"
1785748600.3688715,fair-base8-w3-r03-u1-015-u2-015,3,0.15,0.15,STRONG_40,0.4,2,2.24,2.24,1.0,0.0,1.0,0.0,1.12,1.12,1.0,0.0,9.979181664429536,34.520209,1,"{""ue1"": {""delivered_bps"": 1120000.0, ""delivery_ratio"": 1.0, ""offered_bps"": 1120000.0}, ""ue2"": {""delivered_bps"": 1120000.0, ""delivery_ratio"": 1.0, ""offered_bps"": 1120000.0}, ""ue3"": {""delivered_bps"": 125428.2527661903, ""delivery_ratio"": 1.0, ""jitter_ms"": 9.979181664429536, ""loss_percent"": 0.0, ""offered_bps"": 127988.01302672479, ""rtt_p95_ms"": 34.520209}}"
1785748605.7720835,fair-base8-w3-r03-u1-015-u2-015,3,0.15,0.15,MEDIUM_70,0.7,0,2.1338120105573717,2.1338120105573717,1.0,0.0,1.0,0.08100212575589481,1.1074070681566333,1.0264049424007384,1.0,0.0,10.04251210738255,36.9561,1,"{""ue1"": {""delivered_bps"": 1107407.0681566333, ""delivery_ratio"": 1.0, ""offered_bps"": 1107407.0681566333}, ""ue2"": {""delivered_bps"": 1026404.9424007385, ""delivery_ratio"": 1.0, ""offered_bps"": 1026404.9424007385}, ""ue3"": {""delivered_bps"": 127989.49730898633, ""delivery_ratio"": 1.0, ""jitter_ms"": 10.04251210738255, ""loss_percent"": 0.0, ""offered_bps"": 127989.49730898633, ""rtt_p95_ms"": 36.9561}}"
1785748606.918522,fair-base8-w3-r03-u1-015-u2-015,3,0.15,0.15,MEDIUM_70,0.7,1,2.0054756968426166,2.0054756968426166,1.0,0.0,1.0,0.3465243031573835,1.176,0.8294756968426166,1.0,0.0,10.714182686666664,34.321261,1,"{""ue1"": {""delivered_bps"": 1176000.0, ""delivery_ratio"": 1.0, ""offered_bps"": 1176000.0}, ""ue2"": {""delivered_bps"": 829475.6968426165, ""delivery_ratio"": 1.0, ""offered_bps"": 829475.6968426165}, ""ue3"": {""delivered_bps"": 130553.35352983688, ""delivery_ratio"": 1.0, ""jitter_ms"": 10.714182686666664, ""loss_percent"": 0.0, ""offered_bps"": 127993.48385278125, ""rtt_p95_ms"": 34.321261}}"
1785748608.0750296,fair-base8-w3-r03-u1-015-u2-015,3,0.15,0.15,MEDIUM_70,0.7,2,2.352,2.352,1.0,0.0,1.0,0.0,1.176,1.176,1.0,0.0,11.089865499999998,34.148288,1,"{""ue1"": {""delivered_bps"": 1176000.0, ""delivery_ratio"": 1.0, ""offered_bps"": 1176000.0}, ""ue2"": {""delivered_bps"": 1176000.0, ""delivery_ratio"": 1.0, ""offered_bps"": 1176000.0}, ""ue3"": {""delivered_bps"": 127999.90540749865, ""delivery_ratio"": 1.0, ""jitter_ms"": 11.089865499999998, ""loss_percent"": 0.0, ""offered_bps"": 127999.90540749865, ""rtt_p95_ms"": 34.148288}}"
1785748613.7540495,fair-base8-w3-r03-u1-015-u2-015,3,0.15,0.15,EQUAL_100,1.0,0,3.048208335964317,3.048208335964317,1.0,0.0,1.0,0.1156227862479221,1.5819155611061195,1.4662927748581975,1.0,0.0,11.296334865771813,34.699882,1,"{""ue1"": {""delivered_bps"": 1581915.5611061195, ""delivery_ratio"": 1.0, ""offered_bps"": 1581915.5611061195}, ""ue2"": {""delivered_bps"": 1466292.7748581974, ""delivery_ratio"": 1.0, ""offered_bps"": 1466292.7748581974}, ""ue3"": {""delivered_bps"": 127990.03789627897, ""delivery_ratio"": 1.0, ""jitter_ms"": 11.296334865771813, ""loss_percent"": 0.0, ""offered_bps"": 127990.03789627897, ""rtt_p95_ms"": 34.699882}}"
1785748614.9188354,fair-base8-w3-r03-u1-015-u2-015,3,0.15,0.15,EQUAL_100,1.0,1,2.864965281203738,2.864965281203738,1.0,0.0,1.0,0.49503471879626204,1.68,1.184965281203738,1.0,0.0,10.843302236486483,34.214889,1,"{""ue1"": {""delivered_bps"": 1680000.0, ""delivery_ratio"": 1.0, ""offered_bps"": 1680000.0}, ""ue2"": {""delivered_bps"": 1184965.281203738, ""delivery_ratio"": 1.0, ""offered_bps"": 1184965.281203738}, ""ue3"": {""delivered_bps"": 125430.75989530042, ""delivery_ratio"": 1.0, ""jitter_ms"": 10.843302236486483, ""loss_percent"": 0.0, ""offered_bps"": 127990.57132173513, ""rtt_p95_ms"": 34.214889}}"
1785748616.0927799,fair-base8-w3-r03-u1-015-u2-015,3,0.15,0.15,EQUAL_100,1.0,2,3.36,3.36,1.0,0.0,1.0,0.0,1.68,1.68,1.0,0.0,10.556940973154363,34.616239,1,"{""ue1"": {""delivered_bps"": 1680000.0, ""delivery_ratio"": 1.0, ""offered_bps"": 1680000.0}, ""ue2"": {""delivered_bps"": 1680000.0, ""delivery_ratio"": 1.0, ""offered_bps"": 1680000.0}, ""ue3"": {""delivered_bps"": 130551.07252596498, ""delivery_ratio"": 1.0, ""jitter_ms"": 10.556940973154363, ""loss_percent"": 0.0, ""offered_bps"": 127991.24757447546, ""rtt_p95_ms"": 34.616239}}"
1785748621.746715,fair-base8-w3-r03-u1-100-u2-100,3,1.0,1.0,MEDIUM_70,0.7,0,14.225267473312824,14.225267473312824,1.0,0.0,1.0,0.5398682413029801,7.382567857307903,6.842699616004922,1.0,0.0,10.698838905405404,39.543259,1,"{""ue1"": {""delivered_bps"": 7382567.857307903, ""delivery_ratio"": 1.0, ""offered_bps"": 7382567.857307903}, ""ue2"": {""delivered_bps"": 6842699.616004922, ""delivery_ratio"": 1.0, ""offered_bps"": 6842699.616004922}, ""ue3"": {""delivered_bps"": 125431.99580799484, ""delivery_ratio"": 1.0, ""jitter_ms"": 10.698838905405404, ""loss_percent"": 0.0, ""offered_bps"": 127991.83245713759, ""rtt_p95_ms"": 39.543259}}"
1785748622.907219,fair-base8-w3-r03-u1-100-u2-100,3,1.0,1.0,MEDIUM_70,0.7,1,15.679999999999998,15.679999999999998,1.0,0.0,1.0,0.0,7.839999999999999,7.839999999999999,1.0,0.0,10.758815304054052,50.672332,1,"{""ue1"": {""delivered_bps"": 7839999.999999999, ""delivery_ratio"": 1.0, ""offered_bps"": 7839999.999999999}, ""ue2"": {""delivered_bps"": 7839999.999999999, ""delivery_ratio"": 1.0, ""offered_bps"": 7839999.999999999}, ""ue3"": {""delivered_bps"": 130549.28451976187, ""delivery_ratio"": 1.0, ""jitter_ms"": 10.758815304054052, ""loss_percent"": 0.0, ""offered_bps"": 127989.49462721751, ""rtt_p95_ms"": 50.672332}}"
1785748624.0621634,fair-base8-w3-r03-u1-100-u2-100,3,1.0,1.0,MEDIUM_70,0.7,2,13.369837978950777,13.369837978950777,1.0,0.0,1.0,2.310162021049222,7.839999999999999,5.529837978950777,1.0,0.0,10.545445986577183,49.925078,1,"{""ue1"": {""delivered_bps"": 7839999.999999999, ""delivery_ratio"": 1.0, ""offered_bps"": 7839999.999999999}, ""ue2"": {""delivered_bps"": 5529837.978950777, ""delivery_ratio"": 1.0, ""offered_bps"": 5529837.978950777}, ""ue3"": {""delivered_bps"": 127989.32594418497, ""delivery_ratio"": 1.0, ""jitter_ms"": 10.545445986577183, ""loss_percent"": 0.0, ""offered_bps"": 127989.32594418497, ""rtt_p95_ms"": 49.925078}}"
1785748629.5593371,fair-base8-w3-r03-u1-100-u2-100,3,1.0,1.0,LIGHT_85,0.85,0,17.273177291298573,17.273177291298573,1.0,0.0,1.0,0.6551925095723318,8.964184900435452,8.30899239086312,1.0,0.0,13.439041140939597,96.64502,0,"{""ue1"": {""delivered_bps"": 8964184.900435451, ""delivery_ratio"": 1.0, ""offered_bps"": 8964184.900435451}, ""ue2"": {""delivered_bps"": 8308992.39086312, ""delivery_ratio"": 1.0, ""offered_bps"": 8308992.39086312}, ""ue3"": {""delivered_bps"": 133109.63235425117, ""delivery_ratio"": 1.0, ""jitter_ms"": 13.439041140939597, ""loss_percent"": 0.0, ""offered_bps"": 127990.0311098569, ""rtt_p95_ms"": 96.64502}}"
1785748630.7094953,fair-base8-w3-r03-u1-100-u2-100,3,1.0,1.0,LIGHT_85,0.85,1,19.04,19.04,1.0,0.0,1.0,0.0,9.52,9.52,0.9733333333333334,2.6666666666666665,13.709394520833342,99.943339,0,"{""ue1"": {""delivered_bps"": 9520000.0, ""delivery_ratio"": 1.0, ""offered_bps"": 9520000.0}, ""ue2"": {""delivered_bps"": 9520000.0, ""delivery_ratio"": 1.0, ""offered_bps"": 9520000.0}, ""ue3"": {""delivered_bps"": 115189.98285396758, ""delivery_ratio"": 0.9733333333333334, ""jitter_ms"": 13.709394520833342, ""loss_percent"": 2.6666666666666665, ""offered_bps"": 127988.86983774176, ""rtt_p95_ms"": 99.943339}}"
1785748631.9018452,fair-base8-w3-r03-u1-100-u2-100,3,1.0,1.0,LIGHT_85,0.85,2,16.234803260154514,16.234803260154514,1.0,0.0,1.0,2.8051967398454853,9.52,6.714803260154515,1.0,0.0,13.922860079470203,108.639842,0,"{""ue1"": {""delivered_bps"": 9520000.0, ""delivery_ratio"": 1.0, ""offered_bps"": 9520000.0}, ""ue2"": {""delivered_bps"": 6714803.260154515, ""delivery_ratio"": 1.0, ""offered_bps"": 6714803.260154515}, ""ue3"": {""delivered_bps"": 140788.31597227813, ""delivery_ratio"": 1.0, ""jitter_ms"": 13.922860079470203, ""loss_percent"": 0.0, ""offered_bps"": 127989.37815661648, ""rtt_p95_ms"": 108.639842}}"
1785748637.390331,fair-base8-w3-r03-u1-100-u2-100,3,1.0,1.0,EQUAL_100,1.0,0,20.321331580678464,20.321331580678464,1.0,0.0,1.0,0.7707612492358256,10.546046414957143,9.775285165721318,1.0,0.0,11.344800657718121,70.681844,0,"{""ue1"": {""delivered_bps"": 10546046.414957143, ""delivery_ratio"": 1.0, ""offered_bps"": 10546046.414957143}, ""ue2"": {""delivered_bps"": 9775285.165721318, ""delivery_ratio"": 1.0, ""offered_bps"": 9775285.165721318}, ""ue3"": {""delivered_bps"": 130550.19515734649, ""delivery_ratio"": 1.0, ""jitter_ms"": 11.344800657718121, ""loss_percent"": 0.0, ""offered_bps"": 127990.38740916322, ""rtt_p95_ms"": 70.681844}}"
1785748638.5402749,fair-base8-w3-r03-u1-100-u2-100,3,1.0,1.0,EQUAL_100,1.0,1,22.4,22.4,1.0,0.0,1.0,0.0,11.2,11.2,1.0,0.0,11.671384966442952,89.694509,0,"{""ue1"": {""delivered_bps"": 11200000.0, ""delivery_ratio"": 1.0, ""offered_bps"": 11200000.0}, ""ue2"": {""delivered_bps"": 11200000.0, ""delivery_ratio"": 1.0, ""offered_bps"": 11200000.0}, ""ue3"": {""delivered_bps"": 125428.28550030233, ""delivery_ratio"": 1.0, ""jitter_ms"": 11.671384966442952, ""loss_percent"": 0.0, ""offered_bps"": 127988.04642887993, ""rtt_p95_ms"": 89.694509}}"
1785748639.7218313,fair-base8-w3-r03-u1-100-u2-100,3,1.0,1.0,EQUAL_100,1.0,2,19.099768541358255,19.099768541358255,1.0,0.0,1.0,3.300231458641747,11.2,7.899768541358253,1.0,0.0,12.81912304697987,97.666459,0,"{""ue1"": {""delivered_bps"": 11200000.0, ""delivery_ratio"": 1.0, ""offered_bps"": 11200000.0}, ""ue2"": {""delivered_bps"": 7899768.541358253, ""delivery_ratio"": 1.0, ""offered_bps"": 7899768.541358253}, ""ue3"": {""delivered_bps"": 127991.094769248, ""delivery_ratio"": 1.0, ""jitter_ms"": 12.81912304697987, ""loss_percent"": 0.0, ""offered_bps"": 127991.094769248, ""rtt_p95_ms"": 97.666459}}"
1785748645.2534356,fair-base8-w3-r03-u1-100-u2-100,3,1.0,1.0,STRONG_40,0.4,0,8.128593821421145,8.128593821421145,1.0,0.0,1.0,0.3083656888440903,4.218479755132617,3.910114066288527,1.0,0.0,10.115986027027027,37.552349,1,"{""ue1"": {""delivered_bps"": 4218479.755132617, ""delivery_ratio"": 1.0, ""offered_bps"": 4218479.755132617}, ""ue2"": {""delivered_bps"": 3910114.066288527, ""delivery_ratio"": 1.0, ""offered_bps"": 3910114.066288527}, ""ue3"": {""delivered_bps"": 125431.94764570969, ""delivery_ratio"": 1.0, ""jitter_ms"": 10.115986027027027, ""loss_percent"": 0.0, ""offered_bps"": 127991.78331194867, ""rtt_p95_ms"": 37.552349}}"
1785748646.3952293,fair-base8-w3-r03-u1-100-u2-100,3,1.0,1.0,STRONG_40,0.4,1,8.96,8.96,1.0,0.0,1.0,0.0,4.48,4.48,1.0,0.0,10.006740898648642,36.437689,1,"{""ue1"": {""delivered_bps"": 4480000.0, ""delivery_ratio"": 1.0, ""offered_bps"": 4480000.0}, ""ue2"": {""delivered_bps"": 4480000.0, ""delivery_ratio"": 1.0, ""offered_bps"": 4480000.0}, ""ue3"": {""delivered_bps"": 127990.89498769077, ""delivery_ratio"": 1.0, ""jitter_ms"": 10.006740898648642, ""loss_percent"": 0.0, ""offered_bps"": 127990.89498769077, ""rtt_p95_ms"": 36.437689}}"
1785748647.5789762,fair-base8-w3-r03-u1-100-u2-100,3,1.0,1.0,STRONG_40,0.4,2,8.96,8.96,1.0,0.0,1.0,0.0,4.48,4.48,1.0,0.0,10.71713809395973,38.774832,1,"{""ue1"": {""delivered_bps"": 4480000.0, ""delivery_ratio"": 1.0, ""offered_bps"": 4480000.0}, ""ue2"": {""delivered_bps"": 4480000.0, ""delivery_ratio"": 1.0, ""offered_bps"": 4480000.0}, ""ue3"": {""delivered_bps"": 130550.5091032939, ""delivery_ratio"": 1.0, ""jitter_ms"": 10.71713809395973, ""loss_percent"": 0.0, ""offered_bps"": 127990.69519930774, ""rtt_p95_ms"": 38.774832}}"
1785748653.073979,fair-base8-w3-r03-u1-015-u2-025,3,0.15,0.25,MEDIUM_70,0.7,0,2.818066664623484,2.818066664623484,1.0,0.0,1.0,0.6032831433789775,1.1073917606222532,1.7106749040012306,1.0,0.0,12.096232520270272,55.960469,1,"{""ue1"": {""delivered_bps"": 1107391.7606222532, ""delivery_ratio"": 1.0, ""offered_bps"": 1107391.7606222532}, ""ue2"": {""delivered_bps"": 1710674.9040012306, ""delivery_ratio"": 1.0, ""offered_bps"": 1710674.9040012306}, ""ue3"": {""delivered_bps"": 127990.56786517511, ""delivery_ratio"": 1.0, ""jitter_ms"": 12.096232520270272, ""loss_percent"": 0.0, ""offered_bps"": 127990.56786517511, ""rtt_p95_ms"": 55.960469}}"
1785748654.207746,fair-base8-w3-r03-u1-015-u2-025,3,0.15,0.25,MEDIUM_70,0.7,1,2.558459494737694,2.558459494737694,1.0,0.0,1.0,0.20645949473769426,1.176,1.3824594947376942,1.0,0.0,11.278619898648653,38.655497,1,"{""ue1"": {""delivered_bps"": 1176000.0, ""delivery_ratio"": 1.0, ""offered_bps"": 1176000.0}, ""ue2"": {""delivered_bps"": 1382459.4947376943, ""delivery_ratio"": 1.0, ""offered_bps"": 1382459.4947376943}, ""ue3"": {""delivered_bps"": 127991.35060199692, ""delivery_ratio"": 1.0, ""jitter_ms"": 11.278619898648653, ""loss_percent"": 0.0, ""offered_bps"": 127991.35060199692, ""rtt_p95_ms"": 38.655497}}"
1785748655.3833258,fair-base8-w3-r03-u1-015-u2-025,3,0.15,0.25,MEDIUM_70,0.7,2,3.136,3.136,1.0,0.0,1.0,0.7839999999999998,1.176,1.9599999999999997,1.0,0.0,10.537788913333335,37.868565,1,"{""ue1"": {""delivered_bps"": 1176000.0, ""delivery_ratio"": 1.0, ""offered_bps"": 1176000.0}, ""ue2"": {""delivered_bps"": 1959999.9999999998, ""delivery_ratio"": 1.0, ""offered_bps"": 1959999.9999999998}, ""ue3"": {""delivered_bps"": 130550.42830102929, ""delivery_ratio"": 1.0, ""jitter_ms"": 10.537788913333335, ""loss_percent"": 0.0, ""offered_bps"": 127990.61598140126, ""rtt_p95_ms"": 37.868565}}"
1785748660.823038,fair-base8-w3-r03-u1-015-u2-025,3,0.15,0.25,STRONG_40,0.4,0,2.032138538641123,2.032138538641123,1.0,0.0,1.0,0.07708150549685931,1.0546100220689911,0.9775285165721318,1.0,0.0,9.814898213333326,32.707272,1,"{""ue1"": {""delivered_bps"": 1054610.022068991, ""delivery_ratio"": 1.0, ""offered_bps"": 1054610.022068991}, ""ue2"": {""delivered_bps"": 977528.5165721318, ""delivery_ratio"": 1.0, ""offered_bps"": 977528.5165721318}, ""ue3"": {""delivered_bps"": 127993.44891312544, ""delivery_ratio"": 1.0, ""jitter_ms"": 9.814898213333326, ""loss_percent"": 0.0, ""offered_bps"": 127993.44891312544, ""rtt_p95_ms"": 32.707272}}"
1785748661.9990184,fair-base8-w3-r03-u1-015-u2-025,3,0.15,0.25,STRONG_40,0.4,1,1.9099768541358253,1.9099768541358253,1.0,0.0,1.0,0.3300231458641746,1.12,0.7899768541358254,1.0,0.0,10.263682738255033,38.203181,1,"{""ue1"": {""delivered_bps"": 1120000.0, ""delivery_ratio"": 1.0, ""offered_bps"": 1120000.0}, ""ue2"": {""delivered_bps"": 789976.8541358254, ""delivery_ratio"": 1.0, ""offered_bps"": 789976.8541358254}, ""ue3"": {""delivered_bps"": 130547.084980366, ""delivery_ratio"": 1.0, ""jitter_ms"": 10.263682738255033, ""loss_percent"": 0.0, ""offered_bps"": 127987.3382160451, ""rtt_p95_ms"": 38.203181}}"
1785748663.1426282,fair-base8-w3-r03-u1-015-u2-025,3,0.15,0.25,STRONG_40,0.4,2,2.24,2.24,1.0,0.0,1.0,0.0,1.12,1.12,1.0,0.0,10.77749985810811,34.911428,1,"{""ue1"": {""delivered_bps"": 1120000.0, ""delivery_ratio"": 1.0, ""offered_bps"": 1120000.0}, ""ue2"": {""delivered_bps"": 1120000.0, ""delivery_ratio"": 1.0, ""offered_bps"": 1120000.0}, ""ue3"": {""delivered_bps"": 125431.99116478975, ""delivery_ratio"": 1.0, ""jitter_ms"": 10.77749985810811, ""loss_percent"": 0.0, ""offered_bps"": 127991.8277191732, ""rtt_p95_ms"": 34.911428}}"
1785748668.5091834,fair-base8-w3-r03-u1-015-u2-025,3,0.15,0.25,EQUAL_100,1.0,0,4.02574069219409,4.02574069219409,1.0,0.0,1.0,0.8619018906665686,1.5819194007637607,2.4438212914303294,1.0,0.0,10.461188067114099,34.743391,1,"{""ue1"": {""delivered_bps"": 1581919.4007637608, ""delivery_ratio"": 1.0, ""offered_bps"": 1581919.4007637608}, ""ue2"": {""delivered_bps"": 2443821.2914303294, ""delivery_ratio"": 1.0, ""offered_bps"": 2443821.2914303294}, ""ue3"": {""delivered_bps"": 130548.73456147937, ""delivery_ratio"": 1.0, ""jitter_ms"": 10.461188067114099, ""loss_percent"": 0.0, ""offered_bps"": 127988.95545243075, ""rtt_p95_ms"": 34.743391}}"
1785748669.6738775,fair-base8-w3-r03-u1-015-u2-025,3,0.15,0.25,EQUAL_100,1.0,1,4.48,4.48,1.0,0.0,1.0,1.12,1.68,2.8,1.0,0.0,10.35535367785235,34.499254,1,"{""ue1"": {""delivered_bps"": 1680000.0, ""delivery_ratio"": 1.0, ""offered_bps"": 1680000.0}, ""ue2"": {""delivered_bps"": 2800000.0, ""delivery_ratio"": 1.0, ""offered_bps"": 2800000.0}, ""ue3"": {""delivered_bps"": 125429.96334353121, ""delivery_ratio"": 1.0, ""jitter_ms"": 10.35535367785235, ""loss_percent"": 0.0, ""offered_bps"": 127989.75851380736, ""rtt_p95_ms"": 34.499254}}"
1785748670.8086517,fair-base8-w3-r03-u1-015-u2-025,3,0.15,0.25,EQUAL_100,1.0,2,4.48,4.48,1.0,0.0,1.0,1.12,1.68,2.8,1.0,0.0,10.448838219999997,34.265102,1,"{""ue1"": {""delivered_bps"": 1680000.0, ""delivery_ratio"": 1.0, ""offered_bps"": 1680000.0}, ""ue2"": {""delivered_bps"": 2800000.0, ""delivery_ratio"": 1.0, ""offered_bps"": 2800000.0}, ""ue3"": {""delivered_bps"": 130549.0084268886, ""delivery_ratio"": 1.0, ""jitter_ms"": 10.448838219999997, ""loss_percent"": 0.0, ""offered_bps"": 127989.22394793, ""rtt_p95_ms"": 34.265102}}"
1785748676.4713044,fair-base8-w3-r03-u1-015-u2-025,3,0.15,0.25,LIGHT_85,0.85,0,3.421888285195592,3.421888285195592,1.0,0.0,1.0,0.7326079102359682,1.3446401874798117,2.07724809771578,1.0,0.0,11.278274872483227,34.685022,1,"{""ue1"": {""delivered_bps"": 1344640.1874798117, ""delivery_ratio"": 1.0, ""offered_bps"": 1344640.1874798117}, ""ue2"": {""delivered_bps"": 2077248.09771578, ""delivery_ratio"": 1.0, ""offered_bps"": 2077248.09771578}, ""ue3"": {""delivered_bps"": 130549.85092563675, ""delivery_ratio"": 1.0, ""jitter_ms"": 11.278274872483227, ""loss_percent"": 0.0, ""offered_bps"": 127990.04992709485, ""rtt_p95_ms"": 34.685022}}"
1785748677.6677802,fair-base8-w3-r03-u1-015-u2-025,3,0.15,0.25,LIGHT_85,0.85,1,3.106700815038629,3.106700815038629,1.0,0.0,1.0,0.2507008150386286,1.428,1.6787008150386287,1.0,0.0,11.58125488590604,38.014687,1,"{""ue1"": {""delivered_bps"": 1428000.0, ""delivery_ratio"": 1.0, ""offered_bps"": 1428000.0}, ""ue2"": {""delivered_bps"": 1678700.8150386286, ""delivery_ratio"": 1.0, ""offered_bps"": 1678700.8150386286}, ""ue3"": {""delivered_bps"": 127990.15397326072, ""delivery_ratio"": 1.0, ""jitter_ms"": 11.58125488590604, ""loss_percent"": 0.0, ""offered_bps"": 127990.15397326072, ""rtt_p95_ms"": 38.014687}}"
1785748678.8483546,fair-base8-w3-r03-u1-015-u2-025,3,0.15,0.25,LIGHT_85,0.85,2,3.808,3.808,1.0,0.0,1.0,0.952,1.428,2.38,1.0,0.0,10.803304626666662,38.014687,1,"{""ue1"": {""delivered_bps"": 1428000.0, ""delivery_ratio"": 1.0, ""offered_bps"": 1428000.0}, ""ue2"": {""delivered_bps"": 2380000.0, ""delivery_ratio"": 1.0, ""offered_bps"": 2380000.0}, ""ue3"": {""delivered_bps"": 127985.73944915568, ""delivery_ratio"": 1.0, ""jitter_ms"": 10.803304626666662, ""loss_percent"": 0.0, ""offered_bps"": 127985.73944915568, ""rtt_p95_ms"": 38.014687}}"
1785748684.5749164,fair-base8-w3-r03-u1-100-u2-075,3,1.0,0.75,MEDIUM_70,0.7,0,12.514869667439383,12.514869667439383,1.0,0.0,1.0,2.2508202434320004,7.382844955435691,5.132024712003691,0.9933333333333333,0.6666666666666666,13.820209959183677,118.607805,0,"{""ue1"": {""delivered_bps"": 7382844.955435691, ""delivery_ratio"": 1.0, ""offered_bps"": 7382844.955435691}, ""ue2"": {""delivered_bps"": 5132024.712003691, ""delivery_ratio"": 1.0, ""offered_bps"": 5132024.712003691}, ""ue3"": {""delivered_bps"": 125430.33208054969, ""delivery_ratio"": 0.9933333333333333, ""jitter_ms"": 13.820209959183677, ""loss_percent"": 0.6666666666666666, ""offered_bps"": 127990.1347760711, ""rtt_p95_ms"": 118.607805}}"
1785748685.7266662,fair-base8-w3-r03-u1-100-u2-075,3,1.0,0.75,MEDIUM_70,0.7,1,11.98737848421308,11.98737848421308,1.0,0.0,1.0,3.6926215157869176,7.839999999999999,4.147378484213082,1.0,0.0,14.073366266666666,115.87391,0,"{""ue1"": {""delivered_bps"": 7839999.999999999, ""delivery_ratio"": 1.0, ""offered_bps"": 7839999.999999999}, ""ue2"": {""delivered_bps"": 4147378.4842130817, ""delivery_ratio"": 1.0, ""offered_bps"": 4147378.4842130817}, ""ue3"": {""delivered_bps"": 135670.1423440359, ""delivery_ratio"": 1.0, ""jitter_ms"": 14.073366266666666, ""loss_percent"": 0.0, ""offered_bps"": 127990.70032456217, ""rtt_p95_ms"": 115.87391}}"
1785748686.9024463,fair-base8-w3-r03-u1-100-u2-075,3,1.0,0.75,MEDIUM_70,0.7,2,13.719999999999999,13.719999999999999,1.0,0.0,1.0,1.96,7.839999999999999,5.879999999999999,1.0,0.0,13.209737768211925,115.87391,0,"{""ue1"": {""delivered_bps"": 7839999.999999999, ""delivery_ratio"": 1.0, ""offered_bps"": 7839999.999999999}, ""ue2"": {""delivered_bps"": 5879999.999999999, ""delivery_ratio"": 1.0, ""offered_bps"": 5879999.999999999}, ""ue3"": {""delivered_bps"": 127990.94169620244, ""delivery_ratio"": 1.0, ""jitter_ms"": 13.209737768211925, ""loss_percent"": 0.0, ""offered_bps"": 127990.94169620244, ""rtt_p95_ms"": 115.87391}}"
1785748692.4183066,fair-base8-w3-r03-u1-100-u2-075,3,1.0,0.75,STRONG_40,0.4,0,7.151091050842419,7.151091050842419,1.0,0.0,1.0,1.2859199514096282,4.218505501126024,2.932585549716396,1.0,0.0,13.154160583892617,95.322559,0,"{""ue1"": {""delivered_bps"": 4218505.501126024, ""delivery_ratio"": 1.0, ""offered_bps"": 4218505.501126024}, ""ue2"": {""delivered_bps"": 2932585.549716396, ""delivery_ratio"": 1.0, ""offered_bps"": 2932585.549716396}, ""ue3"": {""delivered_bps"": 130549.8549679914, ""delivery_ratio"": 1.0, ""jitter_ms"": 13.154160583892617, ""loss_percent"": 0.0, ""offered_bps"": 127990.05389018764, ""rtt_p95_ms"": 95.322559}}"
1785748693.57435,fair-base8-w3-r03-u1-100-u2-075,3,1.0,0.75,STRONG_40,0.4,1,7.84,7.84,1.0,0.0,1.0,1.1199999999999994,4.48,3.3600000000000003,1.0,0.0,12.985820726666663,95.322559,0,"{""ue1"": {""delivered_bps"": 4480000.0, ""delivery_ratio"": 1.0, ""offered_bps"": 4480000.0}, ""ue2"": {""delivered_bps"": 3360000.0000000005, ""delivery_ratio"": 1.0, ""offered_bps"": 3360000.0000000005}, ""ue3"": {""delivered_bps"": 127990.56556328504, ""delivery_ratio"": 1.0, ""jitter_ms"": 12.985820726666663, ""loss_percent"": 0.0, ""offered_bps"": 127990.56556328504, ""rtt_p95_ms"": 95.322559}}"
1785748694.735114,fair-base8-w3-r03-u1-100-u2-075,3,1.0,0.75,STRONG_40,0.4,2,6.849930562407477,6.849930562407477,1.0,0.0,1.0,2.1100694375925237,4.48,2.3699305624074762,1.0,0.0,11.437442880000003,39.103292,1,"{""ue1"": {""delivered_bps"": 4480000.0, ""delivery_ratio"": 1.0, ""offered_bps"": 4480000.0}, ""ue2"": {""delivered_bps"": 2369930.5624074764, ""delivery_ratio"": 1.0, ""offered_bps"": 2369930.5624074764}, ""ue3"": {""delivered_bps"": 127989.1513840851, ""delivery_ratio"": 1.0, ""jitter_ms"": 11.437442880000003, ""loss_percent"": 0.0, ""offered_bps"": 127989.1513840851, ""rtt_p95_ms"": 39.103292}}"
1785748700.324937,fair-base8-w3-r03-u1-100-u2-075,3,1.0,0.75,LIGHT_85,0.85,0,15.19620090184982,15.19620090184982,1.0,0.0,1.0,2.7327123155551414,8.96445660870248,6.231744293147339,1.0,0.0,11.87787794630873,89.103203,0,"{""ue1"": {""delivered_bps"": 8964456.60870248, ""delivery_ratio"": 1.0, ""offered_bps"": 8964456.60870248}, ""ue2"": {""delivered_bps"": 6231744.2931473395, ""delivery_ratio"": 1.0, ""offered_bps"": 6231744.2931473395}, ""ue3"": {""delivered_bps"": 127990.59704480508, ""delivery_ratio"": 1.0, ""jitter_ms"": 11.87787794630873, ""loss_percent"": 0.0, ""offered_bps"": 127990.59704480508, ""rtt_p95_ms"": 89.103203}}"
1785748701.4832964,fair-base8-w3-r03-u1-100-u2-075,3,1.0,0.75,LIGHT_85,0.85,1,16.66,16.66,1.0,0.0,1.0,2.380000000000001,9.52,7.139999999999999,1.0,0.0,11.583796593333345,58.65732,1,"{""ue1"": {""delivered_bps"": 9520000.0, ""delivery_ratio"": 1.0, ""offered_bps"": 9520000.0}, ""ue2"": {""delivered_bps"": 7139999.999999999, ""delivery_ratio"": 1.0, ""offered_bps"": 7139999.999999999}, ""ue3"": {""delivered_bps"": 127990.08051443014, ""delivery_ratio"": 1.0, ""jitter_ms"": 11.583796593333345, ""loss_percent"": 0.0, ""offered_bps"": 127990.08051443014, ""rtt_p95_ms"": 58.65732}}"
1785748702.6675754,fair-base8-w3-r03-u1-100-u2-075,3,1.0,0.75,LIGHT_85,0.85,2,14.556102445115886,14.556102445115886,1.0,0.0,1.0,4.4838975548841145,9.52,5.036102445115886,1.0,0.0,11.979008865771819,100.43795,0,"{""ue1"": {""delivered_bps"": 9520000.0, ""delivery_ratio"": 1.0, ""offered_bps"": 9520000.0}, ""ue2"": {""delivered_bps"": 5036102.445115886, ""delivery_ratio"": 1.0, ""offered_bps"": 5036102.445115886}, ""ue3"": {""delivered_bps"": 127989.81508448772, ""delivery_ratio"": 1.0, ""jitter_ms"": 11.979008865771819, ""loss_percent"": 0.0, ""offered_bps"": 127989.81508448772, ""rtt_p95_ms"": 100.43795}}"
1785748708.1415946,fair-base8-w3-r03-u1-100-u2-075,3,1.0,0.75,EQUAL_100,1.0,0,17.877700669626023,17.877700669626023,1.0,0.0,1.0,3.214772921044045,10.546236795335034,7.331463874290989,1.0,0.0,12.633336979999996,88.570536,0,"{""ue1"": {""delivered_bps"": 10546236.795335034, ""delivery_ratio"": 1.0, ""offered_bps"": 10546236.795335034}, ""ue2"": {""delivered_bps"": 7331463.874290989, ""delivery_ratio"": 1.0, ""offered_bps"": 7331463.874290989}, ""ue3"": {""delivered_bps"": 127989.87190849773, ""delivery_ratio"": 1.0, ""jitter_ms"": 12.633336979999996, ""loss_percent"": 0.0, ""offered_bps"": 127989.87190849773, ""rtt_p95_ms"": 88.570536}}"
1785748709.3062055,fair-base8-w3-r03-u1-100-u2-075,3,1.0,0.75,EQUAL_100,1.0,1,19.6,19.6,1.0,0.0,1.0,2.800000000000002,11.2,8.399999999999999,1.0,0.0,11.589504684563753,75.949562,0,"{""ue1"": {""delivered_bps"": 11200000.0, ""delivery_ratio"": 1.0, ""offered_bps"": 11200000.0}, ""ue2"": {""delivered_bps"": 8399999.999999998, ""delivery_ratio"": 1.0, ""offered_bps"": 8399999.999999998}, ""ue3"": {""delivered_bps"": 127991.79021775056, ""delivery_ratio"": 1.0, ""jitter_ms"": 11.589504684563753, ""loss_percent"": 0.0, ""offered_bps"": 127991.79021775056, ""rtt_p95_ms"": 75.949562}}"
1785748710.4967995,fair-base8-w3-r03-u1-100-u2-075,3,1.0,0.75,EQUAL_100,1.0,2,17.124826406018688,17.124826406018688,1.0,0.0,1.0,5.27517359398131,11.2,5.92482640601869,1.0,0.0,10.595952073825515,44.583934,1,"{""ue1"": {""delivered_bps"": 11200000.0, ""delivery_ratio"": 1.0, ""offered_bps"": 11200000.0}, ""ue2"": {""delivered_bps"": 5924826.40601869, ""delivery_ratio"": 1.0, ""offered_bps"": 5924826.40601869}, ""ue3"": {""delivered_bps"": 127988.37814212951, ""delivery_ratio"": 1.0, ""jitter_ms"": 10.595952073825515, ""loss_percent"": 0.0, ""offered_bps"": 127988.37814212951, ""rtt_p95_ms"": 44.583934}}"
1785748716.002195,fair-base8-w3-r03-u1-025-u2-015,3,0.25,0.15,MEDIUM_70,0.7,0,2.871980999761244,2.871980999761244,1.0,0.0,1.0,0.8191711149597672,1.8455760573605058,1.0264049424007384,1.0,0.0,10.429011335570475,38.104789,1,"{""ue1"": {""delivered_bps"": 1845576.0573605057, ""delivery_ratio"": 1.0, ""offered_bps"": 1845576.0573605057}, ""ue2"": {""delivered_bps"": 1026404.9424007385, ""delivery_ratio"": 1.0, ""offered_bps"": 1026404.9424007385}, ""ue3"": {""delivered_bps"": 127990.05940276073, ""delivery_ratio"": 1.0, ""jitter_ms"": 10.429011335570475, ""loss_percent"": 0.0, ""offered_bps"": 127990.05940276073, ""rtt_p95_ms"": 38.104789}}"
1785748717.170611,fair-base8-w3-r03-u1-025-u2-015,3,0.25,0.15,MEDIUM_70,0.7,1,2.7894756968426164,2.7894756968426164,1.0,0.0,1.0,1.130524303157383,1.9599999999999997,0.8294756968426166,1.0,0.0,10.30917156375839,38.062639,1,"{""ue1"": {""delivered_bps"": 1959999.9999999998, ""delivery_ratio"": 1.0, ""offered_bps"": 1959999.9999999998}, ""ue2"": {""delivered_bps"": 829475.6968426165, ""delivery_ratio"": 1.0, ""offered_bps"": 829475.6968426165}, ""ue3"": {""delivered_bps"": 127990.52473268544, ""delivery_ratio"": 1.0, ""jitter_ms"": 10.30917156375839, ""loss_percent"": 0.0, ""offered_bps"": 127990.52473268544, ""rtt_p95_ms"": 38.062639}}"
1785748718.3379283,fair-base8-w3-r03-u1-025-u2-015,3,0.25,0.15,MEDIUM_70,0.7,2,3.136,3.136,1.0,0.0,1.0,0.7839999999999998,1.9599999999999997,1.176,1.0,0.0,11.579820885906043,46.26543,1,"{""ue1"": {""delivered_bps"": 1959999.9999999998, ""delivery_ratio"": 1.0, ""offered_bps"": 1959999.9999999998}, ""ue2"": {""delivered_bps"": 1176000.0, ""delivery_ratio"": 1.0, ""offered_bps"": 1176000.0}, ""ue3"": {""delivered_bps"": 127988.45390082002, ""delivery_ratio"": 1.0, ""jitter_ms"": 11.579820885906043, ""loss_percent"": 0.0, ""offered_bps"": 127988.45390082002, ""rtt_p95_ms"": 46.26543}}"
1785748724.062822,fair-base8-w3-r03-u1-025-u2-015,3,0.25,0.15,EQUAL_100,1.0,0,4.102853879529804,4.102853879529804,1.0,0.0,1.0,1.170268329813409,2.6365611046716064,1.4662927748581975,1.0,0.0,11.08412711333334,38.122146,1,"{""ue1"": {""delivered_bps"": 2636561.1046716063, ""delivery_ratio"": 1.0, ""offered_bps"": 2636561.1046716063}, ""ue2"": {""delivered_bps"": 1466292.7748581974, ""delivery_ratio"": 1.0, ""offered_bps"": 1466292.7748581974}, ""ue3"": {""delivered_bps"": 127990.68355574434, ""delivery_ratio"": 1.0, ""jitter_ms"": 11.08412711333334, ""loss_percent"": 0.0, ""offered_bps"": 127990.68355574434, ""rtt_p95_ms"": 38.122146}}"
1785748725.2290313,fair-base8-w3-r03-u1-025-u2-015,3,0.25,0.15,EQUAL_100,1.0,1,3.984965281203738,3.984965281203738,1.0,0.0,1.0,1.6150347187962621,2.8,1.184965281203738,1.0,0.0,11.244361375838928,38.138768,1,"{""ue1"": {""delivered_bps"": 2800000.0, ""delivery_ratio"": 1.0, ""offered_bps"": 2800000.0}, ""ue2"": {""delivered_bps"": 1184965.281203738, ""delivery_ratio"": 1.0, ""offered_bps"": 1184965.281203738}, ""ue3"": {""delivered_bps"": 127990.08985601085, ""delivery_ratio"": 1.0, ""jitter_ms"": 11.244361375838928, ""loss_percent"": 0.0, ""offered_bps"": 127990.08985601085, ""rtt_p95_ms"": 38.138768}}"
1785748726.3836908,fair-base8-w3-r03-u1-025-u2-015,3,0.25,0.15,EQUAL_100,1.0,2,4.48,4.48,1.0,0.0,1.0,1.12,2.8,1.68,1.0,0.0,11.397281053691268,38.89714,1,"{""ue1"": {""delivered_bps"": 2800000.0, ""delivery_ratio"": 1.0, ""offered_bps"": 2800000.0}, ""ue2"": {""delivered_bps"": 1680000.0, ""delivery_ratio"": 1.0, ""offered_bps"": 1680000.0}, ""ue3"": {""delivered_bps"": 127990.76187979385, ""delivery_ratio"": 1.0, ""jitter_ms"": 11.397281053691268, ""loss_percent"": 0.0, ""offered_bps"": 127990.76187979385, ""rtt_p95_ms"": 38.89714}}"
1785748732.0113938,fair-base8-w3-r03-u1-025-u2-015,3,0.25,0.15,LIGHT_85,0.85,0,3.487379388238899,3.487379388238899,1.0,0.0,1.0,0.9946816709799632,2.241030529609431,1.246348858629468,1.0,0.0,11.139576228187915,38.442214,1,"{""ue1"": {""delivered_bps"": 2241030.529609431, ""delivery_ratio"": 1.0, ""offered_bps"": 2241030.529609431}, ""ue2"": {""delivered_bps"": 1246348.858629468, ""delivery_ratio"": 1.0, ""offered_bps"": 1246348.858629468}, ""ue3"": {""delivered_bps"": 127991.43583262648, ""delivery_ratio"": 1.0, ""jitter_ms"": 11.139576228187915, ""loss_percent"": 0.0, ""offered_bps"": 127991.43583262648, ""rtt_p95_ms"": 38.442214}}"
1785748733.197384,fair-base8-w3-r03-u1-025-u2-015,3,0.25,0.15,LIGHT_85,0.85,1,3.3872204890231776,3.3872204890231776,1.0,0.0,1.0,1.3727795109768226,2.38,1.0072204890231773,1.0,0.0,11.724892181208054,40.269737,1,"{""ue1"": {""delivered_bps"": 2380000.0, ""delivery_ratio"": 1.0, ""offered_bps"": 2380000.0}, ""ue2"": {""delivered_bps"": 1007220.4890231773, ""delivery_ratio"": 1.0, ""offered_bps"": 1007220.4890231773}, ""ue3"": {""delivered_bps"": 127990.81525552069, ""delivery_ratio"": 1.0, ""jitter_ms"": 11.724892181208054, ""loss_percent"": 0.0, ""offered_bps"": 127990.81525552069, ""rtt_p95_ms"": 40.269737}}"
1785748734.361988,fair-base8-w3-r03-u1-025-u2-015,3,0.25,0.15,LIGHT_85,0.85,2,3.808,3.808,1.0,0.0,1.0,0.952,2.38,1.428,1.0,0.0,11.275315194630869,38.442214,1,"{""ue1"": {""delivered_bps"": 2380000.0, ""delivery_ratio"": 1.0, ""offered_bps"": 2380000.0}, ""ue2"": {""delivered_bps"": 1428000.0, ""delivery_ratio"": 1.0, ""offered_bps"": 1428000.0}, ""ue3"": {""delivered_bps"": 127990.01370801388, ""delivery_ratio"": 1.0, ""jitter_ms"": 11.275315194630869, ""loss_percent"": 0.0, ""offered_bps"": 127990.01370801388, ""rtt_p95_ms"": 38.442214}}"
1785748739.8917723,fair-base8-w3-r03-u1-025-u2-015,3,0.25,0.15,STRONG_40,0.4,0,2.0321321496027447,2.0321321496027447,1.0,0.0,1.0,0.07707511645848118,1.054603633030613,0.9775285165721318,1.0,0.0,10.856320140939602,34.234956,1,"{""ue1"": {""delivered_bps"": 1054603.633030613, ""delivery_ratio"": 1.0, ""offered_bps"": 1054603.633030613}, ""ue2"": {""delivered_bps"": 977528.5165721318, ""delivery_ratio"": 1.0, ""offered_bps"": 977528.5165721318}, ""ue3"": {""delivered_bps"": 127990.27350699693, ""delivery_ratio"": 1.0, ""jitter_ms"": 10.856320140939602, ""loss_percent"": 0.0, ""offered_bps"": 127990.27350699693, ""rtt_p95_ms"": 34.234956}}"
1785748741.0521953,fair-base8-w3-r03-u1-025-u2-015,3,0.25,0.15,STRONG_40,0.4,1,1.9099768541358253,1.9099768541358253,1.0,0.0,1.0,0.3300231458641746,1.12,0.7899768541358254,1.0,0.0,9.63301026845638,34.112,1,"{""ue1"": {""delivered_bps"": 1120000.0, ""delivery_ratio"": 1.0, ""offered_bps"": 1120000.0}, ""ue2"": {""delivered_bps"": 789976.8541358254, ""delivery_ratio"": 1.0, ""offered_bps"": 789976.8541358254}, ""ue3"": {""delivered_bps"": 127990.78351316054, ""delivery_ratio"": 1.0, ""jitter_ms"": 9.63301026845638, ""loss_percent"": 0.0, ""offered_bps"": 127990.78351316054, ""rtt_p95_ms"": 34.112}}"
1785748742.2268884,fair-base8-w3-r03-u1-025-u2-015,3,0.25,0.15,STRONG_40,0.4,2,2.24,2.24,1.0,0.0,1.0,0.0,1.12,1.12,1.0,0.0,9.015018066666665,33.727632,1,"{""ue1"": {""delivered_bps"": 1120000.0, ""delivery_ratio"": 1.0, ""offered_bps"": 1120000.0}, ""ue2"": {""delivered_bps"": 1120000.0, ""delivery_ratio"": 1.0, ""offered_bps"": 1120000.0}, ""ue3"": {""delivered_bps"": 130548.15471645245, ""delivery_ratio"": 1.0, ""jitter_ms"": 9.015018066666665, ""loss_percent"": 0.0, ""offered_bps"": 127988.38697691416, ""rtt_p95_ms"": 33.727632}}"
1785748747.7484107,fair-base8-w3-r03-u1-075-u2-100,3,0.75,1.0,EQUAL_100,1.0,0,17.68494565678639,17.68494565678639,1.0,0.0,1.0,1.865624674656246,7.909660491065072,9.775285165721318,1.0,0.0,10.90980844,39.63604,1,"{""ue1"": {""delivered_bps"": 7909660.491065072, ""delivery_ratio"": 1.0, ""offered_bps"": 7909660.491065072}, ""ue2"": {""delivered_bps"": 9775285.165721318, ""delivery_ratio"": 1.0, ""offered_bps"": 9775285.165721318}, ""ue3"": {""delivered_bps"": 130550.14320675892, ""delivery_ratio"": 1.0, ""jitter_ms"": 10.90980844, ""loss_percent"": 0.0, ""offered_bps"": 127990.33647721463, ""rtt_p95_ms"": 39.63604}}"
1785748748.9175632,fair-base8-w3-r03-u1-075-u2-100,3,0.75,1.0,EQUAL_100,1.0,1,19.6,19.6,1.0,0.0,1.0,2.800000000000002,8.399999999999999,11.2,0.9866666666666667,1.3333333333333333,11.700252095890411,78.572766,0,"{""ue1"": {""delivered_bps"": 8399999.999999998, ""delivery_ratio"": 1.0, ""offered_bps"": 8399999.999999998}, ""ue2"": {""delivered_bps"": 11200000.0, ""delivery_ratio"": 1.0, ""offered_bps"": 11200000.0}, ""ue3"": {""delivered_bps"": 120308.6586236772, ""delivery_ratio"": 0.9866666666666667, ""jitter_ms"": 11.700252095890411, ""loss_percent"": 1.3333333333333333, ""offered_bps"": 127987.93470603958, ""rtt_p95_ms"": 78.572766}}"
1785748750.0717273,fair-base8-w3-r03-u1-075-u2-100,3,0.75,1.0,EQUAL_100,1.0,2,16.29976854135825,16.29976854135825,1.0,0.0,1.0,0.5002314586417451,8.399999999999999,7.899768541358253,0.9933333333333333,0.6666666666666666,14.15010846938776,103.226023,0,"{""ue1"": {""delivered_bps"": 8399999.999999998, ""delivery_ratio"": 1.0, ""offered_bps"": 8399999.999999998}, ""ue2"": {""delivered_bps"": 7899768.541358253, ""delivery_ratio"": 1.0, ""offered_bps"": 7899768.541358253}, ""ue3"": {""delivered_bps"": 133109.15479867125, ""delivery_ratio"": 0.9933333333333333, ""jitter_ms"": 14.15010846938776, ""loss_percent"": 0.6666666666666666, ""offered_bps"": 127989.57192179929, ""rtt_p95_ms"": 103.226023}}"
1785748755.5716147,fair-base8-w3-r03-u1-075-u2-100,3,0.75,1.0,STRONG_40,0.4,0,7.073946575841672,7.073946575841672,1.0,0.0,1.0,0.7462815567353814,3.1638325095531457,3.910114066288527,1.0,0.0,9.858224375838924,34.627548,1,"{""ue1"": {""delivered_bps"": 3163832.5095531456, ""delivery_ratio"": 1.0, ""offered_bps"": 3163832.5095531456}, ""ue2"": {""delivered_bps"": 3910114.066288527, ""delivery_ratio"": 1.0, ""offered_bps"": 3910114.066288527}, ""ue3"": {""delivered_bps"": 122870.0805756616, ""delivery_ratio"": 1.0, ""jitter_ms"": 9.858224375838924, ""loss_percent"": 0.0, ""offered_bps"": 127989.66726631417, ""rtt_p95_ms"": 34.627548}}"
1785748756.7766573,fair-base8-w3-r03-u1-075-u2-100,3,0.75,1.0,STRONG_40,0.4,1,7.84,7.84,1.0,0.0,1.0,1.1199999999999994,3.3600000000000003,4.48,1.0,0.0,10.77070197972972,37.89112,1,"{""ue1"": {""delivered_bps"": 3360000.0000000005, ""delivery_ratio"": 1.0, ""offered_bps"": 3360000.0000000005}, ""ue2"": {""delivered_bps"": 4480000.0, ""delivery_ratio"": 1.0, ""offered_bps"": 4480000.0}, ""ue3"": {""delivered_bps"": 127990.54149401217, ""delivery_ratio"": 1.0, ""jitter_ms"": 10.77070197972972, ""loss_percent"": 0.0, ""offered_bps"": 127990.54149401217, ""rtt_p95_ms"": 37.89112}}"
1785748757.938848,fair-base8-w3-r03-u1-075-u2-100,3,0.75,1.0,STRONG_40,0.4,2,7.84,7.84,1.0,0.0,1.0,1.1199999999999994,3.3600000000000003,4.48,1.0,0.0,11.130824933774838,58.428197,1,"{""ue1"": {""delivered_bps"": 3360000.0000000005, ""delivery_ratio"": 1.0, ""offered_bps"": 3360000.0000000005}, ""ue2"": {""delivered_bps"": 4480000.0, ""delivery_ratio"": 1.0, ""offered_bps"": 4480000.0}, ""ue3"": {""delivered_bps"": 127990.04492853269, ""delivery_ratio"": 1.0, ""jitter_ms"": 11.130824933774838, ""loss_percent"": 0.0, ""offered_bps"": 127990.04492853269, ""rtt_p95_ms"": 58.428197}}"
1785748763.4570444,fair-base8-w3-r03-u1-075-u2-100,3,0.75,1.0,LIGHT_85,0.85,0,15.032369346088883,15.032369346088883,1.0,0.0,1.0,1.5856154356373577,6.723376955225762,8.30899239086312,1.0,0.0,12.553323979865773,89.883698,0,"{""ue1"": {""delivered_bps"": 6723376.955225762, ""delivery_ratio"": 1.0, ""offered_bps"": 6723376.955225762}, ""ue2"": {""delivered_bps"": 8308992.39086312, ""delivery_ratio"": 1.0, ""offered_bps"": 8308992.39086312}, ""ue3"": {""delivered_bps"": 130548.61133267774, ""delivery_ratio"": 1.0, ""jitter_ms"": 12.553323979865773, ""loss_percent"": 0.0, ""offered_bps"": 127988.83463988014, ""rtt_p95_ms"": 89.883698}}"
1785748764.608955,fair-base8-w3-r03-u1-075-u2-100,3,0.75,1.0,LIGHT_85,0.85,1,16.66,16.66,1.0,0.0,1.0,2.380000000000001,7.139999999999999,9.52,1.0,0.0,13.09409071333334,105.993801,0,"{""ue1"": {""delivered_bps"": 7139999.999999999, ""delivery_ratio"": 1.0, ""offered_bps"": 7139999.999999999}, ""ue2"": {""delivered_bps"": 9520000.0, ""delivery_ratio"": 1.0, ""offered_bps"": 9520000.0}, ""ue3"": {""delivered_bps"": 127988.35625630229, ""delivery_ratio"": 1.0, ""jitter_ms"": 13.09409071333334, ""loss_percent"": 0.0, ""offered_bps"": 127988.35625630229, ""rtt_p95_ms"": 105.993801}}"
1785748765.760779,fair-base8-w3-r03-u1-075-u2-100,3,0.75,1.0,LIGHT_85,0.85,2,13.854803260154513,13.854803260154513,1.0,0.0,1.0,0.4251967398454845,7.139999999999999,6.714803260154515,1.0,0.0,10.75998218,56.386087,1,"{""ue1"": {""delivered_bps"": 7139999.999999999, ""delivery_ratio"": 1.0, ""offered_bps"": 7139999.999999999}, ""ue2"": {""delivered_bps"": 6714803.260154515, ""delivery_ratio"": 1.0, ""offered_bps"": 6714803.260154515}, ""ue3"": {""delivered_bps"": 127989.79460610425, ""delivery_ratio"": 1.0, ""jitter_ms"": 10.75998218, ""loss_percent"": 0.0, ""offered_bps"": 127989.79460610425, ""rtt_p95_ms"": 56.386087}}"
1785748771.3081083,fair-base8-w3-r03-u1-075-u2-100,3,0.75,1.0,MEDIUM_70,0.7,0,12.379635186641261,12.379635186641261,1.0,0.0,1.0,1.305764045368583,5.53693557063634,6.842699616004922,1.0,0.0,12.386757946666675,95.048598,0,"{""ue1"": {""delivered_bps"": 5536935.5706363395, ""delivery_ratio"": 1.0, ""offered_bps"": 5536935.5706363395}, ""ue2"": {""delivered_bps"": 6842699.616004922, ""delivery_ratio"": 1.0, ""offered_bps"": 6842699.616004922}, ""ue3"": {""delivered_bps"": 127990.39841201893, ""delivery_ratio"": 1.0, ""jitter_ms"": 12.386757946666675, ""loss_percent"": 0.0, ""offered_bps"": 127990.39841201893, ""rtt_p95_ms"": 95.048598}}"
1785748772.4859562,fair-base8-w3-r03-u1-075-u2-100,3,0.75,1.0,MEDIUM_70,0.7,1,13.719999999999999,13.719999999999999,1.0,0.0,1.0,1.96,5.879999999999999,7.839999999999999,1.0,0.0,13.634165818791942,100.213771,0,"{""ue1"": {""delivered_bps"": 5879999.999999999, ""delivery_ratio"": 1.0, ""offered_bps"": 5879999.999999999}, ""ue2"": {""delivered_bps"": 7839999.999999999, ""delivery_ratio"": 1.0, ""offered_bps"": 7839999.999999999}, ""ue3"": {""delivered_bps"": 127990.33916646817, ""delivery_ratio"": 1.0, ""jitter_ms"": 13.634165818791942, ""loss_percent"": 0.0, ""offered_bps"": 127990.33916646817, ""rtt_p95_ms"": 100.213771}}"
1785748773.7029743,fair-base8-w3-r03-u1-075-u2-100,3,0.75,1.0,MEDIUM_70,0.7,2,11.409837978950776,11.409837978950776,1.0,0.0,1.0,0.350162021049222,5.879999999999999,5.529837978950777,1.0,0.0,12.737795476510067,95.048598,0,"{""ue1"": {""delivered_bps"": 5879999.999999999, ""delivery_ratio"": 1.0, ""offered_bps"": 5879999.999999999}, ""ue2"": {""delivered_bps"": 5529837.978950777, ""delivery_ratio"": 1.0, ""offered_bps"": 5529837.978950777}, ""ue3"": {""delivered_bps"": 127989.4605762127, ""delivery_ratio"": 1.0, ""jitter_ms"": 12.737795476510067, ""loss_percent"": 0.0, ""offered_bps"": 127989.4605762127, ""rtt_p95_ms"": 95.048598}}"
1785748779.4227216,fair-base8-w3-r03-u1-025-u2-025,3,0.25,0.25,EQUAL_100,1.0,0,5.0803677104097815,5.0803677104097815,1.0,0.0,1.0,0.19272512754912302,2.6365464189794525,2.4438212914303294,1.0,0.0,11.14763455033557,46.170865,1,"{""ue1"": {""delivered_bps"": 2636546.4189794525, ""delivery_ratio"": 1.0, ""offered_bps"": 2636546.4189794525}, ""ue2"": {""delivered_bps"": 2443821.2914303294, ""delivery_ratio"": 1.0, ""offered_bps"": 2443821.2914303294}, ""ue3"": {""delivered_bps"": 127989.84861422323, ""delivery_ratio"": 1.0, ""jitter_ms"": 11.14763455033557, ""loss_percent"": 0.0, ""offered_bps"": 127989.84861422323, ""rtt_p95_ms"": 46.170865}}"
1785748780.5945613,fair-base8-w3-r03-u1-025-u2-025,3,0.25,0.25,EQUAL_100,1.0,1,4.774942135339564,4.774942135339564,1.0,0.0,1.0,0.8250578646604367,2.8,1.9749421353395633,1.0,0.0,10.903918805369127,46.170865,1,"{""ue1"": {""delivered_bps"": 2800000.0, ""delivery_ratio"": 1.0, ""offered_bps"": 2800000.0}, ""ue2"": {""delivered_bps"": 1974942.1353395632, ""delivery_ratio"": 1.0, ""offered_bps"": 1974942.1353395632}, ""ue3"": {""delivered_bps"": 127990.95884501384, ""delivery_ratio"": 1.0, ""jitter_ms"": 10.903918805369127, ""loss_percent"": 0.0, ""offered_bps"": 127990.95884501384, ""rtt_p95_ms"": 46.170865}}"
1785748781.8327475,fair-base8-w3-r03-u1-025-u2-025,3,0.25,0.25,EQUAL_100,1.0,2,5.6,5.6,1.0,0.0,1.0,0.0,2.8,2.8,1.0,0.0,10.905204275167787,46.046466,1,"{""ue1"": {""delivered_bps"": 2800000.0, ""delivery_ratio"": 1.0, ""offered_bps"": 2800000.0}, ""ue2"": {""delivered_bps"": 2800000.0, ""delivery_ratio"": 1.0, ""offered_bps"": 2800000.0}, ""ue3"": {""delivered_bps"": 127988.50547935443, ""delivery_ratio"": 1.0, ""jitter_ms"": 10.905204275167787, ""loss_percent"": 0.0, ""offered_bps"": 127988.50547935443, ""rtt_p95_ms"": 46.046466}}"
1785748787.6355515,fair-base8-w3-r03-u1-025-u2-025,3,0.25,0.25,LIGHT_85,0.85,0,4.31836107874858,4.31836107874858,1.0,0.0,1.0,0.16386488331702,2.2411129810328,2.07724809771578,1.0,0.0,12.35551798648649,91.916342,0,"{""ue1"": {""delivered_bps"": 2241112.9810328, ""delivery_ratio"": 1.0, ""offered_bps"": 2241112.9810328}, ""ue2"": {""delivered_bps"": 2077248.09771578, ""delivery_ratio"": 1.0, ""offered_bps"": 2077248.09771578}, ""ue3"": {""delivered_bps"": 122864.04242109979, ""delivery_ratio"": 1.0, ""jitter_ms"": 12.35551798648649, ""loss_percent"": 0.0, ""offered_bps"": 127983.37752197894, ""rtt_p95_ms"": 91.916342}}"
1785748788.824853,fair-base8-w3-r03-u1-025-u2-025,3,0.25,0.25,LIGHT_85,0.85,1,4.058700815038629,4.058700815038629,1.0,0.0,1.0,0.7012991849613713,2.38,1.6787008150386287,1.0,0.0,12.300515167785232,91.916342,0,"{""ue1"": {""delivered_bps"": 2380000.0, ""delivery_ratio"": 1.0, ""offered_bps"": 2380000.0}, ""ue2"": {""delivered_bps"": 1678700.8150386286, ""delivery_ratio"": 1.0, ""offered_bps"": 1678700.8150386286}, ""ue3"": {""delivered_bps"": 130550.78846987811, ""delivery_ratio"": 1.0, ""jitter_ms"": 12.300515167785232, ""loss_percent"": 0.0, ""offered_bps"": 127990.9690881158, ""rtt_p95_ms"": 91.916342}}"
1785748789.967663,fair-base8-w3-r03-u1-025-u2-025,3,0.25,0.25,LIGHT_85,0.85,2,4.76,4.76,1.0,0.0,1.0,0.0,2.38,2.38,1.0,0.0,10.285007346666667,39.205355,1,"{""ue1"": {""delivered_bps"": 2380000.0, ""delivery_ratio"": 1.0, ""offered_bps"": 2380000.0}, ""ue2"": {""delivered_bps"": 2380000.0, ""delivery_ratio"": 1.0, ""offered_bps"": 2380000.0}, ""ue3"": {""delivered_bps"": 127989.87600566873, ""delivery_ratio"": 1.0, ""jitter_ms"": 10.285007346666667, ""loss_percent"": 0.0, ""offered_bps"": 127989.87600566873, ""rtt_p95_ms"": 39.205355}}"
1785748795.375175,fair-base8-w3-r03-u1-025-u2-025,3,0.25,0.25,MEDIUM_70,0.7,0,3.5562397471925475,3.5562397471925475,1.0,0.0,1.0,0.1348899391900862,1.8455648431913168,1.7106749040012306,0.9933333333333333,0.6666666666666666,10.585513789115645,35.043289,1,"{""ue1"": {""delivered_bps"": 1845564.8431913168, ""delivery_ratio"": 1.0, ""offered_bps"": 1845564.8431913168}, ""ue2"": {""delivered_bps"": 1710674.9040012306, ""delivery_ratio"": 1.0, ""offered_bps"": 1710674.9040012306}, ""ue3"": {""delivered_bps"": 125428.76471681004, ""delivery_ratio"": 0.9933333333333333, ""jitter_ms"": 10.585513789115645, ""loss_percent"": 0.6666666666666666, ""offered_bps"": 127988.53542531637, ""rtt_p95_ms"": 35.043289}}"
1785748796.5137098,fair-base8-w3-r03-u1-025-u2-025,3,0.25,0.25,MEDIUM_70,0.7,1,3.9199999999999995,3.9199999999999995,1.0,0.0,1.0,0.0,1.9599999999999997,1.9599999999999997,1.0,0.0,10.49838881879195,34.848295,1,"{""ue1"": {""delivered_bps"": 1959999.9999999998, ""delivery_ratio"": 1.0, ""offered_bps"": 1959999.9999999998}, ""ue2"": {""delivered_bps"": 1959999.9999999998, ""delivery_ratio"": 1.0, ""offered_bps"": 1959999.9999999998}, ""ue3"": {""delivered_bps"": 130549.71711776065, ""delivery_ratio"": 1.0, ""jitter_ms"": 10.49838881879195, ""loss_percent"": 0.0, ""offered_bps"": 127989.91874290259, ""rtt_p95_ms"": 34.848295}}"
1785748797.6476583,fair-base8-w3-r03-u1-025-u2-025,3,0.25,0.25,MEDIUM_70,0.7,2,3.9199999999999995,3.9199999999999995,1.0,0.0,1.0,0.0,1.9599999999999997,1.9599999999999997,1.0,0.0,10.995470080536919,38.34376,1,"{""ue1"": {""delivered_bps"": 1959999.9999999998, ""delivery_ratio"": 1.0, ""offered_bps"": 1959999.9999999998}, ""ue2"": {""delivered_bps"": 1959999.9999999998, ""delivery_ratio"": 1.0, ""offered_bps"": 1959999.9999999998}, ""ue3"": {""delivered_bps"": 127989.81316254384, ""delivery_ratio"": 1.0, ""jitter_ms"": 10.995470080536919, ""loss_percent"": 0.0, ""offered_bps"": 127989.81316254384, ""rtt_p95_ms"": 38.34376}}"
1785748803.0731215,fair-base8-w3-r03-u1-025-u2-025,3,0.25,0.25,STRONG_40,0.4,0,2.0321482781598106,2.0321482781598106,1.0,0.0,1.0,0.07709124501554691,1.0546197615876787,0.9775285165721318,1.0,0.0,10.289515536912752,34.007752,1,"{""ue1"": {""delivered_bps"": 1054619.7615876787, ""delivery_ratio"": 1.0, ""offered_bps"": 1054619.7615876787}, ""ue2"": {""delivered_bps"": 977528.5165721318, ""delivery_ratio"": 1.0, ""offered_bps"": 977528.5165721318}, ""ue3"": {""delivered_bps"": 127989.70182398692, ""delivery_ratio"": 1.0, ""jitter_ms"": 10.289515536912752, ""loss_percent"": 0.0, ""offered_bps"": 127989.70182398692, ""rtt_p95_ms"": 34.007752}}"
1785748804.2127316,fair-base8-w3-r03-u1-025-u2-025,3,0.25,0.25,STRONG_40,0.4,1,1.9099768541358253,1.9099768541358253,1.0,0.0,1.0,0.3300231458641746,1.12,0.7899768541358254,1.0,0.0,10.366609566666671,34.203265,1,"{""ue1"": {""delivered_bps"": 1120000.0, ""delivery_ratio"": 1.0, ""offered_bps"": 1120000.0}, ""ue2"": {""delivered_bps"": 789976.8541358254, ""delivery_ratio"": 1.0, ""offered_bps"": 789976.8541358254}, ""ue3"": {""delivered_bps"": 127990.497854976, ""delivery_ratio"": 1.0, ""jitter_ms"": 10.366609566666671, ""loss_percent"": 0.0, ""offered_bps"": 127990.497854976, ""rtt_p95_ms"": 34.203265}}"
1785748805.3977609,fair-base8-w3-r03-u1-025-u2-025,3,0.25,0.25,STRONG_40,0.4,2,2.24,2.24,1.0,0.0,1.0,0.0,1.12,1.12,1.0,0.0,11.453371362416108,34.724684,1,"{""ue1"": {""delivered_bps"": 1120000.0, ""delivery_ratio"": 1.0, ""offered_bps"": 1120000.0}, ""ue2"": {""delivered_bps"": 1120000.0, ""delivery_ratio"": 1.0, ""offered_bps"": 1120000.0}, ""ue3"": {""delivered_bps"": 127988.74569552878, ""delivery_ratio"": 1.0, ""jitter_ms"": 11.453371362416108, ""loss_percent"": 0.0, ""offered_bps"": 127988.74569552878, ""rtt_p95_ms"": 34.724684}}"
1785748810.8234355,fair-base8-w3-r03-u1-100-u2-055,3,1.0,0.55,EQUAL_100,1.0,0,15.92276828967306,15.92276828967306,1.0,0.0,1.0,5.16995460737961,10.546361448526335,5.376406841146725,1.0,0.0,11.892800546666663,41.370368,1,"{""ue1"": {""delivered_bps"": 10546361.448526336, ""delivery_ratio"": 1.0, ""offered_bps"": 10546361.448526336}, ""ue2"": {""delivered_bps"": 5376406.841146725, ""delivery_ratio"": 1.0, ""offered_bps"": 5376406.841146725}, ""ue3"": {""delivered_bps"": 130550.39815027572, ""delivery_ratio"": 1.0, ""jitter_ms"": 11.892800546666663, ""loss_percent"": 0.0, ""offered_bps"": 127990.58642183895, ""rtt_p95_ms"": 41.370368}}"
1785748811.9737701,fair-base8-w3-r03-u1-100-u2-055,3,1.0,0.55,EQUAL_100,1.0,1,17.36,17.36,1.0,0.0,1.0,5.04,11.2,6.16,1.0,0.0,13.394707966216217,95.845546,0,"{""ue1"": {""delivered_bps"": 11200000.0, ""delivery_ratio"": 1.0, ""offered_bps"": 11200000.0}, ""ue2"": {""delivered_bps"": 6160000.0, ""delivery_ratio"": 1.0, ""offered_bps"": 6160000.0}, ""ue3"": {""delivered_bps"": 122870.2529461614, ""delivery_ratio"": 1.0, ""jitter_ms"": 13.394707966216217, ""loss_percent"": 0.0, ""offered_bps"": 127989.84681891813, ""rtt_p95_ms"": 95.845546}}"
1785748813.1657474,fair-base8-w3-r03-u1-100-u2-055,3,1.0,0.55,EQUAL_100,1.0,2,15.54487269774704,15.54487269774704,1.0,0.0,1.0,6.85512730225296,11.2,4.344872697747039,0.9933333333333333,0.6666666666666666,15.002359285714283,117.495688,0,"{""ue1"": {""delivered_bps"": 11200000.0, ""delivery_ratio"": 1.0, ""offered_bps"": 11200000.0}, ""ue2"": {""delivered_bps"": 4344872.69774704, ""delivery_ratio"": 1.0, ""offered_bps"": 4344872.69774704}, ""ue3"": {""delivered_bps"": 127988.02569779006, ""delivery_ratio"": 0.9933333333333333, ""jitter_ms"": 15.002359285714283, ""loss_percent"": 0.6666666666666666, ""offered_bps"": 127988.02569779006, ""rtt_p95_ms"": 117.495688}}"
1785748818.6420407,fair-base8-w3-r03-u1-100-u2-055,3,1.0,0.55,LIGHT_85,0.85,0,13.534198180599063,13.534198180599063,1.0,0.0,1.0,4.394306550649629,8.964252365624345,4.569945814974717,1.0,0.0,11.383697472972974,45.324495,1,"{""ue1"": {""delivered_bps"": 8964252.365624346, ""delivery_ratio"": 1.0, ""offered_bps"": 8964252.365624346}, ""ue2"": {""delivered_bps"": 4569945.814974717, ""delivery_ratio"": 1.0, ""offered_bps"": 4569945.814974717}, ""ue3"": {""delivered_bps"": 125430.7672907006, ""delivery_ratio"": 1.0, ""jitter_ms"": 11.383697472972974, ""loss_percent"": 0.0, ""offered_bps"": 127990.57886806184, ""rtt_p95_ms"": 45.324495}}"
1785748819.838745,fair-base8-w3-r03-u1-100-u2-055,3,1.0,0.55,LIGHT_85,0.85,1,14.756,14.756,1.0,0.0,1.0,4.284,9.52,5.236,1.0,0.0,11.477972173333328,82.652962,0,"{""ue1"": {""delivered_bps"": 9520000.0, ""delivery_ratio"": 1.0, ""offered_bps"": 9520000.0}, ""ue2"": {""delivered_bps"": 5236000.0, ""delivery_ratio"": 1.0, ""offered_bps"": 5236000.0}, ""ue3"": {""delivered_bps"": 130548.25300701369, ""delivery_ratio"": 1.0, ""jitter_ms"": 11.477972173333328, ""loss_percent"": 0.0, ""offered_bps"": 127988.4833402095, ""rtt_p95_ms"": 82.652962}}"
1785748820.9938304,fair-base8-w3-r03-u1-100-u2-055,3,1.0,0.55,LIGHT_85,0.85,2,14.756,14.756,1.0,0.0,1.0,4.284,9.52,5.236,1.0,0.0,10.578985799999998,52.798625,1,"{""ue1"": {""delivered_bps"": 9520000.0, ""delivery_ratio"": 1.0, ""offered_bps"": 9520000.0}, ""ue2"": {""delivered_bps"": 5236000.0, ""delivery_ratio"": 1.0, ""offered_bps"": 5236000.0}, ""ue3"": {""delivered_bps"": 125430.6378530721, ""delivery_ratio"": 1.0, ""jitter_ms"": 10.578985799999998, ""loss_percent"": 0.0, ""offered_bps"": 127990.44678884908, ""rtt_p95_ms"": 52.798625}}"
1785748826.5240202,fair-base8-w3-r03-u1-100-u2-055,3,1.0,0.55,MEDIUM_70,0.7,0,11.145917396359756,11.145917396359756,1.0,0.0,1.0,3.6189478187543407,7.382432607557048,3.7634847888027076,1.0,0.0,11.669354639999998,95.379242,0,"{""ue1"": {""delivered_bps"": 7382432.607557048, ""delivery_ratio"": 1.0, ""offered_bps"": 7382432.607557048}, ""ue2"": {""delivered_bps"": 3763484.7888027076, ""delivery_ratio"": 1.0, ""offered_bps"": 3763484.7888027076}, ""ue3"": {""delivered_bps"": 130550.52125327633, ""delivery_ratio"": 1.0, ""jitter_ms"": 11.669354639999998, ""loss_percent"": 0.0, ""offered_bps"": 127990.70711105522, ""rtt_p95_ms"": 95.379242}}"
1785748827.6855557,fair-base8-w3-r03-u1-100-u2-055,3,1.0,0.55,MEDIUM_70,0.7,1,12.151999999999997,12.151999999999997,1.0,0.0,1.0,3.528,7.839999999999999,4.311999999999999,1.0,0.0,12.83597202013423,95.379242,0,"{""ue1"": {""delivered_bps"": 7839999.999999999, ""delivery_ratio"": 1.0, ""offered_bps"": 7839999.999999999}, ""ue2"": {""delivered_bps"": 4311999.999999999, ""delivery_ratio"": 1.0, ""offered_bps"": 4311999.999999999}, ""ue3"": {""delivered_bps"": 125430.02931728624, ""delivery_ratio"": 1.0, ""jitter_ms"": 12.83597202013423, ""loss_percent"": 0.0, ""offered_bps"": 127989.82583396556, ""rtt_p95_ms"": 95.379242}}"
1785748828.8517766,fair-base8-w3-r03-u1-100-u2-055,3,1.0,0.55,MEDIUM_70,0.7,2,12.151999999999997,12.151999999999997,1.0,0.0,1.0,3.528,7.839999999999999,4.311999999999999,1.0,0.0,12.529202255033564,114.272168,0,"{""ue1"": {""delivered_bps"": 7839999.999999999, ""delivery_ratio"": 1.0, ""offered_bps"": 7839999.999999999}, ""ue2"": {""delivered_bps"": 4311999.999999999, ""delivery_ratio"": 1.0, ""offered_bps"": 4311999.999999999}, ""ue3"": {""delivered_bps"": 127990.88704650223, ""delivery_ratio"": 1.0, ""jitter_ms"": 12.529202255033564, ""loss_percent"": 0.0, ""offered_bps"": 127990.88704650223, ""rtt_p95_ms"": 114.272168}}"
1785748834.396851,fair-base8-w3-r03-u1-100-u2-055,3,1.0,0.55,STRONG_40,0.4,0,6.36902346707157,6.36902346707157,1.0,0.0,1.0,2.067897994154189,4.21846073061288,2.1505627364586903,1.0,0.0,10.455066593333333,38.875885,1,"{""ue1"": {""delivered_bps"": 4218460.73061288, ""delivery_ratio"": 1.0, ""offered_bps"": 4218460.73061288}, ""ue2"": {""delivered_bps"": 2150562.7364586904, ""delivery_ratio"": 1.0, ""offered_bps"": 2150562.7364586904}, ""ue3"": {""delivered_bps"": 127989.08866831007, ""delivery_ratio"": 1.0, ""jitter_ms"": 10.455066593333333, ""loss_percent"": 0.0, ""offered_bps"": 127989.08866831007, ""rtt_p95_ms"": 38.875885}}"
1785748835.5514967,fair-base8-w3-r03-u1-100-u2-055,3,1.0,0.55,STRONG_40,0.4,1,6.944,6.944,1.0,0.0,1.0,2.016,4.48,2.464,1.0,0.0,10.962178174496644,39.551377,1,"{""ue1"": {""delivered_bps"": 4480000.0, ""delivery_ratio"": 1.0, ""offered_bps"": 4480000.0}, ""ue2"": {""delivered_bps"": 2464000.0, ""delivery_ratio"": 1.0, ""offered_bps"": 2464000.0}, ""ue3"": {""delivered_bps"": 127989.32671891613, ""delivery_ratio"": 1.0, ""jitter_ms"": 10.962178174496644, ""loss_percent"": 0.0, ""offered_bps"": 127989.32671891613, ""rtt_p95_ms"": 39.551377}}"
1785748836.7079895,fair-base8-w3-r03-u1-100-u2-055,3,1.0,0.55,STRONG_40,0.4,2,6.944,6.944,1.0,0.0,1.0,2.016,4.48,2.464,1.0,0.0,10.575620912751678,39.378075,1,"{""ue1"": {""delivered_bps"": 4480000.0, ""delivery_ratio"": 1.0, ""offered_bps"": 4480000.0}, ""ue2"": {""delivered_bps"": 2464000.0, ""delivery_ratio"": 1.0, ""offered_bps"": 2464000.0}, ""ue3"": {""delivered_bps"": 127985.10649516068, ""delivery_ratio"": 1.0, ""jitter_ms"": 10.575620912751678, ""loss_percent"": 0.0, ""offered_bps"": 127985.10649516068, ""rtt_p95_ms"": 39.378075}}"
1785748842.278447,fair-base8-w3-r03-u1-015-u2-040,3,0.15,0.4,STRONG_40,0.4,0,2.618652860512241,2.618652860512241,1.0,0.0,1.0,0.5094383925185818,1.0546072339968295,1.5640456265154112,1.0,0.0,9.921010033783785,34.956937,1,"{""ue1"": {""delivered_bps"": 1054607.2339968295, ""delivery_ratio"": 1.0, ""offered_bps"": 1054607.2339968295}, ""ue2"": {""delivered_bps"": 1564045.6265154113, ""delivery_ratio"": 1.0, ""offered_bps"": 1564045.6265154113}, ""ue3"": {""delivered_bps"": 127990.54367670971, ""delivery_ratio"": 1.0, ""jitter_ms"": 9.921010033783785, ""loss_percent"": 0.0, ""offered_bps"": 127990.54367670971, ""rtt_p95_ms"": 34.956937}}"
1785748843.4295697,fair-base8-w3-r03-u1-015-u2-040,3,0.15,0.4,STRONG_40,0.4,1,2.3839629666173208,2.3839629666173208,1.0,0.0,1.0,0.14396296661732066,1.12,1.2639629666173207,1.0,0.0,10.114271946666664,38.513375,1,"{""ue1"": {""delivered_bps"": 1120000.0, ""delivery_ratio"": 1.0, ""offered_bps"": 1120000.0}, ""ue2"": {""delivered_bps"": 1263962.9666173207, ""delivery_ratio"": 1.0, ""offered_bps"": 1263962.9666173207}, ""ue3"": {""delivered_bps"": 130539.3592450458, ""delivery_ratio"": 1.0, ""jitter_ms"": 10.114271946666664, ""loss_percent"": 0.0, ""offered_bps"": 127979.76396573117, ""rtt_p95_ms"": 38.513375}}"
1785748844.6047568,fair-base8-w3-r03-u1-015-u2-040,3,0.15,0.4,STRONG_40,0.4,2,2.912,2.912,1.0,0.0,1.0,0.6720000000000003,1.12,1.7920000000000003,1.0,0.0,11.733341550335574,58.490141,1,"{""ue1"": {""delivered_bps"": 1120000.0, ""delivery_ratio"": 1.0, ""offered_bps"": 1120000.0}, ""ue2"": {""delivered_bps"": 1792000.0000000002, ""delivery_ratio"": 1.0, ""offered_bps"": 1792000.0000000002}, ""ue3"": {""delivered_bps"": 125430.338351631, ""delivery_ratio"": 1.0, ""jitter_ms"": 11.733341550335574, ""loss_percent"": 0.0, ""offered_bps"": 127990.14117513367, ""rtt_p95_ms"": 58.490141}}"
1785748850.0696337,fair-base8-w3-r03-u1-015-u2-040,3,0.15,0.4,MEDIUM_70,0.7,0,3.8444294825629135,3.8444294825629135,1.0,0.0,1.0,1.6297302102410236,1.1073496361609447,2.7370798464019686,1.0,0.0,11.022697570469804,38.281277,1,"{""ue1"": {""delivered_bps"": 1107349.6361609448, ""delivery_ratio"": 1.0, ""offered_bps"": 1107349.6361609448}, ""ue2"": {""delivered_bps"": 2737079.8464019685, ""delivery_ratio"": 1.0, ""offered_bps"": 2737079.8464019685}, ""ue3"": {""delivered_bps"": 130550.74747587621, ""delivery_ratio"": 1.0, ""jitter_ms"": 11.022697570469804, ""loss_percent"": 0.0, ""offered_bps"": 127990.92889791785, ""rtt_p95_ms"": 38.281277}}"
1785748851.2477756,fair-base8-w3-r03-u1-015-u2-040,3,0.15,0.4,MEDIUM_70,0.7,1,4.312,4.312,1.0,0.0,1.0,1.9599999999999995,1.176,3.1359999999999997,1.0,0.0,11.523186577181201,48.188752,1,"{""ue1"": {""delivered_bps"": 1176000.0, ""delivery_ratio"": 1.0, ""offered_bps"": 1176000.0}, ""ue2"": {""delivered_bps"": 3135999.9999999995, ""delivery_ratio"": 1.0, ""offered_bps"": 3135999.9999999995}, ""ue3"": {""delivered_bps"": 125431.23410793832, ""delivery_ratio"": 1.0, ""jitter_ms"": 11.523186577181201, ""loss_percent"": 0.0, ""offered_bps"": 127991.05521218196, ""rtt_p95_ms"": 48.188752}}"
1785748852.4016464,fair-base8-w3-r03-u1-015-u2-040,3,0.15,0.4,MEDIUM_70,0.7,2,4.312,4.312,1.0,0.0,1.0,1.9599999999999995,1.176,3.1359999999999997,1.0,0.0,10.667397463087248,38.423588,1,"{""ue1"": {""delivered_bps"": 1176000.0, ""delivery_ratio"": 1.0, ""offered_bps"": 1176000.0}, ""ue2"": {""delivered_bps"": 3135999.9999999995, ""delivery_ratio"": 1.0, ""offered_bps"": 3135999.9999999995}, ""ue3"": {""delivered_bps"": 127991.38029600462, ""delivery_ratio"": 1.0, ""jitter_ms"": 10.667397463087248, ""loss_percent"": 0.0, ""offered_bps"": 127991.38029600462, ""rtt_p95_ms"": 38.423588}}"
1785748857.9382255,fair-base8-w3-r03-u1-015-u2-040,3,0.15,0.4,LIGHT_85,0.85,0,4.668229735788933,4.668229735788933,1.0,0.0,1.0,1.978964176901563,1.3446327794436852,3.323596956345248,1.0,0.0,10.36565658666666,35.295556,1,"{""ue1"": {""delivered_bps"": 1344632.7794436852, ""delivery_ratio"": 1.0, ""offered_bps"": 1344632.7794436852}, ""ue2"": {""delivered_bps"": 3323596.956345248, ""delivery_ratio"": 1.0, ""offered_bps"": 3323596.956345248}, ""ue3"": {""delivered_bps"": 130549.56464854121, ""delivery_ratio"": 1.0, ""jitter_ms"": 10.36565658666666, ""loss_percent"": 0.0, ""offered_bps"": 127989.7692632757, ""rtt_p95_ms"": 35.295556}}"
1785748859.0959573,fair-base8-w3-r03-u1-015-u2-040,3,0.15,0.4,LIGHT_85,0.85,1,4.113921304061806,4.113921304061806,1.0,0.0,1.0,1.2579213040618062,1.428,2.6859213040618064,1.0,0.0,11.226593838926178,46.99352,1,"{""ue1"": {""delivered_bps"": 1428000.0, ""delivery_ratio"": 1.0, ""offered_bps"": 1428000.0}, ""ue2"": {""delivered_bps"": 2685921.3040618063, ""delivery_ratio"": 1.0, ""offered_bps"": 2685921.3040618063}, ""ue3"": {""delivered_bps"": 127991.7774192963, ""delivery_ratio"": 1.0, ""jitter_ms"": 11.226593838926178, ""loss_percent"": 0.0, ""offered_bps"": 127991.7774192963, ""rtt_p95_ms"": 46.99352}}"
1785748860.2531528,fair-base8-w3-r03-u1-015-u2-040,3,0.15,0.4,LIGHT_85,0.85,2,5.236,5.236,1.0,0.0,1.0,2.38,1.428,3.808,1.0,0.0,11.530104845637583,46.99352,1,"{""ue1"": {""delivered_bps"": 1428000.0, ""delivery_ratio"": 1.0, ""offered_bps"": 1428000.0}, ""ue2"": {""delivered_bps"": 3808000.0, ""delivery_ratio"": 1.0, ""offered_bps"": 3808000.0}, ""ue3"": {""delivered_bps"": 130550.67059414559, ""delivery_ratio"": 1.0, ""jitter_ms"": 11.530104845637583, ""loss_percent"": 0.0, ""offered_bps"": 127990.85352367215, ""rtt_p95_ms"": 46.99352}}"
1785748865.7882214,fair-base8-w3-r03-u1-015-u2-040,3,0.15,0.4,EQUAL_100,1.0,0,5.492045342544946,5.492045342544946,1.0,0.0,1.0,2.328182790032108,1.5819312762564188,3.910114066288527,1.0,0.0,10.278906086666668,36.851442,1,"{""ue1"": {""delivered_bps"": 1581931.2762564188, ""delivery_ratio"": 1.0, ""offered_bps"": 1581931.2762564188}, ""ue2"": {""delivered_bps"": 3910114.066288527, ""delivery_ratio"": 1.0, ""offered_bps"": 3910114.066288527}, ""ue3"": {""delivered_bps"": 130549.42875930083, ""delivery_ratio"": 1.0, ""jitter_ms"": 10.278906086666668, ""loss_percent"": 0.0, ""offered_bps"": 127989.63603853023, ""rtt_p95_ms"": 36.851442}}"
1785748866.9589849,fair-base8-w3-r03-u1-015-u2-040,3,0.15,0.4,EQUAL_100,1.0,1,6.16,6.16,1.0,0.0,1.0,2.8,1.68,4.48,1.0,0.0,11.492683006666665,84.454831,0,"{""ue1"": {""delivered_bps"": 1680000.0, ""delivery_ratio"": 1.0, ""offered_bps"": 1680000.0}, ""ue2"": {""delivered_bps"": 4480000.0, ""delivery_ratio"": 1.0, ""offered_bps"": 4480000.0}, ""ue3"": {""delivered_bps"": 127991.17219240486, ""delivery_ratio"": 1.0, ""jitter_ms"": 11.492683006666665, ""loss_percent"": 0.0, ""offered_bps"": 127991.17219240486, ""rtt_p95_ms"": 84.454831}}"
1785748868.1428757,fair-base8-w3-r03-u1-015-u2-040,3,0.15,0.4,EQUAL_100,1.0,2,6.16,6.16,1.0,0.0,1.0,2.8,1.68,4.48,1.0,0.0,12.77615024161074,103.337035,0,"{""ue1"": {""delivered_bps"": 1680000.0, ""delivery_ratio"": 1.0, ""offered_bps"": 1680000.0}, ""ue2"": {""delivered_bps"": 4480000.0, ""delivery_ratio"": 1.0, ""offered_bps"": 4480000.0}, ""ue3"": {""delivered_bps"": 127990.78555432567, ""delivery_ratio"": 1.0, ""jitter_ms"": 12.77615024161074, ""loss_percent"": 0.0, ""offered_bps"": 127990.78555432567, ""rtt_p95_ms"": 103.337035}}"
1785748873.6461263,fair-base8-w3-r03-u1-055-u2-100,3,0.55,1.0,LIGHT_85,0.85,0,13.239347035029983,13.239347035029983,1.0,0.0,1.0,3.3786377466962563,4.930354644166863,8.30899239086312,1.0,0.0,12.02827982550335,87.634629,0,"{""ue1"": {""delivered_bps"": 4930354.6441668635, ""delivery_ratio"": 1.0, ""offered_bps"": 4930354.6441668635}, ""ue2"": {""delivered_bps"": 8308992.39086312, ""delivery_ratio"": 1.0, ""offered_bps"": 8308992.39086312}, ""ue3"": {""delivered_bps"": 135670.60562349265, ""delivery_ratio"": 1.0, ""jitter_ms"": 12.02827982550335, ""loss_percent"": 0.0, ""offered_bps"": 127991.13738065344, ""rtt_p95_ms"": 87.634629}}"
1785748874.811741,fair-base8-w3-r03-u1-055-u2-100,3,0.55,1.0,LIGHT_85,0.85,1,14.756,14.756,1.0,0.0,1.0,4.284,5.236,9.52,1.0,0.0,13.459126516556292,106.53242,0,"{""ue1"": {""delivered_bps"": 5236000.0, ""delivery_ratio"": 1.0, ""offered_bps"": 5236000.0}, ""ue2"": {""delivered_bps"": 9520000.0, ""delivery_ratio"": 1.0, ""offered_bps"": 9520000.0}, ""ue3"": {""delivered_bps"": 130549.44233757444, ""delivery_ratio"": 1.0, ""jitter_ms"": 13.459126516556292, ""loss_percent"": 0.0, ""offered_bps"": 127989.64935056317, ""rtt_p95_ms"": 106.53242}}"
1785748876.0007477,fair-base8-w3-r03-u1-055-u2-100,3,0.55,1.0,LIGHT_85,0.85,2,11.950803260154515,11.950803260154515,1.0,0.0,1.0,1.4788032601545145,5.236,6.714803260154515,1.0,0.0,11.564223295302007,86.635033,0,"{""ue1"": {""delivered_bps"": 5236000.0, ""delivery_ratio"": 1.0, ""offered_bps"": 5236000.0}, ""ue2"": {""delivered_bps"": 6714803.260154515, ""delivery_ratio"": 1.0, ""offered_bps"": 6714803.260154515}, ""ue3"": {""delivered_bps"": 135668.670845308, ""delivery_ratio"": 1.0, ""jitter_ms"": 11.564223295302007, ""loss_percent"": 0.0, ""offered_bps"": 127989.31211821508, ""rtt_p95_ms"": 86.635033}}"
1785748881.4952471,fair-base8-w3-r03-u1-055-u2-100,3,0.55,1.0,MEDIUM_70,0.7,0,10.903008063879282,10.903008063879282,1.0,0.0,1.0,2.7823911681305624,4.06030844787436,6.842699616004922,1.0,0.0,10.885036040540541,43.08904,1,"{""ue1"": {""delivered_bps"": 4060308.44787436, ""delivery_ratio"": 1.0, ""offered_bps"": 4060308.44787436}, ""ue2"": {""delivered_bps"": 6842699.616004922, ""delivery_ratio"": 1.0, ""offered_bps"": 6842699.616004922}, ""ue3"": {""delivered_bps"": 125430.96996734796, ""delivery_ratio"": 1.0, ""jitter_ms"": 10.885036040540541, ""loss_percent"": 0.0, ""offered_bps"": 127990.78568096731, ""rtt_p95_ms"": 43.08904}}"
1785748882.7177145,fair-base8-w3-r03-u1-055-u2-100,3,0.55,1.0,MEDIUM_70,0.7,1,12.151999999999997,12.151999999999997,1.0,0.0,1.0,3.528,4.311999999999999,7.839999999999999,1.0,0.0,10.834469961038963,55.248894,1,"{""ue1"": {""delivered_bps"": 4311999.999999999, ""delivery_ratio"": 1.0, ""offered_bps"": 4311999.999999999}, ""ue2"": {""delivered_bps"": 7839999.999999999, ""delivery_ratio"": 1.0, ""offered_bps"": 7839999.999999999}, ""ue3"": {""delivered_bps"": 130551.52812159265, ""delivery_ratio"": 1.0, ""jitter_ms"": 10.834469961038963, ""loss_percent"": 0.0, ""offered_bps"": 127991.69423685555, ""rtt_p95_ms"": 55.248894}}"
1785748883.877263,fair-base8-w3-r03-u1-055-u2-100,3,0.55,1.0,MEDIUM_70,0.7,2,9.841837978950776,9.841837978950776,1.0,0.0,1.0,1.217837978950778,4.311999999999999,5.529837978950777,1.0,0.0,10.33080471812081,43.08904,1,"{""ue1"": {""delivered_bps"": 4311999.999999999, ""delivery_ratio"": 1.0, ""offered_bps"": 4311999.999999999}, ""ue2"": {""delivered_bps"": 5529837.978950777, ""delivery_ratio"": 1.0, ""offered_bps"": 5529837.978950777}, ""ue3"": {""delivered_bps"": 127989.3212138555, ""delivery_ratio"": 1.0, ""jitter_ms"": 10.33080471812081, ""loss_percent"": 0.0, ""offered_bps"": 127989.3212138555, ""rtt_p95_ms"": 43.08904}}"
1785748889.3029509,fair-base8-w3-r03-u1-055-u2-100,3,0.55,1.0,STRONG_40,0.4,0,6.230359284018716,6.230359284018716,1.0,0.0,1.0,1.5898688485583388,2.3202452177301884,3.910114066288527,1.0,0.0,9.574775476510066,38.14817,1,"{""ue1"": {""delivered_bps"": 2320245.2177301883, ""delivery_ratio"": 1.0, ""offered_bps"": 2320245.2177301883}, ""ue2"": {""delivered_bps"": 3910114.066288527, ""delivery_ratio"": 1.0, ""offered_bps"": 3910114.066288527}, ""ue3"": {""delivered_bps"": 127989.63872775434, ""delivery_ratio"": 1.0, ""jitter_ms"": 9.574775476510066, ""loss_percent"": 0.0, ""offered_bps"": 127989.63872775434, ""rtt_p95_ms"": 38.14817}}"
1785748890.4502966,fair-base8-w3-r03-u1-055-u2-100,3,0.55,1.0,STRONG_40,0.4,1,6.944,6.944,1.0,0.0,1.0,2.016,2.464,4.48,1.0,0.0,10.145884547297296,40.324394,1,"{""ue1"": {""delivered_bps"": 2464000.0, ""delivery_ratio"": 1.0, ""offered_bps"": 2464000.0}, ""ue2"": {""delivered_bps"": 4480000.0, ""delivery_ratio"": 1.0, ""offered_bps"": 4480000.0}, ""ue3"": {""delivered_bps"": 125431.95767677831, ""delivery_ratio"": 1.0, ""jitter_ms"": 10.145884547297296, ""loss_percent"": 0.0, ""offered_bps"": 127991.79354773297, ""rtt_p95_ms"": 40.324394}}"
1785748891.616439,fair-base8-w3-r03-u1-055-u2-100,3,0.55,1.0,STRONG_40,0.4,2,5.623907416543301,5.623907416543301,1.0,0.0,1.0,0.6959074165433017,2.464,3.1599074165433017,1.0,0.0,10.226262959459463,40.324394,1,"{""ue1"": {""delivered_bps"": 2464000.0, ""delivery_ratio"": 1.0, ""offered_bps"": 2464000.0}, ""ue2"": {""delivered_bps"": 3159907.4165433017, ""delivery_ratio"": 1.0, ""offered_bps"": 3159907.4165433017}, ""ue3"": {""delivered_bps"": 127990.49005537674, ""delivery_ratio"": 1.0, ""jitter_ms"": 10.226262959459463, ""loss_percent"": 0.0, ""offered_bps"": 127990.49005537674, ""rtt_p95_ms"": 40.324394}}"
1785748897.3043401,fair-base8-w3-r03-u1-055-u2-100,3,0.55,1.0,EQUAL_100,1.0,0,15.575633797911685,15.575633797911685,1.0,0.0,1.0,3.9749365335309506,5.800348632190367,9.775285165721318,1.0,0.0,12.294182186666674,60.414589,0,"{""ue1"": {""delivered_bps"": 5800348.632190367, ""delivery_ratio"": 1.0, ""offered_bps"": 5800348.632190367}, ""ue2"": {""delivered_bps"": 9775285.165721318, ""delivery_ratio"": 1.0, ""offered_bps"": 9775285.165721318}, ""ue3"": {""delivered_bps"": 127989.6162082994, ""delivery_ratio"": 1.0, ""jitter_ms"": 12.294182186666674, ""loss_percent"": 0.0, ""offered_bps"": 127989.6162082994, ""rtt_p95_ms"": 60.414589}}"
1785748898.460664,fair-base8-w3-r03-u1-055-u2-100,3,0.55,1.0,EQUAL_100,1.0,1,17.36,17.36,1.0,0.0,1.0,5.04,6.16,11.2,1.0,0.0,13.746109439189192,103.649475,0,"{""ue1"": {""delivered_bps"": 6160000.0, ""delivery_ratio"": 1.0, ""offered_bps"": 6160000.0}, ""ue2"": {""delivered_bps"": 11200000.0, ""delivery_ratio"": 1.0, ""offered_bps"": 11200000.0}, ""ue3"": {""delivered_bps"": 125431.66895201831, ""delivery_ratio"": 1.0, ""jitter_ms"": 13.746109439189192, ""loss_percent"": 0.0, ""offered_bps"": 127991.49893063093, ""rtt_p95_ms"": 103.649475}}"
1785748899.648279,fair-base8-w3-r03-u1-055-u2-100,3,0.55,1.0,EQUAL_100,1.0,2,14.059768541358252,14.059768541358252,1.0,0.0,1.0,1.739768541358253,6.16,7.899768541358253,1.0,0.0,13.42406733108108,103.649475,0,"{""ue1"": {""delivered_bps"": 6160000.0, ""delivery_ratio"": 1.0, ""offered_bps"": 6160000.0}, ""ue2"": {""delivered_bps"": 7899768.541358253, ""delivery_ratio"": 1.0, ""offered_bps"": 7899768.541358253}, ""ue3"": {""delivered_bps"": 127990.58782979158, ""delivery_ratio"": 1.0, ""jitter_ms"": 13.42406733108108, ""loss_percent"": 0.0, ""offered_bps"": 127990.58782979158, ""rtt_p95_ms"": 103.649475}}"
1785748905.1385567,fair-base8-w3-r03-u1-040-u2-015,3,0.4,0.15,LIGHT_85,0.85,0,4.832291122746373,4.832291122746373,1.0,0.0,1.0,2.3395934054874363,3.585942264116904,1.246348858629468,1.0,0.0,10.19320431333333,36.239028,1,"{""ue1"": {""delivered_bps"": 3585942.264116904, ""delivery_ratio"": 1.0, ""offered_bps"": 3585942.264116904}, ""ue2"": {""delivered_bps"": 1246348.858629468, ""delivery_ratio"": 1.0, ""offered_bps"": 1246348.858629468}, ""ue3"": {""delivered_bps"": 130548.77698269484, ""delivery_ratio"": 1.0, ""jitter_ms"": 10.19320431333333, ""loss_percent"": 0.0, ""offered_bps"": 127988.99704185768, ""rtt_p95_ms"": 36.239028}}"
1785748906.3210728,fair-base8-w3-r03-u1-040-u2-015,3,0.4,0.15,LIGHT_85,0.85,1,5.236,5.236,1.0,0.0,1.0,2.38,3.808,1.428,1.0,0.0,10.645979348993293,44.150317,1,"{""ue1"": {""delivered_bps"": 3808000.0, ""delivery_ratio"": 1.0, ""offered_bps"": 3808000.0}, ""ue2"": {""delivered_bps"": 1428000.0, ""delivery_ratio"": 1.0, ""offered_bps"": 1428000.0}, ""ue3"": {""delivered_bps"": 127991.47871244421, ""delivery_ratio"": 1.0, ""jitter_ms"": 10.645979348993293, ""loss_percent"": 0.0, ""offered_bps"": 127991.47871244421, ""rtt_p95_ms"": 44.150317}}"
1785748907.476067,fair-base8-w3-r03-u1-040-u2-015,3,0.4,0.15,LIGHT_85,0.85,2,5.236,5.236,1.0,0.0,1.0,2.38,3.808,1.428,1.0,0.0,10.464529660000004,44.150317,1,"{""ue1"": {""delivered_bps"": 3808000.0, ""delivery_ratio"": 1.0, ""offered_bps"": 3808000.0}, ""ue2"": {""delivered_bps"": 1428000.0, ""delivery_ratio"": 1.0, ""offered_bps"": 1428000.0}, ""ue3"": {""delivered_bps"": 127990.3610455241, ""delivery_ratio"": 1.0, ""jitter_ms"": 10.464529660000004, ""loss_percent"": 0.0, ""offered_bps"": 127990.3610455241, ""rtt_p95_ms"": 44.150317}}"
1785748913.0135477,fair-base8-w3-r03-u1-040-u2-015,3,0.4,0.15,EQUAL_100,1.0,0,5.6847228910042835,5.6847228910042835,1.0,0.0,1.0,2.7521373412878893,4.218430116146087,1.4662927748581975,1.0,0.0,10.22585468456376,34.821651,1,"{""ue1"": {""delivered_bps"": 4218430.116146087, ""delivery_ratio"": 1.0, ""offered_bps"": 4218430.116146087}, ""ue2"": {""delivered_bps"": 1466292.7748581974, ""delivery_ratio"": 1.0, ""offered_bps"": 1466292.7748581974}, ""ue3"": {""delivered_bps"": 127990.03559440795, ""delivery_ratio"": 1.0, ""jitter_ms"": 10.22585468456376, ""loss_percent"": 0.0, ""offered_bps"": 127990.03559440795, ""rtt_p95_ms"": 34.821651}}"
1785748914.1963108,fair-base8-w3-r03-u1-040-u2-015,3,0.4,0.15,EQUAL_100,1.0,1,5.664965281203737,5.664965281203737,1.0,0.0,1.0,3.295034718796262,4.48,1.184965281203738,1.0,0.0,9.72310610738256,35.251193,1,"{""ue1"": {""delivered_bps"": 4480000.0, ""delivery_ratio"": 1.0, ""offered_bps"": 4480000.0}, ""ue2"": {""delivered_bps"": 1184965.281203738, ""delivery_ratio"": 1.0, ""offered_bps"": 1184965.281203738}, ""ue3"": {""delivered_bps"": 127990.20017466962, ""delivery_ratio"": 1.0, ""jitter_ms"": 9.72310610738256, ""loss_percent"": 0.0, ""offered_bps"": 127990.20017466962, ""rtt_p95_ms"": 35.251193}}"
1785748915.359012,fair-base8-w3-r03-u1-040-u2-015,3,0.4,0.15,EQUAL_100,1.0,2,6.16,6.16,1.0,0.0,1.0,2.8,4.48,1.68,1.0,0.0,9.859277493243244,36.223824,1,"{""ue1"": {""delivered_bps"": 4480000.0, ""delivery_ratio"": 1.0, ""offered_bps"": 4480000.0}, ""ue2"": {""delivered_bps"": 1680000.0, ""delivery_ratio"": 1.0, ""offered_bps"": 1680000.0}, ""ue3"": {""delivered_bps"": 125430.44445637769, ""delivery_ratio"": 1.0, ""jitter_ms"": 9.859277493243244, ""loss_percent"": 0.0, ""offered_bps"": 127990.24944528336, ""rtt_p95_ms"": 36.223824}}"
1785748920.917031,fair-base8-w3-r03-u1-040-u2-015,3,0.4,0.15,MEDIUM_70,0.7,0,3.9793373911418404,3.9793373911418404,1.0,0.0,1.0,1.926527506340363,2.9529324487411017,1.0264049424007384,1.0,0.0,9.680735926174494,35.638671,1,"{""ue1"": {""delivered_bps"": 2952932.4487411017, ""delivery_ratio"": 1.0, ""offered_bps"": 2952932.4487411017}, ""ue2"": {""delivered_bps"": 1026404.9424007385, ""delivery_ratio"": 1.0, ""offered_bps"": 1026404.9424007385}, ""ue3"": {""delivered_bps"": 130549.72573434134, ""delivery_ratio"": 1.0, ""jitter_ms"": 9.680735926174494, ""loss_percent"": 0.0, ""offered_bps"": 127989.92719053073, ""rtt_p95_ms"": 35.638671}}"
1785748922.0709813,fair-base8-w3-r03-u1-040-u2-015,3,0.4,0.15,MEDIUM_70,0.7,1,3.965475696842616,3.965475696842616,1.0,0.0,1.0,2.306524303157383,3.1359999999999997,0.8294756968426166,1.0,0.0,10.582707146666667,38.634322,1,"{""ue1"": {""delivered_bps"": 3135999.9999999995, ""delivery_ratio"": 1.0, ""offered_bps"": 3135999.9999999995}, ""ue2"": {""delivered_bps"": 829475.6968426165, ""delivery_ratio"": 1.0, ""offered_bps"": 829475.6968426165}, ""ue3"": {""delivered_bps"": 127989.07932687551, ""delivery_ratio"": 1.0, ""jitter_ms"": 10.582707146666667, ""loss_percent"": 0.0, ""offered_bps"": 127989.07932687551, ""rtt_p95_ms"": 38.634322}}"
1785748923.2240455,fair-base8-w3-r03-u1-040-u2-015,3,0.4,0.15,MEDIUM_70,0.7,2,4.312,4.312,1.0,0.0,1.0,1.9599999999999995,3.1359999999999997,1.176,1.0,0.0,10.576947513513508,38.26168,1,"{""ue1"": {""delivered_bps"": 3135999.9999999995, ""delivery_ratio"": 1.0, ""offered_bps"": 3135999.9999999995}, ""ue2"": {""delivered_bps"": 1176000.0, ""delivery_ratio"": 1.0, ""offered_bps"": 1176000.0}, ""ue3"": {""delivered_bps"": 125430.386264465, ""delivery_ratio"": 1.0, ""jitter_ms"": 10.576947513513508, ""loss_percent"": 0.0, ""offered_bps"": 127990.19006578063, ""rtt_p95_ms"": 38.26168}}"
1785748928.7539527,fair-base8-w3-r03-u1-040-u2-015,3,0.4,0.15,STRONG_40,0.4,0,2.6649269385358076,2.6649269385358076,1.0,0.0,1.0,0.7098699053915438,1.6873984219636757,0.9775285165721318,1.0,0.0,12.536225771812079,74.963979,0,"{""ue1"": {""delivered_bps"": 1687398.4219636756, ""delivery_ratio"": 1.0, ""offered_bps"": 1687398.4219636756}, ""ue2"": {""delivered_bps"": 977528.5165721318, ""delivery_ratio"": 1.0, ""offered_bps"": 977528.5165721318}, ""ue3"": {""delivered_bps"": 140788.50476051396, ""delivery_ratio"": 1.0, ""jitter_ms"": 12.536225771812079, ""loss_percent"": 0.0, ""offered_bps"": 127989.54978228541, ""rtt_p95_ms"": 74.963979}}"
1785748929.902399,fair-base8-w3-r03-u1-040-u2-015,3,0.4,0.15,STRONG_40,0.4,1,2.5819768541358257,2.5819768541358257,1.0,0.0,1.0,1.0020231458641748,1.7920000000000003,0.7899768541358254,1.0,0.0,10.528234772727274,39.078229,1,"{""ue1"": {""delivered_bps"": 1792000.0000000002, ""delivery_ratio"": 1.0, ""offered_bps"": 1792000.0000000002}, ""ue2"": {""delivered_bps"": 789976.8541358254, ""delivery_ratio"": 1.0, ""offered_bps"": 789976.8541358254}, ""ue3"": {""delivered_bps"": 127988.57113701168, ""delivery_ratio"": 1.0, ""jitter_ms"": 10.528234772727274, ""loss_percent"": 0.0, ""offered_bps"": 127988.57113701168, ""rtt_p95_ms"": 39.078229}}"
1785748931.085435,fair-base8-w3-r03-u1-040-u2-015,3,0.4,0.15,STRONG_40,0.4,2,2.912,2.912,1.0,0.0,1.0,0.6720000000000003,1.7920000000000003,1.12,1.0,0.0,9.966229718120806,37.126905,1,"{""ue1"": {""delivered_bps"": 1792000.0000000002, ""delivery_ratio"": 1.0, ""offered_bps"": 1792000.0000000002}, ""ue2"": {""delivered_bps"": 1120000.0, ""delivery_ratio"": 1.0, ""offered_bps"": 1120000.0}, ""ue3"": {""delivered_bps"": 127991.45643817811, ""delivery_ratio"": 1.0, ""jitter_ms"": 9.966229718120806, ""loss_percent"": 0.0, ""offered_bps"": 127991.45643817811, ""rtt_p95_ms"": 37.126905}}"
1785748936.5792453,fair-base8-w3-r03-u1-075-u2-075,3,0.75,0.75,MEDIUM_70,0.7,0,10.669033985701535,10.669033985701535,1.0,0.0,1.0,0.4049845616941517,5.5370092736978425,5.132024712003691,1.0,0.0,10.693081872483225,41.667409,1,"{""ue1"": {""delivered_bps"": 5537009.273697843, ""delivery_ratio"": 1.0, ""offered_bps"": 5537009.273697843}, ""ue2"": {""delivered_bps"": 5132024.712003691, ""delivery_ratio"": 1.0, ""offered_bps"": 5132024.712003691}, ""ue3"": {""delivered_bps"": 125431.71222268444, ""delivery_ratio"": 1.0, ""jitter_ms"": 10.693081872483225, ""loss_percent"": 0.0, ""offered_bps"": 127991.54308437186, ""rtt_p95_ms"": 41.667409}}"
1785748937.8023045,fair-base8-w3-r03-u1-075-u2-075,3,0.75,0.75,MEDIUM_70,0.7,1,11.759999999999998,11.759999999999998,1.0,0.0,1.0,0.0,5.879999999999999,5.879999999999999,1.0,0.0,11.256272925675676,53.226533,1,"{""ue1"": {""delivered_bps"": 5879999.999999999, ""delivery_ratio"": 1.0, ""offered_bps"": 5879999.999999999}, ""ue2"": {""delivered_bps"": 5879999.999999999, ""delivery_ratio"": 1.0, ""offered_bps"": 5879999.999999999}, ""ue3"": {""delivered_bps"": 127991.13315675936, ""delivery_ratio"": 1.0, ""jitter_ms"": 11.256272925675676, ""loss_percent"": 0.0, ""offered_bps"": 127991.13315675936, ""rtt_p95_ms"": 53.226533}}"
1785748938.981055,fair-base8-w3-r03-u1-075-u2-075,3,0.75,0.75,MEDIUM_70,0.7,2,10.02737848421308,10.02737848421308,1.0,0.0,1.0,1.7326215157869174,5.879999999999999,4.147378484213082,1.0,0.0,12.532364060402688,86.038017,0,"{""ue1"": {""delivered_bps"": 5879999.999999999, ""delivery_ratio"": 1.0, ""offered_bps"": 5879999.999999999}, ""ue2"": {""delivered_bps"": 4147378.4842130817, ""delivery_ratio"": 1.0, ""offered_bps"": 4147378.4842130817}, ""ue3"": {""delivered_bps"": 125430.41147292338, ""delivery_ratio"": 1.0, ""jitter_ms"": 12.532364060402688, ""loss_percent"": 0.0, ""offered_bps"": 127990.21578869733, ""rtt_p95_ms"": 86.038017}}"
1785748944.4967349,fair-base8-w3-r03-u1-075-u2-075,3,0.75,0.75,EQUAL_100,1.0,0,15.241132710111893,15.241132710111893,1.0,0.0,1.0,0.5782049615299171,7.909668835820906,7.331463874290989,1.0,0.0,11.285992675675672,83.398069,0,"{""ue1"": {""delivered_bps"": 7909668.835820906, ""delivery_ratio"": 1.0, ""offered_bps"": 7909668.835820906}, ""ue2"": {""delivered_bps"": 7331463.874290989, ""delivery_ratio"": 1.0, ""offered_bps"": 7331463.874290989}, ""ue3"": {""delivered_bps"": 125431.25907581928, ""delivery_ratio"": 1.0, ""jitter_ms"": 11.285992675675672, ""loss_percent"": 0.0, ""offered_bps"": 127991.08068961151, ""rtt_p95_ms"": 83.398069}}"
1785748945.6569786,fair-base8-w3-r03-u1-075-u2-075,3,0.75,0.75,EQUAL_100,1.0,1,16.799999999999997,16.799999999999997,1.0,0.0,1.0,0.0,8.399999999999999,8.399999999999999,1.0,0.0,13.498395047297294,114.63702,0,"{""ue1"": {""delivered_bps"": 8399999.999999998, ""delivery_ratio"": 1.0, ""offered_bps"": 8399999.999999998}, ""ue2"": {""delivered_bps"": 8399999.999999998, ""delivery_ratio"": 1.0, ""offered_bps"": 8399999.999999998}, ""ue3"": {""delivered_bps"": 127989.66790696066, ""delivery_ratio"": 1.0, ""jitter_ms"": 13.498395047297294, ""loss_percent"": 0.0, ""offered_bps"": 127989.66790696066, ""rtt_p95_ms"": 114.63702}}"
1785748946.8198736,fair-base8-w3-r03-u1-075-u2-075,3,0.75,0.75,EQUAL_100,1.0,2,14.324826406018689,14.324826406018689,1.0,0.0,1.0,2.475173593981308,8.399999999999999,5.92482640601869,0.9866666666666667,1.3333333333333333,12.680647630136988,110.965155,0,"{""ue1"": {""delivered_bps"": 8399999.999999998, ""delivery_ratio"": 1.0, ""offered_bps"": 8399999.999999998}, ""ue2"": {""delivered_bps"": 5924826.40601869, ""delivery_ratio"": 1.0, ""offered_bps"": 5924826.40601869}, ""ue3"": {""delivered_bps"": 122871.49348022675, ""delivery_ratio"": 0.9866666666666667, ""jitter_ms"": 12.680647630136988, ""loss_percent"": 1.3333333333333333, ""offered_bps"": 127991.13904190286, ""rtt_p95_ms"": 110.965155}}"
1785748952.38279,fair-base8-w3-r03-u1-075-u2-075,3,0.75,0.75,STRONG_40,0.4,0,6.096427429880471,6.096427429880471,1.0,0.0,1.0,0.23125633044767938,3.163841880164075,2.932585549716396,1.0,0.0,12.251483624161063,70.441726,0,"{""ue1"": {""delivered_bps"": 3163841.880164075, ""delivery_ratio"": 1.0, ""offered_bps"": 3163841.880164075}, ""ue2"": {""delivered_bps"": 2932585.549716396, ""delivery_ratio"": 1.0, ""offered_bps"": 2932585.549716396}, ""ue3"": {""delivered_bps"": 130550.37413150241, ""delivery_ratio"": 1.0, ""jitter_ms"": 12.251483624161063, ""loss_percent"": 0.0, ""offered_bps"": 127990.56287402197, ""rtt_p95_ms"": 70.441726}}"
1785748953.5695817,fair-base8-w3-r03-u1-075-u2-075,3,0.75,0.75,STRONG_40,0.4,1,6.720000000000001,6.720000000000001,1.0,0.0,1.0,0.0,3.3600000000000003,3.3600000000000003,1.0,0.0,11.410958322147655,44.215774,1,"{""ue1"": {""delivered_bps"": 3360000.0000000005, ""delivery_ratio"": 1.0, ""offered_bps"": 3360000.0000000005}, ""ue2"": {""delivered_bps"": 3360000.0000000005, ""delivery_ratio"": 1.0, ""offered_bps"": 3360000.0000000005}, ""ue3"": {""delivered_bps"": 125430.69404488512, ""delivery_ratio"": 1.0, ""jitter_ms"": 11.410958322147655, ""loss_percent"": 0.0, ""offered_bps"": 127990.5041274338, ""rtt_p95_ms"": 44.215774}}"
1785748954.7655632,fair-base8-w3-r03-u1-075-u2-075,3,0.75,0.75,STRONG_40,0.4,2,6.720000000000001,6.720000000000001,1.0,0.0,1.0,0.0,3.3600000000000003,3.3600000000000003,1.0,0.0,12.457341366666661,90.874841,0,"{""ue1"": {""delivered_bps"": 3360000.0000000005, ""delivery_ratio"": 1.0, ""offered_bps"": 3360000.0000000005}, ""ue2"": {""delivered_bps"": 3360000.0000000005, ""delivery_ratio"": 1.0, ""offered_bps"": 3360000.0000000005}, ""ue3"": {""delivered_bps"": 130549.31283879913, ""delivery_ratio"": 1.0, ""jitter_ms"": 12.457341366666661, ""loss_percent"": 0.0, ""offered_bps"": 127989.52239097955, ""rtt_p95_ms"": 90.874841}}"
1785748960.3260992,fair-base8-w3-r03-u1-075-u2-075,3,0.75,0.75,LIGHT_85,0.85,0,12.954961508326523,12.954961508326523,1.0,0.0,1.0,0.4914729220318431,6.723217215179183,6.231744293147339,1.0,0.0,11.321038651006713,84.948359,0,"{""ue1"": {""delivered_bps"": 6723217.215179183, ""delivery_ratio"": 1.0, ""offered_bps"": 6723217.215179183}, ""ue2"": {""delivered_bps"": 6231744.2931473395, ""delivery_ratio"": 1.0, ""offered_bps"": 6231744.2931473395}, ""ue3"": {""delivered_bps"": 127991.88876891402, ""delivery_ratio"": 1.0, ""jitter_ms"": 11.321038651006713, ""loss_percent"": 0.0, ""offered_bps"": 127991.88876891402, ""rtt_p95_ms"": 84.948359}}"
1785748961.5647895,fair-base8-w3-r03-u1-075-u2-075,3,0.75,0.75,LIGHT_85,0.85,1,14.279999999999998,14.279999999999998,1.0,0.0,1.0,0.0,7.139999999999999,7.139999999999999,1.0,0.0,9.404228912751684,45.160427,1,"{""ue1"": {""delivered_bps"": 7139999.999999999, ""delivery_ratio"": 1.0, ""offered_bps"": 7139999.999999999}, ""ue2"": {""delivered_bps"": 7139999.999999999, ""delivery_ratio"": 1.0, ""offered_bps"": 7139999.999999999}, ""ue3"": {""delivered_bps"": 127990.11315037316, ""delivery_ratio"": 1.0, ""jitter_ms"": 9.404228912751684, ""loss_percent"": 0.0, ""offered_bps"": 127990.11315037316, ""rtt_p95_ms"": 45.160427}}"
1785748962.763212,fair-base8-w3-r03-u1-075-u2-075,3,0.75,0.75,LIGHT_85,0.85,2,12.176102445115884,12.176102445115884,1.0,0.0,1.0,2.1038975548841132,7.139999999999999,5.036102445115886,1.0,0.0,11.638514711409394,65.475986,0,"{""ue1"": {""delivered_bps"": 7139999.999999999, ""delivery_ratio"": 1.0, ""offered_bps"": 7139999.999999999}, ""ue2"": {""delivered_bps"": 5036102.445115886, ""delivery_ratio"": 1.0, ""offered_bps"": 5036102.445115886}, ""ue3"": {""delivered_bps"": 127990.97893639428, ""delivery_ratio"": 1.0, ""jitter_ms"": 11.638514711409394, ""loss_percent"": 0.0, ""offered_bps"": 127990.97893639428, ""rtt_p95_ms"": 65.475986}}"
1785748968.3451357,fair-base8-w3-r03-u1-025-u2-040,3,0.25,0.4,MEDIUM_70,0.7,0,4.582651251940455,4.582651251940455,1.0,0.0,1.0,0.8915084408634822,1.8455714055384864,2.7370798464019686,1.0,0.0,10.278831648648652,34.790447,1,"{""ue1"": {""delivered_bps"": 1845571.4055384863, ""delivery_ratio"": 1.0, ""offered_bps"": 1845571.4055384863}, ""ue2"": {""delivered_bps"": 2737079.8464019685, ""delivery_ratio"": 1.0, ""offered_bps"": 2737079.8464019685}, ""ue3"": {""delivered_bps"": 125427.77091824196, ""delivery_ratio"": 1.0, ""jitter_ms"": 10.278831648648652, ""loss_percent"": 0.0, ""offered_bps"": 127987.52134514487, ""rtt_p95_ms"": 34.790447}}"
1785748969.52194,fair-base8-w3-r03-u1-025-u2-040,3,0.25,0.4,MEDIUM_70,0.7,1,4.17193519158031,4.17193519158031,1.0,0.0,1.0,0.25193519158031114,1.9599999999999997,2.2119351915803107,1.0,0.0,11.446262073825507,38.638509,1,"{""ue1"": {""delivered_bps"": 1959999.9999999998, ""delivery_ratio"": 1.0, ""offered_bps"": 1959999.9999999998}, ""ue2"": {""delivered_bps"": 2211935.191580311, ""delivery_ratio"": 1.0, ""offered_bps"": 2211935.191580311}, ""ue3"": {""delivered_bps"": 130551.00333357848, ""delivery_ratio"": 1.0, ""jitter_ms"": 11.446262073825507, ""loss_percent"": 0.0, ""offered_bps"": 127991.17973880244, ""rtt_p95_ms"": 38.638509}}"
1785748970.7080765,fair-base8-w3-r03-u1-025-u2-040,3,0.25,0.4,MEDIUM_70,0.7,2,5.095999999999999,5.095999999999999,1.0,0.0,1.0,1.1759999999999997,1.9599999999999997,3.1359999999999997,1.0,0.0,11.24774076510066,38.169651,1,"{""ue1"": {""delivered_bps"": 1959999.9999999998, ""delivery_ratio"": 1.0, ""offered_bps"": 1959999.9999999998}, ""ue2"": {""delivered_bps"": 3135999.9999999995, ""delivery_ratio"": 1.0, ""offered_bps"": 3135999.9999999995}, ""ue3"": {""delivered_bps"": 127990.86977106828, ""delivery_ratio"": 1.0, ""jitter_ms"": 11.24774076510066, ""loss_percent"": 0.0, ""offered_bps"": 127990.86977106828, ""rtt_p95_ms"": 38.169651}}"
1785748976.4819477,fair-base8-w3-r03-u1-025-u2-040,3,0.25,0.4,EQUAL_100,1.0,0,6.546650740658287,6.546650740658287,1.0,0.0,1.0,1.2735773919187672,2.63653667436976,3.910114066288527,1.0,0.0,10.213194581081082,35.301682,1,"{""ue1"": {""delivered_bps"": 2636536.67436976, ""delivery_ratio"": 1.0, ""offered_bps"": 2636536.67436976}, ""ue2"": {""delivered_bps"": 3910114.066288527, ""delivery_ratio"": 1.0, ""offered_bps"": 3910114.066288527}, ""ue3"": {""delivered_bps"": 125430.89560431786, ""delivery_ratio"": 1.0, ""jitter_ms"": 10.213194581081082, ""loss_percent"": 0.0, ""offered_bps"": 127990.70980032434, ""rtt_p95_ms"": 35.301682}}"
1785748977.6322958,fair-base8-w3-r03-u1-025-u2-040,3,0.25,0.4,EQUAL_100,1.0,1,5.9599074165433015,5.9599074165433015,1.0,0.0,1.0,0.35990741654330166,2.8,3.1599074165433017,1.0,0.0,10.244246704697987,35.902059,1,"{""ue1"": {""delivered_bps"": 2800000.0, ""delivery_ratio"": 1.0, ""offered_bps"": 2800000.0}, ""ue2"": {""delivered_bps"": 3159907.4165433017, ""delivery_ratio"": 1.0, ""offered_bps"": 3159907.4165433017}, ""ue3"": {""delivered_bps"": 130550.61197169688, ""delivery_ratio"": 1.0, ""jitter_ms"": 10.244246704697987, ""loss_percent"": 0.0, ""offered_bps"": 127990.79605068322, ""rtt_p95_ms"": 35.902059}}"
1785748978.7912686,fair-base8-w3-r03-u1-025-u2-040,3,0.25,0.4,EQUAL_100,1.0,2,7.28,7.28,1.0,0.0,1.0,1.68,2.8,4.48,1.0,0.0,10.947028187919464,40.206141,1,"{""ue1"": {""delivered_bps"": 2800000.0, ""delivery_ratio"": 1.0, ""offered_bps"": 2800000.0}, ""ue2"": {""delivered_bps"": 4480000.0, ""delivery_ratio"": 1.0, ""offered_bps"": 4480000.0}, ""ue3"": {""delivered_bps"": 127990.89498024125, ""delivery_ratio"": 1.0, ""jitter_ms"": 10.947028187919464, ""loss_percent"": 0.0, ""offered_bps"": 127990.89498024125, ""rtt_p95_ms"": 40.206141}}"
1785748984.3474998,fair-base8-w3-r03-u1-025-u2-040,3,0.25,0.4,LIGHT_85,0.85,0,5.564689407684023,5.564689407684023,1.0,0.0,1.0,1.0825045050064734,2.2410924513387744,3.323596956345248,1.0,0.0,11.580159577181211,39.226735,1,"{""ue1"": {""delivered_bps"": 2241092.4513387745, ""delivery_ratio"": 1.0, ""offered_bps"": 2241092.4513387745}, ""ue2"": {""delivered_bps"": 3323596.956345248, ""delivery_ratio"": 1.0, ""offered_bps"": 3323596.956345248}, ""ue3"": {""delivered_bps"": 125431.0546315099, ""delivery_ratio"": 1.0, ""jitter_ms"": 11.580159577181211, ""loss_percent"": 0.0, ""offered_bps"": 127990.87207296929, ""rtt_p95_ms"": 39.226735}}"
1785748985.5095038,fair-base8-w3-r03-u1-025-u2-040,3,0.25,0.4,LIGHT_85,0.85,1,6.188,6.188,1.0,0.0,1.0,1.428,2.38,3.808,1.0,0.0,10.903739194630862,35.054756,1,"{""ue1"": {""delivered_bps"": 2380000.0, ""delivery_ratio"": 1.0, ""offered_bps"": 2380000.0}, ""ue2"": {""delivered_bps"": 3808000.0, ""delivery_ratio"": 1.0, ""offered_bps"": 3808000.0}, ""ue3"": {""delivered_bps"": 127988.5207130572, ""delivery_ratio"": 1.0, ""jitter_ms"": 10.903739194630862, ""loss_percent"": 0.0, ""offered_bps"": 127988.5207130572, ""rtt_p95_ms"": 35.054756}}"
1785748986.6939123,fair-base8-w3-r03-u1-025-u2-040,3,0.25,0.4,LIGHT_85,0.85,2,5.065921304061805,5.065921304061805,1.0,0.0,1.0,0.3059213040618063,2.38,2.6859213040618064,1.0,0.0,10.545635520270274,34.949524,1,"{""ue1"": {""delivered_bps"": 2380000.0, ""delivery_ratio"": 1.0, ""offered_bps"": 2380000.0}, ""ue2"": {""delivered_bps"": 2685921.3040618063, ""delivery_ratio"": 1.0, ""offered_bps"": 2685921.3040618063}, ""ue3"": {""delivered_bps"": 127990.36999977386, ""delivery_ratio"": 1.0, ""jitter_ms"": 10.545635520270274, ""loss_percent"": 0.0, ""offered_bps"": 127990.36999977386, ""rtt_p95_ms"": 34.949524}}"
1785748992.2339635,fair-base8-w3-r03-u1-025-u2-040,3,0.25,0.4,STRONG_40,0.4,0,2.6186490161745724,2.6186490161745724,1.0,0.0,1.0,0.5094422368562503,1.054603389659161,1.5640456265154112,1.0,0.0,10.93191275838926,40.593966,1,"{""ue1"": {""delivered_bps"": 1054603.389659161, ""delivery_ratio"": 1.0, ""offered_bps"": 1054603.389659161}, ""ue2"": {""delivered_bps"": 1564045.6265154113, ""delivery_ratio"": 1.0, ""offered_bps"": 1564045.6265154113}, ""ue3"": {""delivered_bps"": 130550.09895343157, ""delivery_ratio"": 1.0, ""jitter_ms"": 10.93191275838926, ""loss_percent"": 0.0, ""offered_bps"": 127990.29309159958, ""rtt_p95_ms"": 40.593966}}"
1785748993.465854,fair-base8-w3-r03-u1-025-u2-040,3,0.25,0.4,STRONG_40,0.4,1,2.3839629666173208,2.3839629666173208,1.0,0.0,1.0,0.14396296661732066,1.12,1.2639629666173207,1.0,0.0,10.462062770270265,39.694066,1,"{""ue1"": {""delivered_bps"": 1120000.0, ""delivery_ratio"": 1.0, ""offered_bps"": 1120000.0}, ""ue2"": {""delivered_bps"": 1263962.9666173207, ""delivery_ratio"": 1.0, ""offered_bps"": 1263962.9666173207}, ""ue3"": {""delivered_bps"": 125429.93951502815, ""delivery_ratio"": 1.0, ""jitter_ms"": 10.462062770270265, ""loss_percent"": 0.0, ""offered_bps"": 127989.73419900832, ""rtt_p95_ms"": 39.694066}}"
1785748994.6248057,fair-base8-w3-r03-u1-025-u2-040,3,0.25,0.4,STRONG_40,0.4,2,2.912,2.912,1.0,0.0,1.0,0.6720000000000003,1.12,1.7920000000000003,1.0,0.0,10.955265926666671,40.457874,1,"{""ue1"": {""delivered_bps"": 1120000.0, ""delivery_ratio"": 1.0, ""offered_bps"": 1120000.0}, ""ue2"": {""delivered_bps"": 1792000.0000000002, ""delivery_ratio"": 1.0, ""offered_bps"": 1792000.0000000002}, ""ue3"": {""delivered_bps"": 130551.36285212172, ""delivery_ratio"": 1.0, ""jitter_ms"": 10.955265926666671, ""loss_percent"": 0.0, ""offered_bps"": 127991.53220796246, ""rtt_p95_ms"": 40.457874}}"
1785749000.1544685,fair-base8-w3-r03-u1-100-u2-040,3,1.0,0.4,STRONG_40,0.4,0,5.782535370068425,5.782535370068425,1.0,0.0,1.0,2.654444117037603,4.218489743553015,1.5640456265154112,1.0,0.0,11.4740710067114,45.958903,1,"{""ue1"": {""delivered_bps"": 4218489.7435530145, ""delivery_ratio"": 1.0, ""offered_bps"": 4218489.7435530145}, ""ue2"": {""delivered_bps"": 1564045.6265154113, ""delivery_ratio"": 1.0, ""offered_bps"": 1564045.6265154113}, ""ue3"": {""delivered_bps"": 127989.58561373666, ""delivery_ratio"": 1.0, ""jitter_ms"": 11.4740710067114, ""loss_percent"": 0.0, ""offered_bps"": 127989.58561373666, ""rtt_p95_ms"": 45.958903}}"
1785749001.308289,fair-base8-w3-r03-u1-100-u2-040,3,1.0,0.4,STRONG_40,0.4,1,5.743962966617321,5.743962966617321,1.0,0.0,1.0,3.2160370333826793,4.48,1.2639629666173207,1.0,0.0,12.155671020134223,54.816542,1,"{""ue1"": {""delivered_bps"": 4480000.0, ""delivery_ratio"": 1.0, ""offered_bps"": 4480000.0}, ""ue2"": {""delivered_bps"": 1263962.9666173207, ""delivery_ratio"": 1.0, ""offered_bps"": 1263962.9666173207}, ""ue3"": {""delivered_bps"": 127990.89882419404, ""delivery_ratio"": 1.0, ""jitter_ms"": 12.155671020134223, ""loss_percent"": 0.0, ""offered_bps"": 127990.89882419404, ""rtt_p95_ms"": 54.816542}}"
1785749002.4732504,fair-base8-w3-r03-u1-100-u2-040,3,1.0,0.4,STRONG_40,0.4,2,6.272,6.272,1.0,0.0,1.0,2.688,4.48,1.7920000000000003,1.0,0.0,12.88250497986577,87.222745,0,"{""ue1"": {""delivered_bps"": 4480000.0, ""delivery_ratio"": 1.0, ""offered_bps"": 4480000.0}, ""ue2"": {""delivered_bps"": 1792000.0000000002, ""delivery_ratio"": 1.0, ""offered_bps"": 1792000.0000000002}, ""ue3"": {""delivered_bps"": 127990.53471498616, ""delivery_ratio"": 1.0, ""jitter_ms"": 12.88250497986577, ""loss_percent"": 0.0, ""offered_bps"": 127990.53471498616, ""rtt_p95_ms"": 87.222745}}"
1785749008.0253716,fair-base8-w3-r03-u1-100-u2-040,3,1.0,0.4,MEDIUM_70,0.7,0,10.119427125902781,10.119427125902781,1.0,0.0,1.0,4.645267433098845,7.382347279500813,2.7370798464019686,1.0,0.0,10.45298525165563,40.140792,1,"{""ue1"": {""delivered_bps"": 7382347.279500813, ""delivery_ratio"": 1.0, ""offered_bps"": 7382347.279500813}, ""ue2"": {""delivered_bps"": 2737079.8464019685, ""delivery_ratio"": 1.0, ""offered_bps"": 2737079.8464019685}, ""ue3"": {""delivered_bps"": 130550.04190437184, ""delivery_ratio"": 1.0, ""jitter_ms"": 10.45298525165563, ""loss_percent"": 0.0, ""offered_bps"": 127990.23716114886, ""rtt_p95_ms"": 40.140792}}"
1785749009.205411,fair-base8-w3-r03-u1-100-u2-040,3,1.0,0.4,MEDIUM_70,0.7,1,10.051935191580311,10.051935191580311,1.0,0.0,1.0,5.628064808419688,7.839999999999999,2.2119351915803107,1.0,0.0,11.231429682432434,41.023931,1,"{""ue1"": {""delivered_bps"": 7839999.999999999, ""delivery_ratio"": 1.0, ""offered_bps"": 7839999.999999999}, ""ue2"": {""delivered_bps"": 2211935.191580311, ""delivery_ratio"": 1.0, ""offered_bps"": 2211935.191580311}, ""ue3"": {""delivered_bps"": 122870.811224512, ""delivery_ratio"": 1.0, ""jitter_ms"": 11.231429682432434, ""loss_percent"": 0.0, ""offered_bps"": 127990.42835886666, ""rtt_p95_ms"": 41.023931}}"
1785749010.397668,fair-base8-w3-r03-u1-100-u2-040,3,1.0,0.4,MEDIUM_70,0.7,2,10.975999999999997,10.975999999999997,1.0,0.0,1.0,4.704,7.839999999999999,3.1359999999999997,1.0,0.0,13.098113432432434,100.287399,0,"{""ue1"": {""delivered_bps"": 7839999.999999999, ""delivery_ratio"": 1.0, ""offered_bps"": 7839999.999999999}, ""ue2"": {""delivered_bps"": 3135999.9999999995, ""delivery_ratio"": 1.0, ""offered_bps"": 3135999.9999999995}, ""ue3"": {""delivered_bps"": 127989.29497729428, ""delivery_ratio"": 1.0, ""jitter_ms"": 13.098113432432434, ""loss_percent"": 0.0, ""offered_bps"": 127989.29497729428, ""rtt_p95_ms"": 100.287399}}"
1785749015.9243448,fair-base8-w3-r03-u1-100-u2-040,3,1.0,0.4,LIGHT_85,0.85,0,12.287922184305572,12.287922184305572,1.0,0.0,1.0,5.640728271615074,8.964325227960321,3.323596956345248,1.0,0.0,11.911124539999998,63.922617,0,"{""ue1"": {""delivered_bps"": 8964325.227960322, ""delivery_ratio"": 1.0, ""offered_bps"": 8964325.227960322}, ""ue2"": {""delivered_bps"": 3323596.956345248, ""delivery_ratio"": 1.0, ""offered_bps"": 3323596.956345248}, ""ue3"": {""delivered_bps"": 130548.63965902122, ""delivery_ratio"": 1.0, ""jitter_ms"": 11.911124539999998, ""loss_percent"": 0.0, ""offered_bps"": 127988.86241080512, ""rtt_p95_ms"": 63.922617}}"
1785749017.1363432,fair-base8-w3-r03-u1-100-u2-040,3,1.0,0.4,LIGHT_85,0.85,1,13.328,13.328,1.0,0.0,1.0,5.712,9.52,3.808,1.0,0.0,12.038733677852347,92.72872,0,"{""ue1"": {""delivered_bps"": 9520000.0, ""delivery_ratio"": 1.0, ""offered_bps"": 9520000.0}, ""ue2"": {""delivered_bps"": 3808000.0, ""delivery_ratio"": 1.0, ""offered_bps"": 3808000.0}, ""ue3"": {""delivered_bps"": 125429.42968651706, ""delivery_ratio"": 1.0, ""jitter_ms"": 12.038733677852347, ""loss_percent"": 0.0, ""offered_bps"": 127989.21396583374, ""rtt_p95_ms"": 92.72872}}"
1785749018.3251646,fair-base8-w3-r03-u1-100-u2-040,3,1.0,0.4,LIGHT_85,0.85,2,13.328,13.328,1.0,0.0,1.0,5.712,9.52,3.808,1.0,0.0,11.934554120805368,93.382127,0,"{""ue1"": {""delivered_bps"": 9520000.0, ""delivery_ratio"": 1.0, ""offered_bps"": 9520000.0}, ""ue2"": {""delivered_bps"": 3808000.0, ""delivery_ratio"": 1.0, ""offered_bps"": 3808000.0}, ""ue3"": {""delivered_bps"": 130547.87105297172, ""delivery_ratio"": 1.0, ""jitter_ms"": 11.934554120805368, ""loss_percent"": 0.0, ""offered_bps"": 127988.10887546248, ""rtt_p95_ms"": 93.382127}}"
1785749024.0729315,fair-base8-w3-r03-u1-100-u2-040,3,1.0,0.4,EQUAL_100,1.0,0,14.456695381850066,14.456695381850066,1.0,0.0,1.0,6.636467249273012,10.54658131556154,3.910114066288527,1.0,0.0,12.8396896375839,121.004711,0,"{""ue1"": {""delivered_bps"": 10546581.315561539, ""delivery_ratio"": 1.0, ""offered_bps"": 10546581.315561539}, ""ue2"": {""delivered_bps"": 3910114.066288527, ""delivery_ratio"": 1.0, ""offered_bps"": 3910114.066288527}, ""ue3"": {""delivered_bps"": 127991.0485597437, ""delivery_ratio"": 1.0, ""jitter_ms"": 12.8396896375839, ""loss_percent"": 0.0, ""offered_bps"": 127991.0485597437, ""rtt_p95_ms"": 121.004711}}"
1785749025.279256,fair-base8-w3-r03-u1-100-u2-040,3,1.0,0.4,EQUAL_100,1.0,1,15.68,15.68,1.0,0.0,1.0,6.72,11.2,4.48,1.0,0.0,12.357442906040275,112.983192,0,"{""ue1"": {""delivered_bps"": 11200000.0, ""delivery_ratio"": 1.0, ""offered_bps"": 11200000.0}, ""ue2"": {""delivered_bps"": 4480000.0, ""delivery_ratio"": 1.0, ""offered_bps"": 4480000.0}, ""ue3"": {""delivered_bps"": 127989.2611945716, ""delivery_ratio"": 1.0, ""jitter_ms"": 12.357442906040275, ""loss_percent"": 0.0, ""offered_bps"": 127989.2611945716, ""rtt_p95_ms"": 112.983192}}"
1785749026.5025976,fair-base8-w3-r03-u1-100-u2-040,3,1.0,0.4,EQUAL_100,1.0,2,15.68,15.68,1.0,0.0,1.0,6.72,11.2,4.48,1.0,0.0,13.254626159999997,104.303604,0,"{""ue1"": {""delivered_bps"": 11200000.0, ""delivery_ratio"": 1.0, ""offered_bps"": 11200000.0}, ""ue2"": {""delivered_bps"": 4480000.0, ""delivery_ratio"": 1.0, ""offered_bps"": 4480000.0}, ""ue3"": {""delivered_bps"": 130549.72155522357, ""delivery_ratio"": 1.0, ""jitter_ms"": 13.254626159999997, ""loss_percent"": 0.0, ""offered_bps"": 127989.92309335645, ""rtt_p95_ms"": 104.303604}}"
1785749032.311763,fair-base8-w3-r03-u1-040-u2-025,3,0.4,0.25,MEDIUM_70,0.7,0,4.663573764990194,4.663573764990194,1.0,0.0,1.0,1.2422239569877334,2.952898860988964,1.7106749040012306,1.0,0.0,11.672952966442955,38.761103,1,"{""ue1"": {""delivered_bps"": 2952898.860988964, ""delivery_ratio"": 1.0, ""offered_bps"": 2952898.860988964}, ""ue2"": {""delivered_bps"": 1710674.9040012306, ""delivery_ratio"": 1.0, ""offered_bps"": 1710674.9040012306}, ""ue3"": {""delivered_bps"": 127989.67878305321, ""delivery_ratio"": 1.0, ""jitter_ms"": 11.672952966442955, ""loss_percent"": 0.0, ""offered_bps"": 127989.67878305321, ""rtt_p95_ms"": 38.761103}}"
1785749033.503947,fair-base8-w3-r03-u1-040-u2-025,3,0.4,0.25,MEDIUM_70,0.7,1,4.518459494737694,4.518459494737694,1.0,0.0,1.0,1.7535405052623052,3.1359999999999997,1.3824594947376942,1.0,0.0,11.675503833333332,38.892203,1,"{""ue1"": {""delivered_bps"": 3135999.9999999995, ""delivery_ratio"": 1.0, ""offered_bps"": 3135999.9999999995}, ""ue2"": {""delivered_bps"": 1382459.4947376943, ""delivery_ratio"": 1.0, ""offered_bps"": 1382459.4947376943}, ""ue3"": {""delivered_bps"": 130549.1624600649, ""delivery_ratio"": 1.0, ""jitter_ms"": 11.675503833333332, ""loss_percent"": 0.0, ""offered_bps"": 127989.37496084794, ""rtt_p95_ms"": 38.892203}}"
1785749034.7267678,fair-base8-w3-r03-u1-040-u2-025,3,0.4,0.25,MEDIUM_70,0.7,2,5.095999999999999,5.095999999999999,1.0,0.0,1.0,1.1759999999999997,3.1359999999999997,1.9599999999999997,1.0,0.0,11.283498026845631,38.892203,1,"{""ue1"": {""delivered_bps"": 3135999.9999999995, ""delivery_ratio"": 1.0, ""offered_bps"": 3135999.9999999995}, ""ue2"": {""delivered_bps"": 1959999.9999999998, ""delivery_ratio"": 1.0, ""offered_bps"": 1959999.9999999998}, ""ue3"": {""delivered_bps"": 125430.20578300372, ""delivery_ratio"": 1.0, ""jitter_ms"": 11.283498026845631, ""loss_percent"": 0.0, ""offered_bps"": 127990.0059010242, ""rtt_p95_ms"": 38.892203}}"
1785749040.3195276,fair-base8-w3-r03-u1-040-u2-025,3,0.4,0.25,STRONG_40,0.4,0,2.6649004873924684,2.6649004873924684,1.0,0.0,1.0,0.7098434542482046,1.6873719708203363,0.9775285165721318,1.0,0.0,10.351141506666663,34.441752,1,"{""ue1"": {""delivered_bps"": 1687371.9708203364, ""delivery_ratio"": 1.0, ""offered_bps"": 1687371.9708203364}, ""ue2"": {""delivered_bps"": 977528.5165721318, ""delivery_ratio"": 1.0, ""offered_bps"": 977528.5165721318}, ""ue3"": {""delivered_bps"": 127990.3322533734, ""delivery_ratio"": 1.0, ""jitter_ms"": 10.351141506666663, ""loss_percent"": 0.0, ""offered_bps"": 127990.3322533734, ""rtt_p95_ms"": 34.441752}}"
1785749041.5042078,fair-base8-w3-r03-u1-040-u2-025,3,0.4,0.25,STRONG_40,0.4,1,2.5819768541358257,2.5819768541358257,1.0,0.0,1.0,1.0020231458641748,1.7920000000000003,0.7899768541358254,1.0,0.0,9.973157999999996,34.792873,1,"{""ue1"": {""delivered_bps"": 1792000.0000000002, ""delivery_ratio"": 1.0, ""offered_bps"": 1792000.0000000002}, ""ue2"": {""delivered_bps"": 789976.8541358254, ""delivery_ratio"": 1.0, ""offered_bps"": 789976.8541358254}, ""ue3"": {""delivered_bps"": 125430.04047961152, ""delivery_ratio"": 1.0, ""jitter_ms"": 9.973157999999996, ""loss_percent"": 0.0, ""offered_bps"": 127989.83722409338, ""rtt_p95_ms"": 34.792873}}"
1785749042.6576416,fair-base8-w3-r03-u1-040-u2-025,3,0.4,0.25,STRONG_40,0.4,2,2.912,2.912,1.0,0.0,1.0,0.6720000000000003,1.7920000000000003,1.12,1.0,0.0,10.514318351351344,38.148218,1,"{""ue1"": {""delivered_bps"": 1792000.0000000002, ""delivery_ratio"": 1.0, ""offered_bps"": 1792000.0000000002}, ""ue2"": {""delivered_bps"": 1120000.0, ""delivery_ratio"": 1.0, ""offered_bps"": 1120000.0}, ""ue3"": {""delivered_bps"": 127989.89903922404, ""delivery_ratio"": 1.0, ""jitter_ms"": 10.514318351351344, ""loss_percent"": 0.0, ""offered_bps"": 127989.89903922404, ""rtt_p95_ms"": 38.148218}}"
1785749048.2023685,fair-base8-w3-r03-u1-040-u2-025,3,0.4,0.25,EQUAL_100,1.0,0,6.6622411942884066,6.6622411942884066,1.0,0.0,1.0,1.7745986114277472,4.218419902858076,2.4438212914303294,1.0,0.0,11.015067026845637,38.931372,1,"{""ue1"": {""delivered_bps"": 4218419.902858077, ""delivery_ratio"": 1.0, ""offered_bps"": 4218419.902858077}, ""ue2"": {""delivered_bps"": 2443821.2914303294, ""delivery_ratio"": 1.0, ""offered_bps"": 2443821.2914303294}, ""ue3"": {""delivered_bps"": 127990.33019732381, ""delivery_ratio"": 1.0, ""jitter_ms"": 11.015067026845637, ""loss_percent"": 0.0, ""offered_bps"": 127990.33019732381, ""rtt_p95_ms"": 38.931372}}"
1785749049.3710809,fair-base8-w3-r03-u1-040-u2-025,3,0.4,0.25,EQUAL_100,1.0,1,6.4549421353395635,6.4549421353395635,1.0,0.0,1.0,2.505057864660437,4.48,1.9749421353395633,1.0,0.0,11.695243744966444,39.839809,1,"{""ue1"": {""delivered_bps"": 4480000.0, ""delivery_ratio"": 1.0, ""offered_bps"": 4480000.0}, ""ue2"": {""delivered_bps"": 1974942.1353395632, ""delivery_ratio"": 1.0, ""offered_bps"": 1974942.1353395632}, ""ue3"": {""delivered_bps"": 127990.59563685225, ""delivery_ratio"": 1.0, ""jitter_ms"": 11.695243744966444, ""loss_percent"": 0.0, ""offered_bps"": 127990.59563685225, ""rtt_p95_ms"": 39.839809}}"
1785749050.5673556,fair-base8-w3-r03-u1-040-u2-025,3,0.4,0.25,EQUAL_100,1.0,2,7.28,7.28,1.0,0.0,1.0,1.68,4.48,2.8,1.0,0.0,12.464210906666668,66.925071,0,"{""ue1"": {""delivered_bps"": 4480000.0, ""delivery_ratio"": 1.0, ""offered_bps"": 4480000.0}, ""ue2"": {""delivered_bps"": 2800000.0, ""delivery_ratio"": 1.0, ""offered_bps"": 2800000.0}, ""ue3"": {""delivered_bps"": 130549.56660892261, ""delivery_ratio"": 1.0, ""jitter_ms"": 12.464210906666668, ""loss_percent"": 0.0, ""offered_bps"": 127989.77118521825, ""rtt_p95_ms"": 66.925071}}"
1785749056.097826,fair-base8-w3-r03-u1-040-u2-025,3,0.4,0.25,LIGHT_85,0.85,0,5.663093626418722,5.663093626418722,1.0,0.0,1.0,1.508597430987162,3.585845528702942,2.07724809771578,1.0,0.0,12.174289266666669,63.754306,0,"{""ue1"": {""delivered_bps"": 3585845.5287029417, ""delivery_ratio"": 1.0, ""offered_bps"": 3585845.5287029417}, ""ue2"": {""delivered_bps"": 2077248.09771578, ""delivery_ratio"": 1.0, ""offered_bps"": 2077248.09771578}, ""ue3"": {""delivered_bps"": 127982.92080990307, ""delivery_ratio"": 1.0, ""jitter_ms"": 12.174289266666669, ""loss_percent"": 0.0, ""offered_bps"": 127982.92080990307, ""rtt_p95_ms"": 63.754306}}"
1785749057.2943857,fair-base8-w3-r03-u1-040-u2-025,3,0.4,0.25,LIGHT_85,0.85,1,5.4867008150386285,5.4867008150386285,1.0,0.0,1.0,2.129299184961371,3.808,1.6787008150386287,1.0,0.0,12.085162838926175,74.913488,0,"{""ue1"": {""delivered_bps"": 3808000.0, ""delivery_ratio"": 1.0, ""offered_bps"": 3808000.0}, ""ue2"": {""delivered_bps"": 1678700.8150386286, ""delivery_ratio"": 1.0, ""offered_bps"": 1678700.8150386286}, ""ue3"": {""delivered_bps"": 125430.33935179187, ""delivery_ratio"": 1.0, ""jitter_ms"": 12.085162838926175, ""loss_percent"": 0.0, ""offered_bps"": 127990.142195706, ""rtt_p95_ms"": 74.913488}}"
1785749058.4406164,fair-base8-w3-r03-u1-040-u2-025,3,0.4,0.25,LIGHT_85,0.85,2,6.188,6.188,1.0,0.0,1.0,1.428,3.808,2.38,1.0,0.0,13.23300516891892,97.463309,0,"{""ue1"": {""delivered_bps"": 3808000.0, ""delivery_ratio"": 1.0, ""offered_bps"": 3808000.0}, ""ue2"": {""delivered_bps"": 2380000.0, ""delivery_ratio"": 1.0, ""offered_bps"": 2380000.0}, ""ue3"": {""delivered_bps"": 127990.07411537365, ""delivery_ratio"": 1.0, ""jitter_ms"": 13.23300516891892, ""loss_percent"": 0.0, ""offered_bps"": 127990.07411537365, ""rtt_p95_ms"": 97.463309}}"
1785749064.087492,fair-base8-w3-r03-u1-040-u2-100,3,0.4,1.0,MEDIUM_70,0.7,0,9.795639328396506,9.795639328396506,1.0,0.0,1.0,3.889759903613338,2.952939712391584,6.842699616004922,1.0,0.0,13.422633839999998,93.900542,0,"{""ue1"": {""delivered_bps"": 2952939.712391584, ""delivery_ratio"": 1.0, ""offered_bps"": 2952939.712391584}, ""ue2"": {""delivered_bps"": 6842699.616004922, ""delivery_ratio"": 1.0, ""offered_bps"": 6842699.616004922}, ""ue3"": {""delivered_bps"": 127989.27283787621, ""delivery_ratio"": 1.0, ""jitter_ms"": 13.422633839999998, ""loss_percent"": 0.0, ""offered_bps"": 127989.27283787621, ""rtt_p95_ms"": 93.900542}}"
1785749065.2440217,fair-base8-w3-r03-u1-040-u2-100,3,0.4,1.0,MEDIUM_70,0.7,1,10.975999999999997,10.975999999999997,1.0,0.0,1.0,4.704,3.1359999999999997,7.839999999999999,1.0,0.0,14.043627406666667,99.012966,0,"{""ue1"": {""delivered_bps"": 3135999.9999999995, ""delivery_ratio"": 1.0, ""offered_bps"": 3135999.9999999995}, ""ue2"": {""delivered_bps"": 7839999.999999999, ""delivery_ratio"": 1.0, ""offered_bps"": 7839999.999999999}, ""ue3"": {""delivered_bps"": 125431.14380751849, ""delivery_ratio"": 1.0, ""jitter_ms"": 14.043627406666667, ""loss_percent"": 0.0, ""offered_bps"": 127990.96306889641, ""rtt_p95_ms"": 99.012966}}"
1785749066.4156864,fair-base8-w3-r03-u1-040-u2-100,3,0.4,1.0,MEDIUM_70,0.7,2,8.665837978950776,8.665837978950776,1.0,0.0,1.0,2.3938379789507778,3.1359999999999997,5.529837978950777,1.0,0.0,12.681418479729722,86.594483,0,"{""ue1"": {""delivered_bps"": 3135999.9999999995, ""delivery_ratio"": 1.0, ""offered_bps"": 3135999.9999999995}, ""ue2"": {""delivered_bps"": 5529837.978950777, ""delivery_ratio"": 1.0, ""offered_bps"": 5529837.978950777}, ""ue3"": {""delivered_bps"": 127990.59358824368, ""delivery_ratio"": 1.0, ""jitter_ms"": 12.681418479729722, ""loss_percent"": 0.0, ""offered_bps"": 127990.59358824368, ""rtt_p95_ms"": 86.594483}}"
1785749071.9979305,fair-base8-w3-r03-u1-040-u2-100,3,0.4,1.0,EQUAL_100,1.0,0,13.993754151969625,13.993754151969625,1.0,0.0,1.0,5.556816179473011,4.218468986248307,9.775285165721318,1.0,0.0,13.815359972972981,106.799803,0,"{""ue1"": {""delivered_bps"": 4218468.986248307, ""delivery_ratio"": 1.0, ""offered_bps"": 4218468.986248307}, ""ue2"": {""delivered_bps"": 9775285.165721318, ""delivery_ratio"": 1.0, ""offered_bps"": 9775285.165721318}, ""ue3"": {""delivered_bps"": 127990.1666447499, ""delivery_ratio"": 1.0, ""jitter_ms"": 13.815359972972981, ""loss_percent"": 0.0, ""offered_bps"": 127990.1666447499, ""rtt_p95_ms"": 106.799803}}"
1785749073.1745098,fair-base8-w3-r03-u1-040-u2-100,3,0.4,1.0,EQUAL_100,1.0,1,15.68,15.68,1.0,0.0,1.0,6.72,4.48,11.2,1.0,0.0,14.600559100000003,116.253825,0,"{""ue1"": {""delivered_bps"": 4480000.0, ""delivery_ratio"": 1.0, ""offered_bps"": 4480000.0}, ""ue2"": {""delivered_bps"": 11200000.0, ""delivery_ratio"": 1.0, ""offered_bps"": 11200000.0}, ""ue3"": {""delivered_bps"": 130549.98968796131, ""delivery_ratio"": 1.0, ""jitter_ms"": 14.600559100000003, ""loss_percent"": 0.0, ""offered_bps"": 127990.18596858952, ""rtt_p95_ms"": 116.253825}}"
1785749074.378644,fair-base8-w3-r03-u1-040-u2-100,3,0.4,1.0,EQUAL_100,1.0,2,12.379768541358253,12.379768541358253,1.0,0.0,1.0,3.419768541358253,4.48,7.899768541358253,1.0,0.0,13.547593348993287,105.179185,0,"{""ue1"": {""delivered_bps"": 4480000.0, ""delivery_ratio"": 1.0, ""offered_bps"": 4480000.0}, ""ue2"": {""delivered_bps"": 7899768.541358253, ""delivery_ratio"": 1.0, ""offered_bps"": 7899768.541358253}, ""ue3"": {""delivered_bps"": 125429.80807150283, ""delivery_ratio"": 1.0, ""jitter_ms"": 13.547593348993287, ""loss_percent"": 0.0, ""offered_bps"": 127989.60007296207, ""rtt_p95_ms"": 105.179185}}"
1785749079.9626586,fair-base8-w3-r03-u1-040-u2-100,3,0.4,1.0,LIGHT_85,0.85,0,11.894770341112666,11.894770341112666,1.0,0.0,1.0,4.723214440613574,3.585777950249546,8.30899239086312,1.0,0.0,11.460214348993283,63.550591,0,"{""ue1"": {""delivered_bps"": 3585777.9502495457, ""delivery_ratio"": 1.0, ""offered_bps"": 3585777.9502495457}, ""ue2"": {""delivered_bps"": 8308992.39086312, ""delivery_ratio"": 1.0, ""offered_bps"": 8308992.39086312}, ""ue3"": {""delivered_bps"": 127990.38203810164, ""delivery_ratio"": 1.0, ""jitter_ms"": 11.460214348993283, ""loss_percent"": 0.0, ""offered_bps"": 127990.38203810164, ""rtt_p95_ms"": 63.550591}}"
1785749081.1813388,fair-base8-w3-r03-u1-040-u2-100,3,0.4,1.0,LIGHT_85,0.85,1,13.328,13.328,1.0,0.0,1.0,5.712,3.808,9.52,1.0,0.0,12.181845249999999,91.830348,0,"{""ue1"": {""delivered_bps"": 3808000.0, ""delivery_ratio"": 1.0, ""offered_bps"": 3808000.0}, ""ue2"": {""delivered_bps"": 9520000.0, ""delivery_ratio"": 1.0, ""offered_bps"": 9520000.0}, ""ue3"": {""delivered_bps"": 125429.34552827141, ""delivery_ratio"": 1.0, ""jitter_ms"": 12.181845249999999, ""loss_percent"": 0.0, ""offered_bps"": 127989.12809007287, ""rtt_p95_ms"": 91.830348}}"
1785749082.3655136,fair-base8-w3-r03-u1-040-u2-100,3,0.4,1.0,LIGHT_85,0.85,2,10.522803260154516,10.522803260154516,1.0,0.0,1.0,2.9068032601545144,3.808,6.714803260154515,1.0,0.0,11.6398600472973,91.830348,0,"{""ue1"": {""delivered_bps"": 3808000.0, ""delivery_ratio"": 1.0, ""offered_bps"": 3808000.0}, ""ue2"": {""delivered_bps"": 6714803.260154515, ""delivery_ratio"": 1.0, ""offered_bps"": 6714803.260154515}, ""ue3"": {""delivered_bps"": 127989.65754487693, ""delivery_ratio"": 1.0, ""jitter_ms"": 11.6398600472973, ""loss_percent"": 0.0, ""offered_bps"": 127989.65754487693, ""rtt_p95_ms"": 91.830348}}"
1785749087.8801258,fair-base8-w3-r03-u1-040-u2-100,3,0.4,1.0,STRONG_40,0.4,0,5.597508594129468,5.597508594129468,1.0,0.0,1.0,2.2227195384475866,1.6873945278409401,3.910114066288527,1.0,0.0,12.533587250000002,72.122664,0,"{""ue1"": {""delivered_bps"": 1687394.52784094, ""delivery_ratio"": 1.0, ""offered_bps"": 1687394.52784094}, ""ue2"": {""delivered_bps"": 3910114.066288527, ""delivery_ratio"": 1.0, ""offered_bps"": 3910114.066288527}, ""ue3"": {""delivered_bps"": 122870.06497130301, ""delivery_ratio"": 1.0, ""jitter_ms"": 12.533587250000002, ""loss_percent"": 0.0, ""offered_bps"": 127989.65101177397, ""rtt_p95_ms"": 72.122664}}"
1785749089.0341876,fair-base8-w3-r03-u1-040-u2-100,3,0.4,1.0,STRONG_40,0.4,1,6.272,6.272,1.0,0.0,1.0,2.688,1.7920000000000003,4.48,1.0,0.0,10.961739635135135,39.582611,1,"{""ue1"": {""delivered_bps"": 1792000.0000000002, ""delivery_ratio"": 1.0, ""offered_bps"": 1792000.0000000002}, ""ue2"": {""delivered_bps"": 4480000.0, ""delivery_ratio"": 1.0, ""offered_bps"": 4480000.0}, ""ue3"": {""delivered_bps"": 125430.04511537177, ""delivery_ratio"": 1.0, ""jitter_ms"": 10.961739635135135, ""loss_percent"": 0.0, ""offered_bps"": 127989.841954461, ""rtt_p95_ms"": 39.582611}}"
1785749090.2280486,fair-base8-w3-r03-u1-040-u2-100,3,0.4,1.0,STRONG_40,0.4,2,4.951907416543302,4.951907416543302,1.0,0.0,1.0,1.3679074165433014,1.7920000000000003,3.1599074165433017,1.0,0.0,11.168756801324507,39.501757,1,"{""ue1"": {""delivered_bps"": 1792000.0000000002, ""delivery_ratio"": 1.0, ""offered_bps"": 1792000.0000000002}, ""ue2"": {""delivered_bps"": 3159907.4165433017, ""delivery_ratio"": 1.0, ""offered_bps"": 3159907.4165433017}, ""ue3"": {""delivered_bps"": 130549.6766563189, ""delivery_ratio"": 1.0, ""jitter_ms"": 11.168756801324507, ""loss_percent"": 0.0, ""offered_bps"": 127989.87907482246, ""rtt_p95_ms"": 39.501757}}"
1785749095.6510189,fair-base8-w3-r03-u1-015-u2-055,3,0.15,0.55,STRONG_40,0.4,0,3.2051803130286896,3.2051803130286896,1.0,0.0,1.0,1.0959451598886913,1.054617576569999,2.1505627364586903,1.0,0.0,10.352726093333336,35.009599,1,"{""ue1"": {""delivered_bps"": 1054617.576569999, ""delivery_ratio"": 1.0, ""offered_bps"": 1054617.576569999}, ""ue2"": {""delivered_bps"": 2150562.7364586904, ""delivery_ratio"": 1.0, ""offered_bps"": 2150562.7364586904}, ""ue3"": {""delivered_bps"": 127990.70838491953, ""delivery_ratio"": 1.0, ""jitter_ms"": 10.352726093333336, ""loss_percent"": 0.0, ""offered_bps"": 127990.70838491953, ""rtt_p95_ms"": 35.009599}}"
1785749096.8232598,fair-base8-w3-r03-u1-015-u2-055,3,0.15,0.55,STRONG_40,0.4,1,3.584,3.584,1.0,0.0,1.0,1.344,1.12,2.464,1.0,0.0,9.692632452702703,34.232593,1,"{""ue1"": {""delivered_bps"": 1120000.0, ""delivery_ratio"": 1.0, ""offered_bps"": 1120000.0}, ""ue2"": {""delivered_bps"": 2464000.0, ""delivery_ratio"": 1.0, ""offered_bps"": 2464000.0}, ""ue3"": {""delivered_bps"": 122869.8405106952, ""delivery_ratio"": 1.0, ""jitter_ms"": 9.692632452702703, ""loss_percent"": 0.0, ""offered_bps"": 127989.41719864083, ""rtt_p95_ms"": 34.232593}}"
1785749097.968263,fair-base8-w3-r03-u1-015-u2-055,3,0.15,0.55,STRONG_40,0.4,2,3.584,3.584,1.0,0.0,1.0,1.344,1.12,2.464,1.0,0.0,11.068062375838922,39.19158,1,"{""ue1"": {""delivered_bps"": 1120000.0, ""delivery_ratio"": 1.0, ""offered_bps"": 1120000.0}, ""ue2"": {""delivered_bps"": 2464000.0, ""delivery_ratio"": 1.0, ""offered_bps"": 2464000.0}, ""ue3"": {""delivered_bps"": 130554.13759583389, ""delivery_ratio"": 1.0, ""jitter_ms"": 11.068062375838922, ""loss_percent"": 0.0, ""offered_bps"": 127994.25254493518, ""rtt_p95_ms"": 39.19158}}"
1785749103.4636974,fair-base8-w3-r03-u1-015-u2-055,3,0.15,0.55,MEDIUM_70,0.7,0,4.870830738987494,4.870830738987494,1.0,0.0,1.0,2.6561388386179208,1.1073459501847864,3.7634847888027076,1.0,0.0,12.453314706666664,55.672981,1,"{""ue1"": {""delivered_bps"": 1107345.9501847865, ""delivery_ratio"": 1.0, ""offered_bps"": 1107345.9501847865}, ""ue2"": {""delivered_bps"": 3763484.7888027076, ""delivery_ratio"": 1.0, ""offered_bps"": 3763484.7888027076}, ""ue3"": {""delivered_bps"": 130550.2108177555, ""delivery_ratio"": 1.0, ""jitter_ms"": 12.453314706666664, ""loss_percent"": 0.0, ""offered_bps"": 127990.4027625054, ""rtt_p95_ms"": 55.672981}}"
1785749104.6155396,fair-base8-w3-r03-u1-015-u2-055,3,0.15,0.55,MEDIUM_70,0.7,1,5.487999999999999,5.487999999999999,1.0,0.0,1.0,3.1359999999999992,1.176,4.311999999999999,1.0,0.0,12.872862087837843,70.854797,0,"{""ue1"": {""delivered_bps"": 1176000.0, ""delivery_ratio"": 1.0, ""offered_bps"": 1176000.0}, ""ue2"": {""delivered_bps"": 4311999.999999999, ""delivery_ratio"": 1.0, ""offered_bps"": 4311999.999999999}, ""ue3"": {""delivered_bps"": 125431.40142943343, ""delivery_ratio"": 1.0, ""jitter_ms"": 12.872862087837843, ""loss_percent"": 0.0, ""offered_bps"": 127991.22594840146, ""rtt_p95_ms"": 70.854797}}"
1785749105.8007317,fair-base8-w3-r03-u1-015-u2-055,3,0.15,0.55,MEDIUM_70,0.7,2,4.217410888422928,4.217410888422928,1.0,0.0,1.0,1.865410888422928,1.176,3.0414108884229276,1.0,0.0,12.265384853333329,47.796224,1,"{""ue1"": {""delivered_bps"": 1176000.0, ""delivery_ratio"": 1.0, ""offered_bps"": 1176000.0}, ""ue2"": {""delivered_bps"": 3041410.888422928, ""delivery_ratio"": 1.0, ""offered_bps"": 3041410.888422928}, ""ue3"": {""delivered_bps"": 130550.06279246745, ""delivery_ratio"": 1.0, ""jitter_ms"": 12.265384853333329, ""loss_percent"": 0.0, ""offered_bps"": 127990.25763967396, ""rtt_p95_ms"": 47.796224}}"
1785749111.3429625,fair-base8-w3-r03-u1-015-u2-055,3,0.15,0.55,EQUAL_100,1.0,0,6.9583272949011254,6.9583272949011254,1.0,0.0,1.0,3.794486387392325,1.5819204537544003,5.376406841146725,1.0,0.0,10.551962167785238,39.180104,1,"{""ue1"": {""delivered_bps"": 1581920.4537544004, ""delivery_ratio"": 1.0, ""offered_bps"": 1581920.4537544004}, ""ue2"": {""delivered_bps"": 5376406.841146725, ""delivery_ratio"": 1.0, ""offered_bps"": 5376406.841146725}, ""ue3"": {""delivered_bps"": 127991.23682475882, ""delivery_ratio"": 1.0, ""jitter_ms"": 10.551962167785238, ""loss_percent"": 0.0, ""offered_bps"": 127991.23682475882, ""rtt_p95_ms"": 39.180104}}"
1785749112.5741262,fair-base8-w3-r03-u1-015-u2-055,3,0.15,0.55,EQUAL_100,1.0,1,7.84,7.84,1.0,0.0,1.0,4.48,1.68,6.16,1.0,0.0,11.568370543624155,86.195321,0,"{""ue1"": {""delivered_bps"": 1680000.0, ""delivery_ratio"": 1.0, ""offered_bps"": 1680000.0}, ""ue2"": {""delivered_bps"": 6160000.0, ""delivery_ratio"": 1.0, ""offered_bps"": 6160000.0}, ""ue3"": {""delivered_bps"": 130552.43344098481, ""delivery_ratio"": 1.0, ""jitter_ms"": 11.568370543624155, ""loss_percent"": 0.0, ""offered_bps"": 127992.58180488707, ""rtt_p95_ms"": 86.195321}}"
1785749113.7649431,fair-base8-w3-r03-u1-015-u2-055,3,0.15,0.55,EQUAL_100,1.0,2,7.84,7.84,1.0,0.0,1.0,4.48,1.68,6.16,1.0,0.0,11.440119153333331,86.195321,0,"{""ue1"": {""delivered_bps"": 1680000.0, ""delivery_ratio"": 1.0, ""offered_bps"": 1680000.0}, ""ue2"": {""delivered_bps"": 6160000.0, ""delivery_ratio"": 1.0, ""offered_bps"": 6160000.0}, ""ue3"": {""delivered_bps"": 127990.27875140877, ""delivery_ratio"": 1.0, ""jitter_ms"": 11.440119153333331, ""loss_percent"": 0.0, ""offered_bps"": 127990.27875140877, ""rtt_p95_ms"": 86.195321}}"
1785749119.4040992,fair-base8-w3-r03-u1-015-u2-055,3,0.15,0.55,LIGHT_85,0.85,0,5.914586149631653,5.914586149631653,1.0,0.0,1.0,3.225305480317781,1.3446403346569356,4.569945814974717,1.0,0.0,11.4707635771812,71.694673,0,"{""ue1"": {""delivered_bps"": 1344640.3346569357, ""delivery_ratio"": 1.0, ""offered_bps"": 1344640.3346569357}, ""ue2"": {""delivered_bps"": 4569945.814974717, ""delivery_ratio"": 1.0, ""offered_bps"": 4569945.814974717}, ""ue3"": {""delivered_bps"": 127991.0333328887, ""delivery_ratio"": 1.0, ""jitter_ms"": 11.4707635771812, ""loss_percent"": 0.0, ""offered_bps"": 127991.0333328887, ""rtt_p95_ms"": 71.694673}}"
1785749120.5657816,fair-base8-w3-r03-u1-015-u2-055,3,0.15,0.55,LIGHT_85,0.85,1,5.121141793084984,5.121141793084984,1.0,0.0,1.0,2.2651417930849838,1.428,3.6931417930849837,1.0,0.0,12.981761348993283,90.642155,0,"{""ue1"": {""delivered_bps"": 1428000.0, ""delivery_ratio"": 1.0, ""offered_bps"": 1428000.0}, ""ue2"": {""delivered_bps"": 3693141.7930849837, ""delivery_ratio"": 1.0, ""offered_bps"": 3693141.7930849837}, ""ue3"": {""delivered_bps"": 127988.58162555676, ""delivery_ratio"": 1.0, ""jitter_ms"": 12.981761348993283, ""loss_percent"": 0.0, ""offered_bps"": 127988.58162555676, ""rtt_p95_ms"": 90.642155}}"
1785749121.727373,fair-base8-w3-r03-u1-015-u2-055,3,0.15,0.55,LIGHT_85,0.85,2,6.664,6.664,1.0,0.0,1.0,3.808,1.428,5.236,1.0,0.0,11.812936033783783,68.965607,0,"{""ue1"": {""delivered_bps"": 1428000.0, ""delivery_ratio"": 1.0, ""offered_bps"": 1428000.0}, ""ue2"": {""delivered_bps"": 5236000.0, ""delivery_ratio"": 1.0, ""offered_bps"": 5236000.0}, ""ue3"": {""delivered_bps"": 125430.6393642713, ""delivery_ratio"": 1.0, ""jitter_ms"": 11.812936033783783, ""loss_percent"": 0.0, ""offered_bps"": 127990.44833088908, ""rtt_p95_ms"": 68.965607}}"
1785749127.375371,fair-base8-w3-r03-u1-075-u2-055,3,0.75,0.55,STRONG_40,0.4,0,5.314416602509431,5.314416602509431,1.0,0.0,1.0,1.0132911295920508,3.1638538660507414,2.1505627364586903,1.0,0.0,10.556400906040267,38.285498,1,"{""ue1"": {""delivered_bps"": 3163853.866050741, ""delivery_ratio"": 1.0, ""offered_bps"": 3163853.866050741}, ""ue2"": {""delivered_bps"": 2150562.7364586904, ""delivery_ratio"": 1.0, ""offered_bps"": 2150562.7364586904}, ""ue3"": {""delivered_bps"": 127990.68227443103, ""delivery_ratio"": 1.0, ""jitter_ms"": 10.556400906040267, ""loss_percent"": 0.0, ""offered_bps"": 127990.68227443103, ""rtt_p95_ms"": 38.285498}}"
1785749128.5479114,fair-base8-w3-r03-u1-075-u2-055,3,0.75,0.55,STRONG_40,0.4,1,5.824,5.824,1.0,0.0,1.0,0.8960000000000005,3.3600000000000003,2.464,1.0,0.0,10.329083371621623,38.808638,1,"{""ue1"": {""delivered_bps"": 3360000.0000000005, ""delivery_ratio"": 1.0, ""offered_bps"": 3360000.0000000005}, ""ue2"": {""delivered_bps"": 2464000.0, ""delivery_ratio"": 1.0, ""offered_bps"": 2464000.0}, ""ue3"": {""delivered_bps"": 125430.74045408968, ""delivery_ratio"": 1.0, ""jitter_ms"": 10.329083371621623, ""loss_percent"": 0.0, ""offered_bps"": 127990.55148376498, ""rtt_p95_ms"": 38.808638}}"
1785749129.7348375,fair-base8-w3-r03-u1-075-u2-055,3,0.75,0.55,STRONG_40,0.4,2,5.824,5.824,1.0,0.0,1.0,0.8960000000000005,3.3600000000000003,2.464,1.0,0.0,9.579759234899328,38.808638,1,"{""ue1"": {""delivered_bps"": 3360000.0000000005, ""delivery_ratio"": 1.0, ""offered_bps"": 3360000.0000000005}, ""ue2"": {""delivered_bps"": 2464000.0, ""delivery_ratio"": 1.0, ""offered_bps"": 2464000.0}, ""ue3"": {""delivered_bps"": 130549.8586304257, ""delivery_ratio"": 1.0, ""jitter_ms"": 9.579759234899328, ""loss_percent"": 0.0, ""offered_bps"": 127990.05748080951, ""rtt_p95_ms"": 38.808638}}"
1785749135.316971,fair-base8-w3-r03-u1-075-u2-055,3,0.75,0.55,EQUAL_100,1.0,0,13.285937654010281,13.285937654010281,1.0,0.0,1.0,2.5331239717168303,7.909530812863555,5.376406841146725,1.0,0.0,10.815605046979861,52.02382,1,"{""ue1"": {""delivered_bps"": 7909530.812863556, ""delivery_ratio"": 1.0, ""offered_bps"": 7909530.812863556}, ""ue2"": {""delivered_bps"": 5376406.841146725, ""delivery_ratio"": 1.0, ""offered_bps"": 5376406.841146725}, ""ue3"": {""delivered_bps"": 127990.67600940529, ""delivery_ratio"": 1.0, ""jitter_ms"": 10.815605046979861, ""loss_percent"": 0.0, ""offered_bps"": 127990.67600940529, ""rtt_p95_ms"": 52.02382}}"
1785749136.4950676,fair-base8-w3-r03-u1-075-u2-055,3,0.75,0.55,EQUAL_100,1.0,1,14.559999999999999,14.559999999999999,1.0,0.0,1.0,2.239999999999998,8.399999999999999,6.16,1.0,0.0,11.12817351351351,54.998714,1,"{""ue1"": {""delivered_bps"": 8399999.999999998, ""delivery_ratio"": 1.0, ""offered_bps"": 8399999.999999998}, ""ue2"": {""delivered_bps"": 6160000.0, ""delivery_ratio"": 1.0, ""offered_bps"": 6160000.0}, ""ue3"": {""delivered_bps"": 125428.76772451767, ""delivery_ratio"": 1.0, ""jitter_ms"": 11.12817351351351, ""loss_percent"": 0.0, ""offered_bps"": 127988.53849440579, ""rtt_p95_ms"": 54.998714}}"
1785749137.655965,fair-base8-w3-r03-u1-075-u2-055,3,0.75,0.55,EQUAL_100,1.0,2,12.744872697747036,12.744872697747036,1.0,0.0,1.0,4.055127302252958,8.399999999999999,4.344872697747039,1.0,0.0,10.212308684563753,51.279477,1,"{""ue1"": {""delivered_bps"": 8399999.999999998, ""delivery_ratio"": 1.0, ""offered_bps"": 8399999.999999998}, ""ue2"": {""delivered_bps"": 4344872.69774704, ""delivery_ratio"": 1.0, ""offered_bps"": 4344872.69774704}, ""ue3"": {""delivered_bps"": 130549.44677501869, ""delivery_ratio"": 1.0, ""jitter_ms"": 10.212308684563753, ""loss_percent"": 0.0, ""offered_bps"": 127989.65370099871, ""rtt_p95_ms"": 51.279477}}"
1785749143.282584,fair-base8-w3-r03-u1-075-u2-055,3,0.75,0.55,LIGHT_85,0.85,0,11.29302877405382,11.29302877405382,1.0,0.0,1.0,2.1531371441043867,6.723082959079104,4.569945814974717,1.0,0.0,12.333385746666668,68.824403,0,"{""ue1"": {""delivered_bps"": 6723082.959079104, ""delivery_ratio"": 1.0, ""offered_bps"": 6723082.959079104}, ""ue2"": {""delivered_bps"": 4569945.814974717, ""delivery_ratio"": 1.0, ""offered_bps"": 4569945.814974717}, ""ue3"": {""delivered_bps"": 127990.58757650909, ""delivery_ratio"": 1.0, ""jitter_ms"": 12.333385746666668, ""loss_percent"": 0.0, ""offered_bps"": 127990.58757650909, ""rtt_p95_ms"": 68.824403}}"
1785749144.4790945,fair-base8-w3-r03-u1-075-u2-055,3,0.75,0.55,LIGHT_85,0.85,1,12.376,12.376,1.0,0.0,1.0,1.903999999999999,7.139999999999999,5.236,1.0,0.0,10.8464247852349,40.377721,1,"{""ue1"": {""delivered_bps"": 7139999.999999999, ""delivery_ratio"": 1.0, ""offered_bps"": 7139999.999999999}, ""ue2"": {""delivered_bps"": 5236000.0, ""delivery_ratio"": 1.0, ""offered_bps"": 5236000.0}, ""ue3"": {""delivered_bps"": 127990.31944776126, ""delivery_ratio"": 1.0, ""jitter_ms"": 10.8464247852349, ""loss_percent"": 0.0, ""offered_bps"": 127990.31944776126, ""rtt_p95_ms"": 40.377721}}"
1785749145.716185,fair-base8-w3-r03-u1-075-u2-055,3,0.75,0.55,LIGHT_85,0.85,2,12.376,12.376,1.0,0.0,1.0,1.903999999999999,7.139999999999999,5.236,1.0,0.0,11.302460671140944,47.97061,1,"{""ue1"": {""delivered_bps"": 7139999.999999999, ""delivery_ratio"": 1.0, ""offered_bps"": 7139999.999999999}, ""ue2"": {""delivered_bps"": 5236000.0, ""delivery_ratio"": 1.0, ""offered_bps"": 5236000.0}, ""ue3"": {""delivered_bps"": 127990.85403023924, ""delivery_ratio"": 1.0, ""jitter_ms"": 11.302460671140944, ""loss_percent"": 0.0, ""offered_bps"": 127990.85403023924, ""rtt_p95_ms"": 47.97061}}"
1785749151.447128,fair-base8-w3-r03-u1-075-u2-055,3,0.75,0.55,MEDIUM_70,0.7,0,9.300302580196655,9.300302580196655,1.0,0.0,1.0,1.7733330025912422,5.53681779139395,3.7634847888027076,1.0,0.0,11.781542476510065,80.375911,0,"{""ue1"": {""delivered_bps"": 5536817.79139395, ""delivery_ratio"": 1.0, ""offered_bps"": 5536817.79139395}, ""ue2"": {""delivered_bps"": 3763484.7888027076, ""delivery_ratio"": 1.0, ""offered_bps"": 3763484.7888027076}, ""ue3"": {""delivered_bps"": 125431.25819245257, ""delivery_ratio"": 1.0, ""jitter_ms"": 11.781542476510065, ""loss_percent"": 0.0, ""offered_bps"": 127991.0797882169, ""rtt_p95_ms"": 80.375911}}"
1785749152.6649258,fair-base8-w3-r03-u1-075-u2-055,3,0.75,0.55,MEDIUM_70,0.7,1,10.191999999999998,10.191999999999998,1.0,0.0,1.0,1.568,5.879999999999999,4.311999999999999,1.0,0.0,12.584006812080542,98.662935,0,"{""ue1"": {""delivered_bps"": 5879999.999999999, ""delivery_ratio"": 1.0, ""offered_bps"": 5879999.999999999}, ""ue2"": {""delivered_bps"": 4311999.999999999, ""delivery_ratio"": 1.0, ""offered_bps"": 4311999.999999999}, ""ue3"": {""delivered_bps"": 130550.86065585692, ""delivery_ratio"": 1.0, ""jitter_ms"": 12.584006812080542, ""loss_percent"": 0.0, ""offered_bps"": 127991.03985868326, ""rtt_p95_ms"": 98.662935}}"
1785749153.8365035,fair-base8-w3-r03-u1-075-u2-055,3,0.75,0.55,MEDIUM_70,0.7,2,10.191999999999998,10.191999999999998,1.0,0.0,1.0,1.568,5.879999999999999,4.311999999999999,1.0,0.0,12.964984489932894,98.662935,0,"{""ue1"": {""delivered_bps"": 5879999.999999999, ""delivery_ratio"": 1.0, ""offered_bps"": 5879999.999999999}, ""ue2"": {""delivered_bps"": 4311999.999999999, ""delivery_ratio"": 1.0, ""offered_bps"": 4311999.999999999}, ""ue3"": {""delivered_bps"": 127988.93049729771, ""delivery_ratio"": 1.0, ""jitter_ms"": 12.964984489932894, ""loss_percent"": 0.0, ""offered_bps"": 127988.93049729771, ""rtt_p95_ms"": 98.662935}}"
1785749159.4510777,fair-base8-w3-r03-u1-055-u2-015,3,0.55,0.15,STRONG_40,0.4,0,3.2976798542391945,3.2976798542391945,1.0,0.0,1.0,1.3426228210949311,2.320151337667063,0.9775285165721318,1.0,0.0,12.102067946308722,39.292743,1,"{""ue1"": {""delivered_bps"": 2320151.337667063, ""delivery_ratio"": 1.0, ""offered_bps"": 2320151.337667063}, ""ue2"": {""delivered_bps"": 977528.5165721318, ""delivery_ratio"": 1.0, ""offered_bps"": 977528.5165721318}, ""ue3"": {""delivered_bps"": 125431.0658013182, ""delivery_ratio"": 1.0, ""jitter_ms"": 12.102067946308722, ""loss_percent"": 0.0, ""offered_bps"": 127990.88347073285, ""rtt_p95_ms"": 39.292743}}"
1785749160.6104155,fair-base8-w3-r03-u1-055-u2-015,3,0.55,0.15,STRONG_40,0.4,1,3.2539768541358254,3.2539768541358254,1.0,0.0,1.0,1.6740231458641748,2.464,0.7899768541358254,1.0,0.0,12.40237428,39.032435,1,"{""ue1"": {""delivered_bps"": 2464000.0, ""delivery_ratio"": 1.0, ""offered_bps"": 2464000.0}, ""ue2"": {""delivered_bps"": 789976.8541358254, ""delivery_ratio"": 1.0, ""offered_bps"": 789976.8541358254}, ""ue3"": {""delivered_bps"": 130550.41694130574, ""delivery_ratio"": 1.0, ""jitter_ms"": 12.40237428, ""loss_percent"": 0.0, ""offered_bps"": 127990.60484441738, ""rtt_p95_ms"": 39.032435}}"
1785749161.8092473,fair-base8-w3-r03-u1-055-u2-015,3,0.55,0.15,STRONG_40,0.4,2,3.584,3.584,1.0,0.0,1.0,1.344,2.464,1.12,1.0,0.0,12.055201872483224,38.620538,1,"{""ue1"": {""delivered_bps"": 2464000.0, ""delivery_ratio"": 1.0, ""offered_bps"": 2464000.0}, ""ue2"": {""delivered_bps"": 1120000.0, ""delivery_ratio"": 1.0, ""offered_bps"": 1120000.0}, ""ue3"": {""delivered_bps"": 127994.15028753135, ""delivery_ratio"": 1.0, ""jitter_ms"": 12.055201872483224, ""loss_percent"": 0.0, ""offered_bps"": 127994.15028753135, ""rtt_p95_ms"": 38.620538}}"
1785749167.401972,fair-base8-w3-r03-u1-055-u2-015,3,0.55,0.15,MEDIUM_70,0.7,0,5.086722658414531,5.086722658414531,1.0,0.0,1.0,3.0339127736130536,4.060317716013792,1.0264049424007384,1.0,0.0,10.516270878378378,36.444407,1,"{""ue1"": {""delivered_bps"": 4060317.716013792, ""delivery_ratio"": 1.0, ""offered_bps"": 4060317.716013792}, ""ue2"": {""delivered_bps"": 1026404.9424007385, ""delivery_ratio"": 1.0, ""offered_bps"": 1026404.9424007385}, ""ue3"": {""delivered_bps"": 125430.44458048546, ""delivery_ratio"": 1.0, ""jitter_ms"": 10.516270878378378, ""loss_percent"": 0.0, ""offered_bps"": 127990.24957192394, ""rtt_p95_ms"": 36.444407}}"
1785749168.5956597,fair-base8-w3-r03-u1-055-u2-015,3,0.55,0.15,MEDIUM_70,0.7,1,5.487999999999999,5.487999999999999,1.0,0.0,1.0,3.1359999999999992,4.311999999999999,1.176,1.0,0.0,11.008878342281871,39.032261,1,"{""ue1"": {""delivered_bps"": 4311999.999999999, ""delivery_ratio"": 1.0, ""offered_bps"": 4311999.999999999}, ""ue2"": {""delivered_bps"": 1176000.0, ""delivery_ratio"": 1.0, ""offered_bps"": 1176000.0}, ""ue3"": {""delivered_bps"": 127990.84558993827, ""delivery_ratio"": 1.0, ""jitter_ms"": 11.008878342281871, ""loss_percent"": 0.0, ""offered_bps"": 127990.84558993827, ""rtt_p95_ms"": 39.032261}}"
1785749169.7464254,fair-base8-w3-r03-u1-055-u2-015,3,0.55,0.15,MEDIUM_70,0.7,2,5.487999999999999,5.487999999999999,1.0,0.0,1.0,3.1359999999999992,4.311999999999999,1.176,1.0,0.0,11.60149767114094,50.620454,1,"{""ue1"": {""delivered_bps"": 4311999.999999999, ""delivery_ratio"": 1.0, ""offered_bps"": 4311999.999999999}, ""ue2"": {""delivered_bps"": 1176000.0, ""delivery_ratio"": 1.0, ""offered_bps"": 1176000.0}, ""ue3"": {""delivered_bps"": 130550.81274715366, ""delivery_ratio"": 1.0, ""jitter_ms"": 11.60149767114094, ""loss_percent"": 0.0, ""offered_bps"": 127990.99288936633, ""rtt_p95_ms"": 50.620454}}"
1785749175.2882724,fair-base8-w3-r03-u1-055-u2-015,3,0.55,0.15,LIGHT_85,0.85,0,6.176701448886122,6.176701448886122,1.0,0.0,1.0,3.6840037316271856,4.930352590256653,1.246348858629468,1.0,0.0,11.062086053691273,38.154542,1,"{""ue1"": {""delivered_bps"": 4930352.590256654, ""delivery_ratio"": 1.0, ""offered_bps"": 4930352.590256654}, ""ue2"": {""delivered_bps"": 1246348.858629468, ""delivery_ratio"": 1.0, ""offered_bps"": 1246348.858629468}, ""ue3"": {""delivered_bps"": 127990.02586546534, ""delivery_ratio"": 1.0, ""jitter_ms"": 11.062086053691273, ""loss_percent"": 0.0, ""offered_bps"": 127990.02586546534, ""rtt_p95_ms"": 38.154542}}"
1785749176.449628,fair-base8-w3-r03-u1-055-u2-015,3,0.55,0.15,LIGHT_85,0.85,1,6.243220489023177,6.243220489023177,1.0,0.0,1.0,4.228779510976823,5.236,1.0072204890231773,1.0,0.0,10.581538959731542,36.8396,1,"{""ue1"": {""delivered_bps"": 5236000.0, ""delivery_ratio"": 1.0, ""offered_bps"": 5236000.0}, ""ue2"": {""delivered_bps"": 1007220.4890231773, ""delivery_ratio"": 1.0, ""offered_bps"": 1007220.4890231773}, ""ue3"": {""delivered_bps"": 127989.69235582337, ""delivery_ratio"": 1.0, ""jitter_ms"": 10.581538959731542, ""loss_percent"": 0.0, ""offered_bps"": 127989.69235582337, ""rtt_p95_ms"": 36.8396}}"
1785749177.6151485,fair-base8-w3-r03-u1-055-u2-015,3,0.55,0.15,LIGHT_85,0.85,2,6.664,6.664,1.0,0.0,1.0,3.808,5.236,1.428,1.0,0.0,11.0474204295302,39.020858,1,"{""ue1"": {""delivered_bps"": 5236000.0, ""delivery_ratio"": 1.0, ""offered_bps"": 5236000.0}, ""ue2"": {""delivered_bps"": 1428000.0, ""delivery_ratio"": 1.0, ""offered_bps"": 1428000.0}, ""ue3"": {""delivered_bps"": 127990.93324844039, ""delivery_ratio"": 1.0, ""jitter_ms"": 11.0474204295302, ""loss_percent"": 0.0, ""offered_bps"": 127990.93324844039, ""rtt_p95_ms"": 39.020858}}"
1785749183.1827583,fair-base8-w3-r03-u1-055-u2-015,3,0.55,0.15,EQUAL_100,1.0,0,7.266772797943541,7.266772797943541,1.0,0.0,1.0,4.334187248227146,5.800480023085344,1.4662927748581975,1.0,0.0,11.824194691275173,79.984063,0,"{""ue1"": {""delivered_bps"": 5800480.023085344, ""delivery_ratio"": 1.0, ""offered_bps"": 5800480.023085344}, ""ue2"": {""delivered_bps"": 1466292.7748581974, ""delivery_ratio"": 1.0, ""offered_bps"": 1466292.7748581974}, ""ue3"": {""delivered_bps"": 127988.40963002272, ""delivery_ratio"": 1.0, ""jitter_ms"": 11.824194691275173, ""loss_percent"": 0.0, ""offered_bps"": 127988.40963002272, ""rtt_p95_ms"": 79.984063}}"
1785749184.3375313,fair-base8-w3-r03-u1-055-u2-015,3,0.55,0.15,EQUAL_100,1.0,1,7.84,7.84,1.0,0.0,1.0,4.48,6.16,1.68,1.0,0.0,11.064787633333331,46.468745,1,"{""ue1"": {""delivered_bps"": 6160000.0, ""delivery_ratio"": 1.0, ""offered_bps"": 6160000.0}, ""ue2"": {""delivered_bps"": 1680000.0, ""delivery_ratio"": 1.0, ""offered_bps"": 1680000.0}, ""ue3"": {""delivered_bps"": 127989.11976918856, ""delivery_ratio"": 1.0, ""jitter_ms"": 11.064787633333331, ""loss_percent"": 0.0, ""offered_bps"": 127989.11976918856, ""rtt_p95_ms"": 46.468745}}"
1785749185.524653,fair-base8-w3-r03-u1-055-u2-015,3,0.55,0.15,EQUAL_100,1.0,2,7.84,7.84,1.0,0.0,1.0,4.48,6.16,1.68,1.0,0.0,11.459143080536913,48.491639,1,"{""ue1"": {""delivered_bps"": 6160000.0, ""delivery_ratio"": 1.0, ""offered_bps"": 6160000.0}, ""ue2"": {""delivered_bps"": 1680000.0, ""delivery_ratio"": 1.0, ""offered_bps"": 1680000.0}, ""ue3"": {""delivered_bps"": 127990.6786912236, ""delivery_ratio"": 1.0, ""jitter_ms"": 11.459143080536913, ""loss_percent"": 0.0, ""offered_bps"": 127990.6786912236, ""rtt_p95_ms"": 48.491639}}"
1785749191.0265346,fair-base8-w3-r03-u1-055-u2-075,3,0.55,0.75,STRONG_40,0.4,0,5.252747673433744,5.252747673433744,1.0,0.0,1.0,0.6124234259990482,2.3201621237173478,2.932585549716396,1.0,0.0,11.307126919463089,38.701052,1,"{""ue1"": {""delivered_bps"": 2320162.1237173476, ""delivery_ratio"": 1.0, ""offered_bps"": 2320162.1237173476}, ""ue2"": {""delivered_bps"": 2932585.549716396, ""delivery_ratio"": 1.0, ""offered_bps"": 2932585.549716396}, ""ue3"": {""delivered_bps"": 127990.57835404747, ""delivery_ratio"": 1.0, ""jitter_ms"": 11.307126919463089, ""loss_percent"": 0.0, ""offered_bps"": 127990.57835404747, ""rtt_p95_ms"": 38.701052}}"
1785749192.1949012,fair-base8-w3-r03-u1-055-u2-075,3,0.55,0.75,STRONG_40,0.4,1,5.824,5.824,1.0,0.0,1.0,0.8960000000000005,2.464,3.3600000000000003,1.0,0.0,11.683896711409396,38.694398,1,"{""ue1"": {""delivered_bps"": 2464000.0, ""delivery_ratio"": 1.0, ""offered_bps"": 2464000.0}, ""ue2"": {""delivered_bps"": 3360000.0000000005, ""delivery_ratio"": 1.0, ""offered_bps"": 3360000.0000000005}, ""ue3"": {""delivered_bps"": 127990.81794479437, ""delivery_ratio"": 1.0, ""jitter_ms"": 11.683896711409396, ""loss_percent"": 0.0, ""offered_bps"": 127990.81794479437, ""rtt_p95_ms"": 38.694398}}"
1785749193.3363411,fair-base8-w3-r03-u1-055-u2-075,3,0.55,0.75,STRONG_40,0.4,2,4.833930562407477,4.833930562407477,1.0,0.0,1.0,0.09406943759252363,2.464,2.3699305624074762,1.0,0.0,11.35377681879195,38.764802,1,"{""ue1"": {""delivered_bps"": 2464000.0, ""delivery_ratio"": 1.0, ""offered_bps"": 2464000.0}, ""ue2"": {""delivered_bps"": 2369930.5624074764, ""delivery_ratio"": 1.0, ""offered_bps"": 2369930.5624074764}, ""ue3"": {""delivered_bps"": 127990.5752848602, ""delivery_ratio"": 1.0, ""jitter_ms"": 11.35377681879195, ""loss_percent"": 0.0, ""offered_bps"": 127990.5752848602, ""rtt_p95_ms"": 38.764802}}"
1785749198.8883996,fair-base8-w3-r03-u1-055-u2-075,3,0.55,0.75,EQUAL_100,1.0,0,13.131910943492297,13.131910943492297,1.0,0.0,1.0,1.5310168050896804,5.800447069201308,7.331463874290989,1.0,0.0,13.518819553333323,101.304146,0,"{""ue1"": {""delivered_bps"": 5800447.069201308, ""delivery_ratio"": 1.0, ""offered_bps"": 5800447.069201308}, ""ue2"": {""delivered_bps"": 7331463.874290989, ""delivery_ratio"": 1.0, ""offered_bps"": 7331463.874290989}, ""ue3"": {""delivered_bps"": 127989.00830519988, ""delivery_ratio"": 1.0, ""jitter_ms"": 13.518819553333323, ""loss_percent"": 0.0, ""offered_bps"": 127989.00830519988, ""rtt_p95_ms"": 101.304146}}"
1785749200.0784922,fair-base8-w3-r03-u1-055-u2-075,3,0.55,0.75,EQUAL_100,1.0,1,14.559999999999999,14.559999999999999,1.0,0.0,1.0,2.239999999999998,6.16,8.399999999999999,1.0,0.0,13.108768425675674,105.278936,0,"{""ue1"": {""delivered_bps"": 6160000.0, ""delivery_ratio"": 1.0, ""offered_bps"": 6160000.0}, ""ue2"": {""delivered_bps"": 8399999.999999998, ""delivery_ratio"": 1.0, ""offered_bps"": 8399999.999999998}, ""ue3"": {""delivered_bps"": 127987.74338168719, ""delivery_ratio"": 1.0, ""jitter_ms"": 13.108768425675674, ""loss_percent"": 0.0, ""offered_bps"": 127987.74338168719, ""rtt_p95_ms"": 105.278936}}"
1785749201.2638557,fair-base8-w3-r03-u1-055-u2-075,3,0.55,0.75,EQUAL_100,1.0,2,12.084826406018689,12.084826406018689,1.0,0.0,1.0,0.2351735939813098,6.16,5.92482640601869,1.0,0.0,11.91575175167785,85.455755,0,"{""ue1"": {""delivered_bps"": 6160000.0, ""delivery_ratio"": 1.0, ""offered_bps"": 6160000.0}, ""ue2"": {""delivered_bps"": 5924826.40601869, ""delivery_ratio"": 1.0, ""offered_bps"": 5924826.40601869}, ""ue3"": {""delivered_bps"": 130550.2942336219, ""delivery_ratio"": 1.0, ""jitter_ms"": 11.91575175167785, ""loss_percent"": 0.0, ""offered_bps"": 127990.48454276656, ""rtt_p95_ms"": 85.455755}}"
1785749206.9019504,fair-base8-w3-r03-u1-055-u2-075,3,0.55,0.75,MEDIUM_70,0.7,0,9.192299960021572,9.192299960021572,1.0,0.0,1.0,1.0717494639858105,4.060275248017881,5.132024712003691,1.0,0.0,11.235579389261746,41.483583,1,"{""ue1"": {""delivered_bps"": 4060275.2480178806, ""delivery_ratio"": 1.0, ""offered_bps"": 4060275.2480178806}, ""ue2"": {""delivered_bps"": 5132024.712003691, ""delivery_ratio"": 1.0, ""offered_bps"": 5132024.712003691}, ""ue3"": {""delivered_bps"": 127988.80596760463, ""delivery_ratio"": 1.0, ""jitter_ms"": 11.235579389261746, ""loss_percent"": 0.0, ""offered_bps"": 127988.80596760463, ""rtt_p95_ms"": 41.483583}}"
1785749208.1002,fair-base8-w3-r03-u1-055-u2-075,3,0.55,0.75,MEDIUM_70,0.7,1,10.191999999999998,10.191999999999998,1.0,0.0,1.0,1.568,4.311999999999999,5.879999999999999,1.0,0.0,12.578078966442947,85.249174,0,"{""ue1"": {""delivered_bps"": 4311999.999999999, ""delivery_ratio"": 1.0, ""offered_bps"": 4311999.999999999}, ""ue2"": {""delivered_bps"": 5879999.999999999, ""delivery_ratio"": 1.0, ""offered_bps"": 5879999.999999999}, ""ue3"": {""delivered_bps"": 127988.9618513754, ""delivery_ratio"": 1.0, ""jitter_ms"": 12.578078966442947, ""loss_percent"": 0.0, ""offered_bps"": 127988.9618513754, ""rtt_p95_ms"": 85.249174}}"
1785749209.2601688,fair-base8-w3-r03-u1-055-u2-075,3,0.55,0.75,MEDIUM_70,0.7,2,8.45937848421308,8.45937848421308,1.0,0.0,1.0,0.16462151578691742,4.311999999999999,4.147378484213082,1.0,0.0,11.577925724832212,57.542713,1,"{""ue1"": {""delivered_bps"": 4311999.999999999, ""delivery_ratio"": 1.0, ""offered_bps"": 4311999.999999999}, ""ue2"": {""delivered_bps"": 4147378.4842130817, ""delivery_ratio"": 1.0, ""offered_bps"": 4147378.4842130817}, ""ue3"": {""delivered_bps"": 127988.95109459339, ""delivery_ratio"": 1.0, ""jitter_ms"": 11.577925724832212, ""loss_percent"": 0.0, ""offered_bps"": 127988.95109459339, ""rtt_p95_ms"": 57.542713}}"
1785749214.7851894,fair-base8-w3-r03-u1-055-u2-075,3,0.55,0.75,LIGHT_85,0.85,0,11.162114881561196,11.162114881561196,1.0,0.0,1.0,1.3013737047334835,4.930370588413856,6.231744293147339,0.9733333333333334,2.6666666666666665,11.898220708333342,40.241358,0,"{""ue1"": {""delivered_bps"": 4930370.588413856, ""delivery_ratio"": 1.0, ""offered_bps"": 4930370.588413856}, ""ue2"": {""delivered_bps"": 6231744.2931473395, ""delivery_ratio"": 1.0, ""offered_bps"": 6231744.2931473395}, ""ue3"": {""delivered_bps"": 115191.40154007982, ""delivery_ratio"": 0.9733333333333334, ""jitter_ms"": 11.898220708333342, ""loss_percent"": 2.6666666666666665, ""offered_bps"": 127990.44615564425, ""rtt_p95_ms"": 40.241358}}"
1785749215.9483387,fair-base8-w3-r03-u1-055-u2-075,3,0.55,0.75,LIGHT_85,0.85,1,12.376,12.376,1.0,0.0,1.0,1.903999999999999,5.236,7.139999999999999,1.0,0.0,10.92028772483221,48.451182,1,"{""ue1"": {""delivered_bps"": 5236000.0, ""delivery_ratio"": 1.0, ""offered_bps"": 5236000.0}, ""ue2"": {""delivered_bps"": 7139999.999999999, ""delivery_ratio"": 1.0, ""offered_bps"": 7139999.999999999}, ""ue3"": {""delivered_bps"": 127990.56478853888, ""delivery_ratio"": 1.0, ""jitter_ms"": 10.92028772483221, ""loss_percent"": 0.0, ""offered_bps"": 127990.56478853888, ""rtt_p95_ms"": 48.451182}}"
1785749217.1341522,fair-base8-w3-r03-u1-055-u2-075,3,0.55,0.75,LIGHT_85,0.85,2,12.376,12.376,1.0,0.0,1.0,1.903999999999999,5.236,7.139999999999999,1.0,0.0,11.063069233766234,85.84148,0,"{""ue1"": {""delivered_bps"": 5236000.0, ""delivery_ratio"": 1.0, ""offered_bps"": 5236000.0}, ""ue2"": {""delivered_bps"": 7139999.999999999, ""delivery_ratio"": 1.0, ""offered_bps"": 7139999.999999999}, ""ue3"": {""delivered_bps"": 127990.18609522996, ""delivery_ratio"": 1.0, ""jitter_ms"": 11.063069233766234, ""loss_percent"": 0.0, ""offered_bps"": 127990.18609522996, ""rtt_p95_ms"": 85.84148}}"
1785749222.728199,fair-base8-w3-r03-u1-040-u2-040,3,0.4,0.4,MEDIUM_70,0.7,0,5.689979286671754,5.689979286671754,1.0,0.0,1.0,0.21581959386781696,2.9528994402697855,2.7370798464019686,0.9866666666666667,1.3333333333333333,10.236548856164381,35.045799,1,"{""ue1"": {""delivered_bps"": 2952899.4402697855, ""delivery_ratio"": 1.0, ""offered_bps"": 2952899.4402697855}, ""ue2"": {""delivered_bps"": 2737079.8464019685, ""delivery_ratio"": 1.0, ""offered_bps"": 2737079.8464019685}, ""ue3"": {""delivered_bps"": 120310.68783283418, ""delivery_ratio"": 0.9866666666666667, ""jitter_ms"": 10.236548856164381, ""loss_percent"": 1.3333333333333333, ""offered_bps"": 127990.09343918531, ""rtt_p95_ms"": 35.045799}}"
1785749223.9160345,fair-base8-w3-r03-u1-040-u2-040,3,0.4,0.4,MEDIUM_70,0.7,1,6.271999999999999,6.271999999999999,1.0,0.0,1.0,0.0,3.1359999999999997,3.1359999999999997,1.0,0.0,11.110218993288592,38.448711,1,"{""ue1"": {""delivered_bps"": 3135999.9999999995, ""delivery_ratio"": 1.0, ""offered_bps"": 3135999.9999999995}, ""ue2"": {""delivered_bps"": 3135999.9999999995, ""delivery_ratio"": 1.0, ""offered_bps"": 3135999.9999999995}, ""ue3"": {""delivered_bps"": 133110.23290417992, ""delivery_ratio"": 1.0, ""jitter_ms"": 11.110218993288592, ""loss_percent"": 0.0, ""offered_bps"": 127990.60856171146, ""rtt_p95_ms"": 38.448711}}"
1785749225.0734084,fair-base8-w3-r03-u1-040-u2-040,3,0.4,0.4,MEDIUM_70,0.7,2,6.271999999999999,6.271999999999999,1.0,0.0,1.0,0.0,3.1359999999999997,3.1359999999999997,0.9933333333333333,0.6666666666666666,11.23240342176871,50.995448,1,"{""ue1"": {""delivered_bps"": 3135999.9999999995, ""delivery_ratio"": 1.0, ""offered_bps"": 3135999.9999999995}, ""ue2"": {""delivered_bps"": 3135999.9999999995, ""delivery_ratio"": 1.0, ""offered_bps"": 3135999.9999999995}, ""ue3"": {""delivered_bps"": 115190.25582919123, ""delivery_ratio"": 0.9933333333333333, ""jitter_ms"": 11.23240342176871, ""loss_percent"": 0.6666666666666666, ""offered_bps"": 127989.1731435458, ""rtt_p95_ms"": 50.995448}}"
1785749230.6324382,fair-base8-w3-r03-u1-040-u2-040,3,0.4,0.4,LIGHT_85,0.85,0,6.909279592203847,6.909279592203847,1.0,0.0,1.0,0.26208567951335016,3.585682635858598,3.323596956345248,1.0,0.0,11.7614184966443,49.221727,1,"{""ue1"": {""delivered_bps"": 3585682.635858598, ""delivery_ratio"": 1.0, ""offered_bps"": 3585682.635858598}, ""ue2"": {""delivered_bps"": 3323596.956345248, ""delivery_ratio"": 1.0, ""offered_bps"": 3323596.956345248}, ""ue3"": {""delivered_bps"": 127990.72937016151, ""delivery_ratio"": 1.0, ""jitter_ms"": 11.7614184966443, ""loss_percent"": 0.0, ""offered_bps"": 127990.72937016151, ""rtt_p95_ms"": 49.221727}}"
1785749231.7790458,fair-base8-w3-r03-u1-040-u2-040,3,0.4,0.4,LIGHT_85,0.85,1,7.616,7.616,1.0,0.0,1.0,0.0,3.808,3.808,1.0,0.0,11.903984155405404,72.341864,0,"{""ue1"": {""delivered_bps"": 3808000.0, ""delivery_ratio"": 1.0, ""offered_bps"": 3808000.0}, ""ue2"": {""delivered_bps"": 3808000.0, ""delivery_ratio"": 1.0, ""offered_bps"": 3808000.0}, ""ue3"": {""delivered_bps"": 125430.3488934734, ""delivery_ratio"": 1.0, ""jitter_ms"": 11.903984155405404, ""loss_percent"": 0.0, ""offered_bps"": 127990.15193211572, ""rtt_p95_ms"": 72.341864}}"
1785749232.9228084,fair-base8-w3-r03-u1-040-u2-040,3,0.4,0.4,LIGHT_85,0.85,2,6.493921304061806,6.493921304061806,1.0,0.0,1.0,1.1220786959381936,3.808,2.6859213040618064,1.0,0.0,11.63206279054054,70.683805,0,"{""ue1"": {""delivered_bps"": 3808000.0, ""delivery_ratio"": 1.0, ""offered_bps"": 3808000.0}, ""ue2"": {""delivered_bps"": 2685921.3040618063, ""delivery_ratio"": 1.0, ""offered_bps"": 2685921.3040618063}, ""ue3"": {""delivered_bps"": 125429.50882223622, ""delivery_ratio"": 1.0, ""jitter_ms"": 11.63206279054054, ""loss_percent"": 0.0, ""offered_bps"": 127989.29471656759, ""rtt_p95_ms"": 70.683805}}"
1785749238.4194531,fair-base8-w3-r03-u1-040-u2-040,3,0.4,0.4,STRONG_40,0.4,0,3.2514672108242997,3.2514672108242997,1.0,0.0,1.0,0.12337595779347676,1.687421584308888,1.5640456265154112,1.0,0.0,10.63417669594594,36.456891,1,"{""ue1"": {""delivered_bps"": 1687421.584308888, ""delivery_ratio"": 1.0, ""offered_bps"": 1687421.584308888}, ""ue2"": {""delivered_bps"": 1564045.6265154113, ""delivery_ratio"": 1.0, ""offered_bps"": 1564045.6265154113}, ""ue3"": {""delivered_bps"": 122871.36337190395, ""delivery_ratio"": 1.0, ""jitter_ms"": 10.63417669594594, ""loss_percent"": 0.0, ""offered_bps"": 127991.00351239994, ""rtt_p95_ms"": 36.456891}}"
1785749239.5751634,fair-base8-w3-r03-u1-040-u2-040,3,0.4,0.4,STRONG_40,0.4,1,3.0559629666173205,3.0559629666173205,1.0,0.0,1.0,0.5280370333826796,1.7920000000000003,1.2639629666173207,1.0,0.0,9.352219120000003,35.052929,1,"{""ue1"": {""delivered_bps"": 1792000.0000000002, ""delivery_ratio"": 1.0, ""offered_bps"": 1792000.0000000002}, ""ue2"": {""delivered_bps"": 1263962.9666173207, ""delivery_ratio"": 1.0, ""offered_bps"": 1263962.9666173207}, ""ue3"": {""delivered_bps"": 133109.49113485002, ""delivery_ratio"": 1.0, ""jitter_ms"": 9.352219120000003, ""loss_percent"": 0.0, ""offered_bps"": 127989.89532197117, ""rtt_p95_ms"": 35.052929}}"
1785749240.7434251,fair-base8-w3-r03-u1-040-u2-040,3,0.4,0.4,STRONG_40,0.4,2,3.5840000000000005,3.5840000000000005,1.0,0.0,1.0,0.0,1.7920000000000003,1.7920000000000003,1.0,0.0,9.244648702702708,34.203907,1,"{""ue1"": {""delivered_bps"": 1792000.0000000002, ""delivery_ratio"": 1.0, ""offered_bps"": 1792000.0000000002}, ""ue2"": {""delivered_bps"": 1792000.0000000002, ""delivery_ratio"": 1.0, ""offered_bps"": 1792000.0000000002}, ""ue3"": {""delivered_bps"": 125430.68388991038, ""delivery_ratio"": 1.0, ""jitter_ms"": 9.244648702702708, ""loss_percent"": 0.0, ""offered_bps"": 127990.49376521466, ""rtt_p95_ms"": 34.203907}}"
1785749246.2574158,fair-base8-w3-r03-u1-040-u2-040,3,0.4,0.4,EQUAL_100,1.0,0,8.128626072965158,8.128626072965158,1.0,0.0,1.0,0.30839794038810303,4.21851200667663,3.910114066288527,1.0,0.0,11.224604355704699,82.558081,0,"{""ue1"": {""delivered_bps"": 4218512.00667663, ""delivery_ratio"": 1.0, ""offered_bps"": 4218512.00667663}, ""ue2"": {""delivered_bps"": 3910114.066288527, ""delivery_ratio"": 1.0, ""offered_bps"": 3910114.066288527}, ""ue3"": {""delivered_bps"": 130548.31723483902, ""delivery_ratio"": 1.0, ""jitter_ms"": 11.224604355704699, ""loss_percent"": 0.0, ""offered_bps"": 127988.5463086657, ""rtt_p95_ms"": 82.558081}}"
1785749247.4215577,fair-base8-w3-r03-u1-040-u2-040,3,0.4,0.4,EQUAL_100,1.0,1,8.96,8.96,1.0,0.0,1.0,0.0,4.48,4.48,1.0,0.0,10.286571393333332,71.573718,0,"{""ue1"": {""delivered_bps"": 4480000.0, ""delivery_ratio"": 1.0, ""offered_bps"": 4480000.0}, ""ue2"": {""delivered_bps"": 4480000.0, ""delivery_ratio"": 1.0, ""offered_bps"": 4480000.0}, ""ue3"": {""delivered_bps"": 125430.75048496522, ""delivery_ratio"": 1.0, ""jitter_ms"": 10.286571393333332, ""loss_percent"": 0.0, ""offered_bps"": 127990.56171935226, ""rtt_p95_ms"": 71.573718}}"
1785749248.591147,fair-base8-w3-r03-u1-040-u2-040,3,0.4,0.4,EQUAL_100,1.0,2,7.639907416543301,7.639907416543301,1.0,0.0,1.0,1.3200925834566983,4.48,3.1599074165433017,1.0,0.0,10.889608791946308,68.98402,0,"{""ue1"": {""delivered_bps"": 4480000.0, ""delivery_ratio"": 1.0, ""offered_bps"": 4480000.0}, ""ue2"": {""delivered_bps"": 3159907.4165433017, ""delivery_ratio"": 1.0, ""offered_bps"": 3159907.4165433017}, ""ue3"": {""delivered_bps"": 127990.66013453301, ""delivery_ratio"": 1.0, ""jitter_ms"": 10.889608791946308, ""loss_percent"": 0.0, ""offered_bps"": 127990.66013453301, ""rtt_p95_ms"": 68.98402}}"
1785749254.1049485,fair-base8-w3-r03-u1-100-u2-025,3,1.0,0.25,EQUAL_100,1.0,0,12.989916913698385,12.989916913698385,1.0,0.0,1.0,8.102274330837725,10.546095622268055,2.4438212914303294,1.0,0.0,10.405955281879194,37.955529,1,"{""ue1"": {""delivered_bps"": 10546095.622268055, ""delivery_ratio"": 1.0, ""offered_bps"": 10546095.622268055}, ""ue2"": {""delivered_bps"": 2443821.2914303294, ""delivery_ratio"": 1.0, ""offered_bps"": 2443821.2914303294}, ""ue3"": {""delivered_bps"": 130550.43039061077, ""delivery_ratio"": 1.0, ""jitter_ms"": 10.405955281879194, ""loss_percent"": 0.0, ""offered_bps"": 127990.61803001055, ""rtt_p95_ms"": 37.955529}}"
1785749255.2454762,fair-base8-w3-r03-u1-100-u2-025,3,1.0,0.25,EQUAL_100,1.0,1,13.174942135339563,13.174942135339563,1.0,0.0,1.0,9.225057864660437,11.2,1.9749421353395633,1.0,0.0,10.134196651006715,39.907007,1,"{""ue1"": {""delivered_bps"": 11200000.0, ""delivery_ratio"": 1.0, ""offered_bps"": 11200000.0}, ""ue2"": {""delivered_bps"": 1974942.1353395632, ""delivery_ratio"": 1.0, ""offered_bps"": 1974942.1353395632}, ""ue3"": {""delivered_bps"": 125430.60800872052, ""delivery_ratio"": 1.0, ""jitter_ms"": 10.134196651006715, ""loss_percent"": 0.0, ""offered_bps"": 127990.4163354291, ""rtt_p95_ms"": 39.907007}}"
1785749256.4300365,fair-base8-w3-r03-u1-100-u2-025,3,1.0,0.25,EQUAL_100,1.0,2,14.0,14.0,1.0,0.0,1.0,8.4,11.2,2.8,1.0,0.0,10.498784686666665,42.743394,1,"{""ue1"": {""delivered_bps"": 11200000.0, ""delivery_ratio"": 1.0, ""offered_bps"": 11200000.0}, ""ue2"": {""delivered_bps"": 2800000.0, ""delivery_ratio"": 1.0, ""offered_bps"": 2800000.0}, ""ue3"": {""delivered_bps"": 130549.12695307564, ""delivery_ratio"": 1.0, ""jitter_ms"": 10.498784686666665, ""loss_percent"": 0.0, ""offered_bps"": 127989.34015007415, ""rtt_p95_ms"": 42.743394}}"
1785749262.1373959,fair-base8-w3-r03-u1-100-u2-025,3,1.0,0.25,MEDIUM_70,0.7,0,9.092927636659025,9.092927636659025,1.0,0.0,1.0,5.671577828656566,7.382252732657796,1.7106749040012306,1.0,0.0,10.892658147651005,46.430415,1,"{""ue1"": {""delivered_bps"": 7382252.732657796, ""delivery_ratio"": 1.0, ""offered_bps"": 7382252.732657796}, ""ue2"": {""delivered_bps"": 1710674.9040012306, ""delivery_ratio"": 1.0, ""offered_bps"": 1710674.9040012306}, ""ue3"": {""delivered_bps"": 127990.76866629343, ""delivery_ratio"": 1.0, ""jitter_ms"": 10.892658147651005, ""loss_percent"": 0.0, ""offered_bps"": 127990.76866629343, ""rtt_p95_ms"": 46.430415}}"
1785749263.3389583,fair-base8-w3-r03-u1-100-u2-025,3,1.0,0.25,MEDIUM_70,0.7,1,9.222459494737693,9.222459494737693,1.0,0.0,1.0,6.457540505262305,7.839999999999999,1.3824594947376942,1.0,0.0,10.169461543624159,41.890703,1,"{""ue1"": {""delivered_bps"": 7839999.999999999, ""delivery_ratio"": 1.0, ""offered_bps"": 7839999.999999999}, ""ue2"": {""delivered_bps"": 1382459.4947376943, ""delivery_ratio"": 1.0, ""offered_bps"": 1382459.4947376943}, ""ue3"": {""delivered_bps"": 127990.95564916635, ""delivery_ratio"": 1.0, ""jitter_ms"": 10.169461543624159, ""loss_percent"": 0.0, ""offered_bps"": 127990.95564916635, ""rtt_p95_ms"": 41.890703}}"
1785749264.5132856,fair-base8-w3-r03-u1-100-u2-025,3,1.0,0.25,MEDIUM_70,0.7,2,9.799999999999999,9.799999999999999,1.0,0.0,1.0,5.879999999999999,7.839999999999999,1.9599999999999997,1.0,0.0,9.7088457114094,40.489787,1,"{""ue1"": {""delivered_bps"": 7839999.999999999, ""delivery_ratio"": 1.0, ""offered_bps"": 7839999.999999999}, ""ue2"": {""delivered_bps"": 1959999.9999999998, ""delivery_ratio"": 1.0, ""offered_bps"": 1959999.9999999998}, ""ue3"": {""delivered_bps"": 127989.23430994352, ""delivery_ratio"": 1.0, ""jitter_ms"": 9.7088457114094, ""loss_percent"": 0.0, ""offered_bps"": 127989.23430994352, ""rtt_p95_ms"": 40.489787}}"
1785749270.0116947,fair-base8-w3-r03-u1-100-u2-025,3,1.0,0.25,STRONG_40,0.4,0,5.1959624674161216,5.1959624674161216,1.0,0.0,1.0,3.240905434271858,4.218433950843989,0.9775285165721318,1.0,0.0,10.438100813333332,35.014518,1,"{""ue1"": {""delivered_bps"": 4218433.95084399, ""delivery_ratio"": 1.0, ""offered_bps"": 4218433.95084399}, ""ue2"": {""delivered_bps"": 977528.5165721318, ""delivery_ratio"": 1.0, ""offered_bps"": 977528.5165721318}, ""ue3"": {""delivered_bps"": 127988.61643591794, ""delivery_ratio"": 1.0, ""jitter_ms"": 10.438100813333332, ""loss_percent"": 0.0, ""offered_bps"": 127988.61643591794, ""rtt_p95_ms"": 35.014518}}"
1785749271.1564226,fair-base8-w3-r03-u1-100-u2-025,3,1.0,0.25,STRONG_40,0.4,1,5.269976854135825,5.269976854135825,1.0,0.0,1.0,3.6900231458641746,4.48,0.7899768541358254,1.0,0.0,11.354630753333335,37.474707,1,"{""ue1"": {""delivered_bps"": 4480000.0, ""delivery_ratio"": 1.0, ""offered_bps"": 4480000.0}, ""ue2"": {""delivered_bps"": 789976.8541358254, ""delivery_ratio"": 1.0, ""offered_bps"": 789976.8541358254}, ""ue3"": {""delivered_bps"": 127988.94303445736, ""delivery_ratio"": 1.0, ""jitter_ms"": 11.354630753333335, ""loss_percent"": 0.0, ""offered_bps"": 127988.94303445736, ""rtt_p95_ms"": 37.474707}}"
1785749272.3282583,fair-base8-w3-r03-u1-100-u2-025,3,1.0,0.25,STRONG_40,0.4,2,5.6,5.6,1.0,0.0,1.0,3.36,4.48,1.12,1.0,0.0,12.242273574324326,61.133414,0,"{""ue1"": {""delivered_bps"": 4480000.0, ""delivery_ratio"": 1.0, ""offered_bps"": 4480000.0}, ""ue2"": {""delivered_bps"": 1120000.0, ""delivery_ratio"": 1.0, ""offered_bps"": 1120000.0}, ""ue3"": {""delivered_bps"": 125430.20679046291, ""delivery_ratio"": 1.0, ""jitter_ms"": 12.242273574324326, ""loss_percent"": 0.0, ""offered_bps"": 127990.00692904378, ""rtt_p95_ms"": 61.133414}}"
1785749277.8264742,fair-base8-w3-r03-u1-100-u2-025,3,1.0,0.25,LIGHT_85,0.85,0,11.041466676640345,11.041466676640345,1.0,0.0,1.0,6.886970481208785,8.964218578924564,2.07724809771578,1.0,0.0,9.7265694295302,38.750833,1,"{""ue1"": {""delivered_bps"": 8964218.578924565, ""delivery_ratio"": 1.0, ""offered_bps"": 8964218.578924565}, ""ue2"": {""delivered_bps"": 2077248.09771578, ""delivery_ratio"": 1.0, ""offered_bps"": 2077248.09771578}, ""ue3"": {""delivered_bps"": 127990.3675712501, ""delivery_ratio"": 1.0, ""jitter_ms"": 9.7265694295302, ""loss_percent"": 0.0, ""offered_bps"": 127990.3675712501, ""rtt_p95_ms"": 38.750833}}"
1785749279.0005336,fair-base8-w3-r03-u1-100-u2-025,3,1.0,0.25,LIGHT_85,0.85,1,11.19870081503863,11.19870081503863,1.0,0.0,1.0,7.841299184961371,9.52,1.6787008150386287,1.0,0.0,11.986212744966442,89.883222,0,"{""ue1"": {""delivered_bps"": 9520000.0, ""delivery_ratio"": 1.0, ""offered_bps"": 9520000.0}, ""ue2"": {""delivered_bps"": 1678700.8150386286, ""delivery_ratio"": 1.0, ""offered_bps"": 1678700.8150386286}, ""ue3"": {""delivered_bps"": 127988.73827605581, ""delivery_ratio"": 1.0, ""jitter_ms"": 11.986212744966442, ""loss_percent"": 0.0, ""offered_bps"": 127988.73827605581, ""rtt_p95_ms"": 89.883222}}"
1785749280.147413,fair-base8-w3-r03-u1-100-u2-025,3,1.0,0.25,LIGHT_85,0.85,2,11.9,11.9,1.0,0.0,1.0,7.14,9.52,2.38,1.0,0.0,11.863295797297305,89.883222,0,"{""ue1"": {""delivered_bps"": 9520000.0, ""delivery_ratio"": 1.0, ""offered_bps"": 9520000.0}, ""ue2"": {""delivered_bps"": 2380000.0, ""delivery_ratio"": 1.0, ""offered_bps"": 2380000.0}, ""ue3"": {""delivered_bps"": 125430.0626728606, ""delivery_ratio"": 1.0, ""jitter_ms"": 11.863295797297305, ""loss_percent"": 0.0, ""offered_bps"": 127989.85987026591, ""rtt_p95_ms"": 89.883222}}"
1785749285.654146,fair-base8-w3-r03-u1-025-u2-055,3,0.25,0.55,EQUAL_100,1.0,0,8.012956118182007,8.012956118182007,1.0,0.0,1.0,2.7398575641114427,2.6365492770352823,5.376406841146725,1.0,0.0,10.193162852348998,35.820684,1,"{""ue1"": {""delivered_bps"": 2636549.2770352825, ""delivery_ratio"": 1.0, ""offered_bps"": 2636549.2770352825}, ""ue2"": {""delivered_bps"": 5376406.841146725, ""delivery_ratio"": 1.0, ""offered_bps"": 5376406.841146725}, ""ue3"": {""delivered_bps"": 125429.15965487798, ""delivery_ratio"": 1.0, ""jitter_ms"": 10.193162852348998, ""loss_percent"": 0.0, ""offered_bps"": 127988.93842334488, ""rtt_p95_ms"": 35.820684}}"
1785749286.814663,fair-base8-w3-r03-u1-025-u2-055,3,0.25,0.55,EQUAL_100,1.0,1,8.96,8.96,1.0,0.0,1.0,3.36,2.8,6.16,1.0,0.0,10.125218959731543,38.578641,1,"{""ue1"": {""delivered_bps"": 2800000.0, ""delivery_ratio"": 1.0, ""offered_bps"": 2800000.0}, ""ue2"": {""delivered_bps"": 6160000.0, ""delivery_ratio"": 1.0, ""offered_bps"": 6160000.0}, ""ue3"": {""delivered_bps"": 127989.5456851353, ""delivery_ratio"": 1.0, ""jitter_ms"": 10.125218959731543, ""loss_percent"": 0.0, ""offered_bps"": 127989.5456851353, ""rtt_p95_ms"": 38.578641}}"
1785749287.958337,fair-base8-w3-r03-u1-025-u2-055,3,0.25,0.55,EQUAL_100,1.0,2,8.96,8.96,1.0,0.0,1.0,3.36,2.8,6.16,0.9733333333333334,2.6666666666666665,12.27234767361111,90.618792,0,"{""ue1"": {""delivered_bps"": 2800000.0, ""delivery_ratio"": 1.0, ""offered_bps"": 2800000.0}, ""ue2"": {""delivered_bps"": 6160000.0, ""delivery_ratio"": 1.0, ""offered_bps"": 6160000.0}, ""ue3"": {""delivered_bps"": 127990.59371488493, ""delivery_ratio"": 0.9733333333333334, ""jitter_ms"": 12.27234767361111, ""loss_percent"": 2.6666666666666665, ""offered_bps"": 127990.59371488493, ""rtt_p95_ms"": 90.618792}}"
1785749293.4196324,fair-base8-w3-r03-u1-025-u2-055,3,0.25,0.55,MEDIUM_70,0.7,0,5.60905092662845,5.60905092662845,1.0,0.0,1.0,1.9179186509769657,1.845566137825742,3.7634847888027076,1.0,0.0,12.109938746666657,51.315124,1,"{""ue1"": {""delivered_bps"": 1845566.137825742, ""delivery_ratio"": 1.0, ""offered_bps"": 1845566.137825742}, ""ue2"": {""delivered_bps"": 3763484.7888027076, ""delivery_ratio"": 1.0, ""offered_bps"": 3763484.7888027076}, ""ue3"": {""delivered_bps"": 127989.2642562465, ""delivery_ratio"": 1.0, ""jitter_ms"": 12.109938746666657, ""loss_percent"": 0.0, ""offered_bps"": 127989.2642562465, ""rtt_p95_ms"": 51.315124}}"
1785749294.5953224,fair-base8-w3-r03-u1-025-u2-055,3,0.25,0.55,MEDIUM_70,0.7,1,6.271999999999999,6.271999999999999,1.0,0.0,1.0,2.351999999999999,1.9599999999999997,4.311999999999999,1.0,0.0,11.857258418918917,64.151569,0,"{""ue1"": {""delivered_bps"": 1959999.9999999998, ""delivery_ratio"": 1.0, ""offered_bps"": 1959999.9999999998}, ""ue2"": {""delivered_bps"": 4311999.999999999, ""delivery_ratio"": 1.0, ""offered_bps"": 4311999.999999999}, ""ue3"": {""delivered_bps"": 125429.10171966793, ""delivery_ratio"": 1.0, ""jitter_ms"": 11.857258418918917, ""loss_percent"": 0.0, ""offered_bps"": 127988.87930578362, ""rtt_p95_ms"": 64.151569}}"
1785749295.7422662,fair-base8-w3-r03-u1-025-u2-055,3,0.25,0.55,MEDIUM_70,0.7,2,5.001410888422928,5.001410888422928,1.0,0.0,1.0,1.081410888422928,1.9599999999999997,3.0414108884229276,1.0,0.0,11.659702189189192,64.151569,0,"{""ue1"": {""delivered_bps"": 1959999.9999999998, ""delivery_ratio"": 1.0, ""offered_bps"": 1959999.9999999998}, ""ue2"": {""delivered_bps"": 3041410.888422928, ""delivery_ratio"": 1.0, ""offered_bps"": 3041410.888422928}, ""ue3"": {""delivered_bps"": 127989.67750176003, ""delivery_ratio"": 1.0, ""jitter_ms"": 11.659702189189192, ""loss_percent"": 0.0, ""offered_bps"": 127989.67750176003, ""rtt_p95_ms"": 64.151569}}"
1785749301.2046187,fair-base8-w3-r03-u1-025-u2-055,3,0.25,0.55,LIGHT_85,0.85,0,6.810986971983305,6.810986971983305,1.0,0.0,1.0,2.3289046579661283,2.2410411570085884,4.569945814974717,1.0,0.0,11.51035967114094,46.560241,1,"{""ue1"": {""delivered_bps"": 2241041.1570085883, ""delivery_ratio"": 1.0, ""offered_bps"": 2241041.1570085883}, ""ue2"": {""delivered_bps"": 4569945.814974717, ""delivery_ratio"": 1.0, ""offered_bps"": 4569945.814974717}, ""ue3"": {""delivered_bps"": 127990.61726271325, ""delivery_ratio"": 1.0, ""jitter_ms"": 11.51035967114094, ""loss_percent"": 0.0, ""offered_bps"": 127990.61726271325, ""rtt_p95_ms"": 46.560241}}"
1785749302.355426,fair-base8-w3-r03-u1-025-u2-055,3,0.25,0.55,LIGHT_85,0.85,1,7.616,7.616,1.0,0.0,1.0,2.856,2.38,5.236,1.0,0.0,12.711023621621626,64.14342,0,"{""ue1"": {""delivered_bps"": 2380000.0, ""delivery_ratio"": 1.0, ""offered_bps"": 2380000.0}, ""ue2"": {""delivered_bps"": 5236000.0, ""delivery_ratio"": 1.0, ""offered_bps"": 5236000.0}, ""ue3"": {""delivered_bps"": 127989.92181950777, ""delivery_ratio"": 1.0, ""jitter_ms"": 12.711023621621626, ""loss_percent"": 0.0, ""offered_bps"": 127989.92181950777, ""rtt_p95_ms"": 64.14342}}"
1785749303.5134697,fair-base8-w3-r03-u1-025-u2-055,3,0.25,0.55,LIGHT_85,0.85,2,6.073141793084984,6.073141793084984,1.0,0.0,1.0,1.3131417930849838,2.38,3.6931417930849837,1.0,0.0,11.905515469798663,64.14342,0,"{""ue1"": {""delivered_bps"": 2380000.0, ""delivery_ratio"": 1.0, ""offered_bps"": 2380000.0}, ""ue2"": {""delivered_bps"": 3693141.7930849837, ""delivery_ratio"": 1.0, ""offered_bps"": 3693141.7930849837}, ""ue3"": {""delivered_bps"": 127992.80526698925, ""delivery_ratio"": 1.0, ""jitter_ms"": 11.905515469798663, ""loss_percent"": 0.0, ""offered_bps"": 127992.80526698925, ""rtt_p95_ms"": 64.14342}}"
1785749309.063291,fair-base8-w3-r03-u1-025-u2-055,3,0.25,0.55,STRONG_40,0.4,0,3.2051906158051966,3.2051906158051966,1.0,0.0,1.0,1.0959348571121839,1.0546278793465065,2.1505627364586903,1.0,0.0,11.72434236912752,38.964743,1,"{""ue1"": {""delivered_bps"": 1054627.8793465064, ""delivery_ratio"": 1.0, ""offered_bps"": 1054627.8793465064}, ""ue2"": {""delivered_bps"": 2150562.7364586904, ""delivery_ratio"": 1.0, ""offered_bps"": 2150562.7364586904}, ""ue3"": {""delivered_bps"": 130550.11057144678, ""delivery_ratio"": 1.0, ""jitter_ms"": 11.72434236912752, ""loss_percent"": 0.0, ""offered_bps"": 127990.30448181058, ""rtt_p95_ms"": 38.964743}}"
1785749310.2295864,fair-base8-w3-r03-u1-025-u2-055,3,0.25,0.55,STRONG_40,0.4,1,2.857949079098816,2.857949079098816,1.0,0.0,1.0,0.6179490790988158,1.12,1.737949079098816,1.0,0.0,11.054991093959732,37.225502,1,"{""ue1"": {""delivered_bps"": 1120000.0, ""delivery_ratio"": 1.0, ""offered_bps"": 1120000.0}, ""ue2"": {""delivered_bps"": 1737949.0790988158, ""delivery_ratio"": 1.0, ""offered_bps"": 1737949.0790988158}, ""ue3"": {""delivered_bps"": 127990.67203882447, ""delivery_ratio"": 1.0, ""jitter_ms"": 11.054991093959732, ""loss_percent"": 0.0, ""offered_bps"": 127990.67203882447, ""rtt_p95_ms"": 37.225502}}"
1785749311.3995085,fair-base8-w3-r03-u1-025-u2-055,3,0.25,0.55,STRONG_40,0.4,2,3.584,3.584,1.0,0.0,1.0,1.344,1.12,2.464,1.0,0.0,11.19961128,38.788225,1,"{""ue1"": {""delivered_bps"": 1120000.0, ""delivery_ratio"": 1.0, ""offered_bps"": 1120000.0}, ""ue2"": {""delivered_bps"": 2464000.0, ""delivery_ratio"": 1.0, ""offered_bps"": 2464000.0}, ""ue3"": {""delivered_bps"": 127989.81879428652, ""delivery_ratio"": 1.0, ""jitter_ms"": 11.19961128, ""loss_percent"": 0.0, ""offered_bps"": 127989.81879428652, ""rtt_p95_ms"": 38.788225}}"
1785749316.9358308,fair-base8-w3-r03-u1-025-u2-100,3,0.25,1.0,STRONG_40,0.4,0,4.964730381690524,4.964730381690524,1.0,0.0,1.0,2.8554977508865305,1.0546163154019963,3.910114066288527,1.0,0.0,10.231527400000003,34.670931,1,"{""ue1"": {""delivered_bps"": 1054616.3154019963, ""delivery_ratio"": 1.0, ""offered_bps"": 1054616.3154019963}, ""ue2"": {""delivered_bps"": 3910114.066288527, ""delivery_ratio"": 1.0, ""offered_bps"": 3910114.066288527}, ""ue3"": {""delivered_bps"": 130550.79381923634, ""delivery_ratio"": 1.0, ""jitter_ms"": 10.231527400000003, ""loss_percent"": 0.0, ""offered_bps"": 127990.97433258464, ""rtt_p95_ms"": 34.670931}}"
1785749318.0827677,fair-base8-w3-r03-u1-025-u2-100,3,0.25,1.0,STRONG_40,0.4,1,4.279907416543301,4.279907416543301,1.0,0.0,1.0,2.0399074165433015,1.12,3.1599074165433017,1.0,0.0,9.724632744966444,35.02613,1,"{""ue1"": {""delivered_bps"": 1120000.0, ""delivery_ratio"": 1.0, ""offered_bps"": 1120000.0}, ""ue2"": {""delivered_bps"": 3159907.4165433017, ""delivery_ratio"": 1.0, ""offered_bps"": 3159907.4165433017}, ""ue3"": {""delivered_bps"": 127989.57703951438, ""delivery_ratio"": 1.0, ""jitter_ms"": 9.724632744966444, ""loss_percent"": 0.0, ""offered_bps"": 127989.57703951438, ""rtt_p95_ms"": 35.02613}}"
1785749319.2477827,fair-base8-w3-r03-u1-025-u2-100,3,0.25,1.0,STRONG_40,0.4,2,4.279907416543301,4.279907416543301,1.0,0.0,1.0,2.0399074165433015,1.12,3.1599074165433017,1.0,0.0,9.438890912162158,35.316213,1,"{""ue1"": {""delivered_bps"": 1120000.0, ""delivery_ratio"": 1.0, ""offered_bps"": 1120000.0}, ""ue2"": {""delivered_bps"": 3159907.4165433017, ""delivery_ratio"": 1.0, ""offered_bps"": 3159907.4165433017}, ""ue3"": {""delivered_bps"": 127990.24701676417, ""delivery_ratio"": 1.0, ""jitter_ms"": 9.438890912162158, ""loss_percent"": 0.0, ""offered_bps"": 127990.24701676417, ""rtt_p95_ms"": 35.316213}}"
1785749324.8318853,fair-base8-w3-r03-u1-025-u2-100,3,0.25,1.0,EQUAL_100,1.0,0,12.41188311081994,12.41188311081994,1.0,0.0,1.0,7.138687220622697,2.6365979450986208,9.775285165721318,1.0,0.0,9.931979560810813,35.882964,1,"{""ue1"": {""delivered_bps"": 2636597.945098621, ""delivery_ratio"": 1.0, ""offered_bps"": 2636597.945098621}, ""ue2"": {""delivered_bps"": 9775285.165721318, ""delivery_ratio"": 1.0, ""offered_bps"": 9775285.165721318}, ""ue3"": {""delivered_bps"": 125431.25769601508, ""delivery_ratio"": 1.0, ""jitter_ms"": 9.931979560810813, ""loss_percent"": 0.0, ""offered_bps"": 127991.07928164804, ""rtt_p95_ms"": 35.882964}}"
1785749326.003235,fair-base8-w3-r03-u1-025-u2-100,3,0.25,1.0,EQUAL_100,1.0,1,14.0,14.0,1.0,0.0,1.0,8.4,2.8,11.2,0.9933333333333333,0.6666666666666666,9.641500693877548,37.892171,1,"{""ue1"": {""delivered_bps"": 2800000.0, ""delivery_ratio"": 1.0, ""offered_bps"": 2800000.0}, ""ue2"": {""delivered_bps"": 11200000.0, ""delivery_ratio"": 1.0, ""offered_bps"": 11200000.0}, ""ue3"": {""delivered_bps"": 122870.32114216624, ""delivery_ratio"": 0.9933333333333333, ""jitter_ms"": 9.641500693877548, ""loss_percent"": 0.6666666666666666, ""offered_bps"": 127989.91785642317, ""rtt_p95_ms"": 37.892171}}"
1785749327.275514,fair-base8-w3-r03-u1-025-u2-100,3,0.25,1.0,EQUAL_100,1.0,2,10.699768541358253,10.699768541358253,1.0,0.0,1.0,5.099768541358253,2.8,7.899768541358253,1.0,0.0,10.644836106666663,44.021086,1,"{""ue1"": {""delivered_bps"": 2800000.0, ""delivery_ratio"": 1.0, ""offered_bps"": 2800000.0}, ""ue2"": {""delivered_bps"": 7899768.541358253, ""delivery_ratio"": 1.0, ""offered_bps"": 7899768.541358253}, ""ue3"": {""delivered_bps"": 133110.0301920192, ""delivery_ratio"": 1.0, ""jitter_ms"": 10.644836106666663, ""loss_percent"": 0.0, ""offered_bps"": 127990.41364617231, ""rtt_p95_ms"": 44.021086}}"
1785749332.9331965,fair-base8-w3-r03-u1-025-u2-100,3,0.25,1.0,LIGHT_85,0.85,0,10.550056442836821,10.550056442836821,1.0,0.0,1.0,6.067928338889418,2.241064051973701,8.30899239086312,1.0,0.0,11.162539148648644,38.258319,1,"{""ue1"": {""delivered_bps"": 2241064.051973701, ""delivery_ratio"": 1.0, ""offered_bps"": 2241064.051973701}, ""ue2"": {""delivered_bps"": 8308992.39086312, ""delivery_ratio"": 1.0, ""offered_bps"": 8308992.39086312}, ""ue3"": {""delivered_bps"": 127990.62404919749, ""delivery_ratio"": 1.0, ""jitter_ms"": 11.162539148648644, ""loss_percent"": 0.0, ""offered_bps"": 127990.62404919749, ""rtt_p95_ms"": 38.258319}}"
1785749334.1221552,fair-base8-w3-r03-u1-025-u2-100,3,0.25,1.0,LIGHT_85,0.85,1,11.9,11.9,1.0,0.0,1.0,7.14,2.38,9.52,1.0,0.0,11.735664779999995,85.369,0,"{""ue1"": {""delivered_bps"": 2380000.0, ""delivery_ratio"": 1.0, ""offered_bps"": 2380000.0}, ""ue2"": {""delivered_bps"": 9520000.0, ""delivery_ratio"": 1.0, ""offered_bps"": 9520000.0}, ""ue3"": {""delivered_bps"": 130550.7439501653, ""delivery_ratio"": 1.0, ""jitter_ms"": 11.735664779999995, ""loss_percent"": 0.0, ""offered_bps"": 127990.92544133854, ""rtt_p95_ms"": 85.369}}"
1785749335.2826517,fair-base8-w3-r03-u1-025-u2-100,3,0.25,1.0,LIGHT_85,0.85,2,9.094803260154515,9.094803260154515,1.0,0.0,1.0,4.334803260154515,2.38,6.714803260154515,1.0,0.0,10.801717308724827,66.357757,0,"{""ue1"": {""delivered_bps"": 2380000.0, ""delivery_ratio"": 1.0, ""offered_bps"": 2380000.0}, ""ue2"": {""delivered_bps"": 6714803.260154515, ""delivery_ratio"": 1.0, ""offered_bps"": 6714803.260154515}, ""ue3"": {""delivered_bps"": 125429.40133930912, ""delivery_ratio"": 1.0, ""jitter_ms"": 10.801717308724827, ""loss_percent"": 0.0, ""offered_bps"": 127989.18504011133, ""rtt_p95_ms"": 66.357757}}"
1785749340.8607795,fair-base8-w3-r03-u1-025-u2-100,3,0.25,1.0,MEDIUM_70,0.7,0,8.688252758305541,8.688252758305541,1.0,0.0,1.0,4.997146473704302,1.84555314230062,6.842699616004922,1.0,0.0,11.083206093959726,40.958483,1,"{""ue1"": {""delivered_bps"": 1845553.14230062, ""delivery_ratio"": 1.0, ""offered_bps"": 1845553.14230062}, ""ue2"": {""delivered_bps"": 6842699.616004922, ""delivery_ratio"": 1.0, ""offered_bps"": 6842699.616004922}, ""ue3"": {""delivered_bps"": 127990.76853965182, ""delivery_ratio"": 1.0, ""jitter_ms"": 11.083206093959726, ""loss_percent"": 0.0, ""offered_bps"": 127990.76853965182, ""rtt_p95_ms"": 40.958483}}"
1785749342.0303602,fair-base8-w3-r03-u1-025-u2-100,3,0.25,1.0,MEDIUM_70,0.7,1,9.799999999999999,9.799999999999999,1.0,0.0,1.0,5.879999999999999,1.9599999999999997,7.839999999999999,1.0,0.0,11.971798324324324,91.170426,0,"{""ue1"": {""delivered_bps"": 1959999.9999999998, ""delivery_ratio"": 1.0, ""offered_bps"": 1959999.9999999998}, ""ue2"": {""delivered_bps"": 7839999.999999999, ""delivery_ratio"": 1.0, ""offered_bps"": 7839999.999999999}, ""ue3"": {""delivered_bps"": 125430.13918122684, ""delivery_ratio"": 1.0, ""jitter_ms"": 11.971798324324324, ""loss_percent"": 0.0, ""offered_bps"": 127989.93794002739, ""rtt_p95_ms"": 91.170426}}"
1785749343.235557,fair-base8-w3-r03-u1-025-u2-100,3,0.25,1.0,MEDIUM_70,0.7,2,9.799999999999999,9.799999999999999,1.0,0.0,1.0,5.879999999999999,1.9599999999999997,7.839999999999999,1.0,0.0,11.259513783783778,73.272337,0,"{""ue1"": {""delivered_bps"": 1959999.9999999998, ""delivery_ratio"": 1.0, ""offered_bps"": 1959999.9999999998}, ""ue2"": {""delivered_bps"": 7839999.999999999, ""delivery_ratio"": 1.0, ""offered_bps"": 7839999.999999999}, ""ue3"": {""delivered_bps"": 127989.96431094162, ""delivery_ratio"": 1.0, ""jitter_ms"": 11.259513783783778, ""loss_percent"": 0.0, ""offered_bps"": 127989.96431094162, ""rtt_p95_ms"": 73.272337}}"
1785749348.8444347,fair-base8-w3-r03-u1-055-u2-025,3,0.55,0.25,EQUAL_100,1.0,0,8.244182456163816,8.244182456163816,1.0,0.0,1.0,3.356539873303158,5.800361164733487,2.4438212914303294,1.0,0.0,10.619804135135137,35.612202,1,"{""ue1"": {""delivered_bps"": 5800361.164733487, ""delivery_ratio"": 1.0, ""offered_bps"": 5800361.164733487}, ""ue2"": {""delivered_bps"": 2443821.2914303294, ""delivery_ratio"": 1.0, ""offered_bps"": 2443821.2914303294}, ""ue3"": {""delivered_bps"": 127998.9431140667, ""delivery_ratio"": 1.0, ""jitter_ms"": 10.619804135135137, ""loss_percent"": 0.0, ""offered_bps"": 127998.9431140667, ""rtt_p95_ms"": 35.612202}}"
1785749350.0385766,fair-base8-w3-r03-u1-055-u2-025,3,0.55,0.25,EQUAL_100,1.0,1,8.96,8.96,1.0,0.0,1.0,3.36,6.16,2.8,1.0,0.0,10.548224221476502,40.706338,1,"{""ue1"": {""delivered_bps"": 6160000.0, ""delivery_ratio"": 1.0, ""offered_bps"": 6160000.0}, ""ue2"": {""delivered_bps"": 2800000.0, ""delivery_ratio"": 1.0, ""offered_bps"": 2800000.0}, ""ue3"": {""delivered_bps"": 125305.28766485113, ""delivery_ratio"": 1.0, ""jitter_ms"": 10.548224221476502, ""loss_percent"": 0.0, ""offered_bps"": 130419.789202192, ""rtt_p95_ms"": 40.706338}}"
1785749351.2065384,fair-base8-w3-r03-u1-055-u2-025,3,0.55,0.25,EQUAL_100,1.0,2,8.96,8.96,1.0,0.0,1.0,3.36,6.16,2.8,1.0,0.0,10.272586684563759,38.670732,1,"{""ue1"": {""delivered_bps"": 6160000.0, ""delivery_ratio"": 1.0, ""offered_bps"": 6160000.0}, ""ue2"": {""delivered_bps"": 2800000.0, ""delivery_ratio"": 1.0, ""offered_bps"": 2800000.0}, ""ue3"": {""delivered_bps"": 127991.83988441894, ""delivery_ratio"": 1.0, ""jitter_ms"": 10.272586684563759, ""loss_percent"": 0.0, ""offered_bps"": 127991.83988441894, ""rtt_p95_ms"": 38.670732}}"
1785749356.8567877,fair-base8-w3-r03-u1-055-u2-025,3,0.55,0.25,MEDIUM_70,0.7,0,5.770961346252312,5.770961346252312,1.0,0.0,1.0,2.3496115382498513,4.060286442251082,1.7106749040012306,1.0,0.0,11.001057820000002,38.094901,1,"{""ue1"": {""delivered_bps"": 4060286.4422510816, ""delivery_ratio"": 1.0, ""offered_bps"": 4060286.4422510816}, ""ue2"": {""delivered_bps"": 1710674.9040012306, ""delivery_ratio"": 1.0, ""offered_bps"": 1710674.9040012306}, ""ue3"": {""delivered_bps"": 127990.2022232656, ""delivery_ratio"": 1.0, ""jitter_ms"": 11.001057820000002, ""loss_percent"": 0.0, ""offered_bps"": 127990.2022232656, ""rtt_p95_ms"": 38.094901}}"
1785749358.016363,fair-base8-w3-r03-u1-055-u2-025,3,0.55,0.25,MEDIUM_70,0.7,1,5.694459494737693,5.694459494737693,1.0,0.0,1.0,2.929540505262305,4.311999999999999,1.3824594947376942,1.0,0.0,9.56067273154362,35.057762,1,"{""ue1"": {""delivered_bps"": 4311999.999999999, ""delivery_ratio"": 1.0, ""offered_bps"": 4311999.999999999}, ""ue2"": {""delivered_bps"": 1382459.4947376943, ""delivery_ratio"": 1.0, ""offered_bps"": 1382459.4947376943}, ""ue3"": {""delivered_bps"": 130550.27321627841, ""delivery_ratio"": 1.0, ""jitter_ms"": 9.56067273154362, ""loss_percent"": 0.0, ""offered_bps"": 127990.46393752785, ""rtt_p95_ms"": 35.057762}}"
1785749359.1983776,fair-base8-w3-r03-u1-055-u2-025,3,0.55,0.25,MEDIUM_70,0.7,2,6.271999999999999,6.271999999999999,1.0,0.0,1.0,2.351999999999999,4.311999999999999,1.9599999999999997,1.0,0.0,9.337123765100674,34.955716,1,"{""ue1"": {""delivered_bps"": 4311999.999999999, ""delivery_ratio"": 1.0, ""offered_bps"": 4311999.999999999}, ""ue2"": {""delivered_bps"": 1959999.9999999998, ""delivery_ratio"": 1.0, ""offered_bps"": 1959999.9999999998}, ""ue3"": {""delivered_bps"": 127990.79810674778, ""delivery_ratio"": 1.0, ""jitter_ms"": 9.337123765100674, ""loss_percent"": 0.0, ""offered_bps"": 127990.79810674778, ""rtt_p95_ms"": 34.955716}}"
1785749364.7471175,fair-base8-w3-r03-u1-055-u2-025,3,0.55,0.25,LIGHT_85,0.85,0,7.00756582107952,7.00756582107952,1.0,0.0,1.0,2.85306962564796,4.93031772336374,2.07724809771578,1.0,0.0,11.86893193288591,71.867696,0,"{""ue1"": {""delivered_bps"": 4930317.72336374, ""delivery_ratio"": 1.0, ""offered_bps"": 4930317.72336374}, ""ue2"": {""delivered_bps"": 2077248.09771578, ""delivery_ratio"": 1.0, ""offered_bps"": 2077248.09771578}, ""ue3"": {""delivered_bps"": 133109.38425982217, ""delivery_ratio"": 1.0, ""jitter_ms"": 11.86893193288591, ""loss_percent"": 0.0, ""offered_bps"": 127989.79255752132, ""rtt_p95_ms"": 71.867696}}"
1785749365.9269557,fair-base8-w3-r03-u1-055-u2-025,3,0.55,0.25,LIGHT_85,0.85,1,6.914700815038628,6.914700815038628,1.0,0.0,1.0,3.557299184961371,5.236,1.6787008150386287,0.9866666666666667,1.3333333333333333,11.716881178082192,77.730822,0,"{""ue1"": {""delivered_bps"": 5236000.0, ""delivery_ratio"": 1.0, ""offered_bps"": 5236000.0}, ""ue2"": {""delivered_bps"": 1678700.8150386286, ""delivery_ratio"": 1.0, ""offered_bps"": 1678700.8150386286}, ""ue3"": {""delivered_bps"": 115191.55023985596, ""delivery_ratio"": 0.9866666666666667, ""jitter_ms"": 11.716881178082192, ""loss_percent"": 1.3333333333333333, ""offered_bps"": 127990.61137761772, ""rtt_p95_ms"": 77.730822}}"
1785749367.0723405,fair-base8-w3-r03-u1-055-u2-025,3,0.55,0.25,LIGHT_85,0.85,2,7.616,7.616,1.0,0.0,1.0,2.856,5.236,2.38,1.0,0.0,13.46002395973154,106.26339,0,"{""ue1"": {""delivered_bps"": 5236000.0, ""delivery_ratio"": 1.0, ""offered_bps"": 5236000.0}, ""ue2"": {""delivered_bps"": 2380000.0, ""delivery_ratio"": 1.0, ""offered_bps"": 2380000.0}, ""ue3"": {""delivered_bps"": 145909.8613106903, ""delivery_ratio"": 1.0, ""jitter_ms"": 13.46002395973154, ""loss_percent"": 0.0, ""offered_bps"": 127991.1064128862, ""rtt_p95_ms"": 106.26339}}"
1785749372.5246735,fair-base8-w3-r03-u1-055-u2-025,3,0.55,0.25,STRONG_40,0.4,0,3.2976890356828887,3.2976890356828887,1.0,0.0,1.0,1.3426320025386251,2.320160519110757,0.9775285165721318,1.0,0.0,12.643786425675687,57.92972,1,"{""ue1"": {""delivered_bps"": 2320160.519110757, ""delivery_ratio"": 1.0, ""offered_bps"": 2320160.519110757}, ""ue2"": {""delivered_bps"": 977528.5165721318, ""delivery_ratio"": 1.0, ""offered_bps"": 977528.5165721318}, ""ue3"": {""delivered_bps"": 125430.9748659956, ""delivery_ratio"": 1.0, ""jitter_ms"": 12.643786425675687, ""loss_percent"": 0.0, ""offered_bps"": 127990.79067958734, ""rtt_p95_ms"": 57.92972}}"
1785749373.6837454,fair-base8-w3-r03-u1-055-u2-025,3,0.55,0.25,STRONG_40,0.4,1,3.2539768541358254,3.2539768541358254,1.0,0.0,1.0,1.6740231458641748,2.464,0.7899768541358254,1.0,0.0,11.60504134899329,39.234853,1,"{""ue1"": {""delivered_bps"": 2464000.0, ""delivery_ratio"": 1.0, ""offered_bps"": 2464000.0}, ""ue2"": {""delivered_bps"": 789976.8541358254, ""delivery_ratio"": 1.0, ""offered_bps"": 789976.8541358254}, ""ue3"": {""delivered_bps"": 127990.70569565047, ""delivery_ratio"": 1.0, ""jitter_ms"": 11.60504134899329, ""loss_percent"": 0.0, ""offered_bps"": 127990.70569565047, ""rtt_p95_ms"": 39.234853}}"
1785749374.8663487,fair-base8-w3-r03-u1-055-u2-025,3,0.55,0.25,STRONG_40,0.4,2,3.584,3.584,1.0,0.0,1.0,1.344,2.464,1.12,1.0,0.0,10.95303177027027,38.891217,1,"{""ue1"": {""delivered_bps"": 2464000.0, ""delivery_ratio"": 1.0, ""offered_bps"": 2464000.0}, ""ue2"": {""delivered_bps"": 1120000.0, ""delivery_ratio"": 1.0, ""offered_bps"": 1120000.0}, ""ue3"": {""delivered_bps"": 127990.86913040974, ""delivery_ratio"": 1.0, ""jitter_ms"": 10.95303177027027, ""loss_percent"": 0.0, ""offered_bps"": 127990.86913040974, ""rtt_p95_ms"": 38.891217}}"
1785749380.5935423,fair-base8-w3-r03-u1-100-u2-015,3,1.0,0.15,LIGHT_85,0.85,0,10.2105992228131,10.2105992228131,1.0,0.0,1.0,7.717901505554163,8.96425036418363,1.246348858629468,0.9866666666666667,1.3333333333333333,10.985607561643834,66.474673,0,"{""ue1"": {""delivered_bps"": 8964250.36418363, ""delivery_ratio"": 1.0, ""offered_bps"": 8964250.36418363}, ""ue2"": {""delivered_bps"": 1246348.858629468, ""delivery_ratio"": 1.0, ""offered_bps"": 1246348.858629468}, ""ue3"": {""delivered_bps"": 120312.06830697574, ""delivery_ratio"": 0.9866666666666667, ""jitter_ms"": 10.985607561643834, ""loss_percent"": 1.3333333333333333, ""offered_bps"": 127991.56202869759, ""rtt_p95_ms"": 66.474673}}"
1785749381.8459227,fair-base8-w3-r03-u1-100-u2-015,3,1.0,0.15,LIGHT_85,0.85,1,10.527220489023177,10.527220489023177,1.0,0.0,1.0,8.512779510976824,9.52,1.0072204890231773,1.0,0.0,11.224188499999997,85.469269,0,"{""ue1"": {""delivered_bps"": 9520000.0, ""delivery_ratio"": 1.0, ""offered_bps"": 9520000.0}, ""ue2"": {""delivered_bps"": 1007220.4890231773, ""delivery_ratio"": 1.0, ""offered_bps"": 1007220.4890231773}, ""ue3"": {""delivered_bps"": 127990.90995377956, ""delivery_ratio"": 1.0, ""jitter_ms"": 11.224188499999997, ""loss_percent"": 0.0, ""offered_bps"": 127990.90995377956, ""rtt_p95_ms"": 85.469269}}"
1785749383.0912533,fair-base8-w3-r03-u1-100-u2-015,3,1.0,0.15,LIGHT_85,0.85,2,10.948,10.948,1.0,0.0,1.0,8.092,9.52,1.428,1.0,0.0,12.28108426973684,81.479931,0,"{""ue1"": {""delivered_bps"": 9520000.0, ""delivery_ratio"": 1.0, ""offered_bps"": 9520000.0}, ""ue2"": {""delivered_bps"": 1428000.0, ""delivery_ratio"": 1.0, ""offered_bps"": 1428000.0}, ""ue3"": {""delivered_bps"": 127990.48826005364, ""delivery_ratio"": 1.0, ""jitter_ms"": 12.28108426973684, ""loss_percent"": 0.0, ""offered_bps"": 127990.48826005364, ""rtt_p95_ms"": 81.479931}}"
1785749388.9627042,fair-base8-w3-r03-u1-100-u2-015,3,1.0,0.15,STRONG_40,0.4,0,5.195982966000135,5.195982966000135,1.0,0.0,1.0,3.2409259328558715,4.218454449428004,0.9775285165721318,1.0,0.0,10.23417118918919,37.961099,1,"{""ue1"": {""delivered_bps"": 4218454.449428003, ""delivery_ratio"": 1.0, ""offered_bps"": 4218454.449428003}, ""ue2"": {""delivered_bps"": 977528.5165721318, ""delivery_ratio"": 1.0, ""offered_bps"": 977528.5165721318}, ""ue3"": {""delivered_bps"": 125430.7973906454, ""delivery_ratio"": 1.0, ""jitter_ms"": 10.23417118918919, ""loss_percent"": 0.0, ""offered_bps"": 127990.60958229123, ""rtt_p95_ms"": 37.961099}}"
1785749390.1506612,fair-base8-w3-r03-u1-100-u2-015,3,1.0,0.15,STRONG_40,0.4,1,5.269976854135825,5.269976854135825,1.0,0.0,1.0,3.6900231458641746,4.48,0.7899768541358254,1.0,0.0,10.373797675675677,38.949516,1,"{""ue1"": {""delivered_bps"": 4480000.0, ""delivery_ratio"": 1.0, ""offered_bps"": 4480000.0}, ""ue2"": {""delivered_bps"": 789976.8541358254, ""delivery_ratio"": 1.0, ""offered_bps"": 789976.8541358254}, ""ue3"": {""delivered_bps"": 125429.42027638145, ""delivery_ratio"": 1.0, ""jitter_ms"": 10.373797675675677, ""loss_percent"": 0.0, ""offered_bps"": 127989.20436365454, ""rtt_p95_ms"": 38.949516}}"
1785749391.3545766,fair-base8-w3-r03-u1-100-u2-015,3,1.0,0.15,STRONG_40,0.4,2,5.6,5.6,1.0,0.0,1.0,3.36,4.48,1.12,1.0,0.0,10.854815469798654,38.703997,1,"{""ue1"": {""delivered_bps"": 4480000.0, ""delivery_ratio"": 1.0, ""offered_bps"": 4480000.0}, ""ue2"": {""delivered_bps"": 1120000.0, ""delivery_ratio"": 1.0, ""offered_bps"": 1120000.0}, ""ue3"": {""delivered_bps"": 127990.94003495814, ""delivery_ratio"": 1.0, ""jitter_ms"": 10.854815469798654, ""loss_percent"": 0.0, ""offered_bps"": 127990.94003495814, ""rtt_p95_ms"": 38.703997}}"
1785749397.060266,fair-base8-w3-r03-u1-100-u2-015,3,1.0,0.15,MEDIUM_70,0.7,0,8.408619368418002,8.408619368418002,1.0,0.0,1.0,6.355809483616526,7.382214426017264,1.0264049424007384,1.0,0.0,10.11072115436242,38.131111,1,"{""ue1"": {""delivered_bps"": 7382214.426017265, ""delivery_ratio"": 1.0, ""offered_bps"": 7382214.426017265}, ""ue2"": {""delivered_bps"": 1026404.9424007385, ""delivery_ratio"": 1.0, ""offered_bps"": 1026404.9424007385}, ""ue3"": {""delivered_bps"": 127990.90304062313, ""delivery_ratio"": 1.0, ""jitter_ms"": 10.11072115436242, ""loss_percent"": 0.0, ""offered_bps"": 127990.90304062313, ""rtt_p95_ms"": 38.131111}}"
1785749398.2526927,fair-base8-w3-r03-u1-100-u2-015,3,1.0,0.15,MEDIUM_70,0.7,1,8.669475696842616,8.669475696842616,1.0,0.0,1.0,7.010524303157383,7.839999999999999,0.8294756968426166,1.0,0.0,10.741209120805369,43.168419,1,"{""ue1"": {""delivered_bps"": 7839999.999999999, ""delivery_ratio"": 1.0, ""offered_bps"": 7839999.999999999}, ""ue2"": {""delivered_bps"": 829475.6968426165, ""delivery_ratio"": 1.0, ""offered_bps"": 829475.6968426165}, ""ue3"": {""delivered_bps"": 127990.71260878557, ""delivery_ratio"": 1.0, ""jitter_ms"": 10.741209120805369, ""loss_percent"": 0.0, ""offered_bps"": 127990.71260878557, ""rtt_p95_ms"": 43.168419}}"
1785749399.414956,fair-base8-w3-r03-u1-100-u2-015,3,1.0,0.15,MEDIUM_70,0.7,2,9.016,9.016,1.0,0.0,1.0,6.663999999999999,7.839999999999999,1.176,1.0,0.0,11.387593033783785,47.285199,1,"{""ue1"": {""delivered_bps"": 7839999.999999999, ""delivery_ratio"": 1.0, ""offered_bps"": 7839999.999999999}, ""ue2"": {""delivered_bps"": 1176000.0, ""delivery_ratio"": 1.0, ""offered_bps"": 1176000.0}, ""ue3"": {""delivered_bps"": 125431.06504936372, ""delivery_ratio"": 1.0, ""jitter_ms"": 11.387593033783785, ""loss_percent"": 0.0, ""offered_bps"": 127990.88270343236, ""rtt_p95_ms"": 47.285199}}"
1785749405.0280354,fair-base8-w3-r03-u1-100-u2-015,3,1.0,0.15,EQUAL_100,1.0,0,12.012607660529369,12.012607660529369,1.0,0.0,1.0,9.080022110812974,10.546314885671173,1.4662927748581975,1.0,0.0,13.084225128378373,85.839886,0,"{""ue1"": {""delivered_bps"": 10546314.885671172, ""delivery_ratio"": 1.0, ""offered_bps"": 10546314.885671172}, ""ue2"": {""delivered_bps"": 1466292.7748581974, ""delivery_ratio"": 1.0, ""offered_bps"": 1466292.7748581974}, ""ue3"": {""delivered_bps"": 125431.44457580523, ""delivery_ratio"": 1.0, ""jitter_ms"": 13.084225128378373, ""loss_percent"": 0.0, ""offered_bps"": 127991.26997531146, ""rtt_p95_ms"": 85.839886}}"
1785749406.1905687,fair-base8-w3-r03-u1-100-u2-015,3,1.0,0.15,EQUAL_100,1.0,1,12.384965281203737,12.384965281203737,1.0,0.0,1.0,10.015034718796263,11.2,1.184965281203738,1.0,0.0,13.418357651006708,104.726925,0,"{""ue1"": {""delivered_bps"": 11200000.0, ""delivery_ratio"": 1.0, ""offered_bps"": 11200000.0}, ""ue2"": {""delivered_bps"": 1184965.281203738, ""delivery_ratio"": 1.0, ""offered_bps"": 1184965.281203738}, ""ue3"": {""delivered_bps"": 130549.95039650763, ""delivery_ratio"": 1.0, ""jitter_ms"": 13.418357651006708, ""loss_percent"": 0.0, ""offered_bps"": 127990.1474475565, ""rtt_p95_ms"": 104.726925}}"
1785749407.3697205,fair-base8-w3-r03-u1-100-u2-015,3,1.0,0.15,EQUAL_100,1.0,2,12.88,12.88,1.0,0.0,1.0,9.52,11.2,1.68,1.0,0.0,13.619423945945947,108.23419,0,"{""ue1"": {""delivered_bps"": 11200000.0, ""delivery_ratio"": 1.0, ""offered_bps"": 11200000.0}, ""ue2"": {""delivered_bps"": 1680000.0, ""delivery_ratio"": 1.0, ""offered_bps"": 1680000.0}, ""ue3"": {""delivered_bps"": 125431.30898970936, ""delivery_ratio"": 1.0, ""jitter_ms"": 13.619423945945947, ""loss_percent"": 0.0, ""offered_bps"": 127991.13162215242, ""rtt_p95_ms"": 108.23419}}"
1785749412.91524,fair-base8-w3-r03-u1-015-u2-075,3,0.15,0.75,MEDIUM_70,0.7,0,6.239375641110843,6.239375641110843,1.0,0.0,1.0,4.0246737828965395,1.1073509291071522,5.132024712003691,1.0,0.0,9.794758226666666,34.902674,1,"{""ue1"": {""delivered_bps"": 1107350.9291071522, ""delivery_ratio"": 1.0, ""offered_bps"": 1107350.9291071522}, ""ue2"": {""delivered_bps"": 5132024.712003691, ""delivery_ratio"": 1.0, ""offered_bps"": 5132024.712003691}, ""ue3"": {""delivered_bps"": 127990.72847622135, ""delivery_ratio"": 1.0, ""jitter_ms"": 9.794758226666666, ""loss_percent"": 0.0, ""offered_bps"": 127990.72847622135, ""rtt_p95_ms"": 34.902674}}"
1785749414.0632153,fair-base8-w3-r03-u1-015-u2-075,3,0.15,0.75,MEDIUM_70,0.7,1,7.055999999999999,7.055999999999999,1.0,0.0,1.0,4.703999999999999,1.176,5.879999999999999,1.0,0.0,11.234398604026849,78.508394,0,"{""ue1"": {""delivered_bps"": 1176000.0, ""delivery_ratio"": 1.0, ""offered_bps"": 1176000.0}, ""ue2"": {""delivered_bps"": 5879999.999999999, ""delivery_ratio"": 1.0, ""offered_bps"": 5879999.999999999}, ""ue3"": {""delivered_bps"": 127990.87079165221, ""delivery_ratio"": 1.0, ""jitter_ms"": 11.234398604026849, ""loss_percent"": 0.0, ""offered_bps"": 127990.87079165221, ""rtt_p95_ms"": 78.508394}}"
1785749415.210498,fair-base8-w3-r03-u1-015-u2-075,3,0.15,0.75,MEDIUM_70,0.7,2,7.055999999999999,7.055999999999999,1.0,0.0,1.0,4.703999999999999,1.176,5.879999999999999,1.0,0.0,11.2998375472973,78.508394,0,"{""ue1"": {""delivered_bps"": 1176000.0, ""delivery_ratio"": 1.0, ""offered_bps"": 1176000.0}, ""ue2"": {""delivered_bps"": 5879999.999999999, ""delivery_ratio"": 1.0, ""offered_bps"": 5879999.999999999}, ""ue3"": {""delivered_bps"": 125431.10053724454, ""delivery_ratio"": 1.0, ""jitter_ms"": 11.2998375472973, ""loss_percent"": 0.0, ""offered_bps"": 127990.91891555565, ""rtt_p95_ms"": 78.508394}}"
1785749420.7276678,fair-base8-w3-r03-u1-015-u2-075,3,0.15,0.75,EQUAL_100,1.0,0,8.91338762076249,8.91338762076249,1.0,0.0,1.0,5.749540127819489,1.5819237464715,7.331463874290989,1.0,0.0,11.503737046666668,76.109522,0,"{""ue1"": {""delivered_bps"": 1581923.7464715, ""delivery_ratio"": 1.0, ""offered_bps"": 1581923.7464715}, ""ue2"": {""delivered_bps"": 7331463.874290989, ""delivery_ratio"": 1.0, ""offered_bps"": 7331463.874290989}, ""ue3"": {""delivered_bps"": 140789.53610272854, ""delivery_ratio"": 1.0, ""jitter_ms"": 11.503737046666668, ""loss_percent"": 0.0, ""offered_bps"": 127990.48736611685, ""rtt_p95_ms"": 76.109522}}"
1785749421.9331014,fair-base8-w3-r03-u1-015-u2-075,3,0.15,0.75,EQUAL_100,1.0,1,10.079999999999998,10.079999999999998,1.0,0.0,1.0,6.719999999999998,1.68,8.399999999999999,1.0,0.0,12.312286040268457,85.291793,0,"{""ue1"": {""delivered_bps"": 1680000.0, ""delivery_ratio"": 1.0, ""offered_bps"": 1680000.0}, ""ue2"": {""delivered_bps"": 8399999.999999998, ""delivery_ratio"": 1.0, ""offered_bps"": 8399999.999999998}, ""ue3"": {""delivered_bps"": 127989.49449312908, ""delivery_ratio"": 1.0, ""jitter_ms"": 12.312286040268457, ""loss_percent"": 0.0, ""offered_bps"": 127989.49449312908, ""rtt_p95_ms"": 85.291793}}"
1785749423.092797,fair-base8-w3-r03-u1-015-u2-075,3,0.15,0.75,EQUAL_100,1.0,2,7.60482640601869,7.60482640601869,1.0,0.0,1.0,4.24482640601869,1.68,5.92482640601869,1.0,0.0,11.905327630872476,45.720164,1,"{""ue1"": {""delivered_bps"": 1680000.0, ""delivery_ratio"": 1.0, ""offered_bps"": 1680000.0}, ""ue2"": {""delivered_bps"": 5924826.40601869, ""delivery_ratio"": 1.0, ""offered_bps"": 5924826.40601869}, ""ue3"": {""delivered_bps"": 130549.8637213617, ""delivery_ratio"": 1.0, ""jitter_ms"": 11.905327630872476, ""loss_percent"": 0.0, ""offered_bps"": 127990.06247192324, ""rtt_p95_ms"": 45.720164}}"
1785749428.6841226,fair-base8-w3-r03-u1-015-u2-075,3,0.15,0.75,STRONG_40,0.4,0,3.9871980524021833,3.9871980524021833,1.0,0.0,1.0,1.8779730470306082,1.0546125026857875,2.932585549716396,1.0,0.0,9.813358785234904,34.373763,1,"{""ue1"": {""delivered_bps"": 1054612.5026857876, ""delivery_ratio"": 1.0, ""offered_bps"": 1054612.5026857876}, ""ue2"": {""delivered_bps"": 2932585.549716396, ""delivery_ratio"": 1.0, ""offered_bps"": 2932585.549716396}, ""ue3"": {""delivered_bps"": 130549.55303822155, ""delivery_ratio"": 1.0, ""jitter_ms"": 9.813358785234904, ""loss_percent"": 0.0, ""offered_bps"": 127989.75788060935, ""rtt_p95_ms"": 34.373763}}"
1785749429.8562381,fair-base8-w3-r03-u1-015-u2-075,3,0.15,0.75,STRONG_40,0.4,1,4.48,4.48,1.0,0.0,1.0,2.2400000000000007,1.12,3.3600000000000003,1.0,0.0,9.458026189189187,36.227261,1,"{""ue1"": {""delivered_bps"": 1120000.0, ""delivery_ratio"": 1.0, ""offered_bps"": 1120000.0}, ""ue2"": {""delivered_bps"": 3360000.0000000005, ""delivery_ratio"": 1.0, ""offered_bps"": 3360000.0000000005}, ""ue3"": {""delivered_bps"": 125429.19176163664, ""delivery_ratio"": 1.0, ""jitter_ms"": 9.458026189189187, ""loss_percent"": 0.0, ""offered_bps"": 127988.97118534351, ""rtt_p95_ms"": 36.227261}}"
1785749431.0491624,fair-base8-w3-r03-u1-015-u2-075,3,0.15,0.75,STRONG_40,0.4,2,4.48,4.48,1.0,0.0,1.0,2.2400000000000007,1.12,3.3600000000000003,1.0,0.0,10.77756876510067,39.270641,1,"{""ue1"": {""delivered_bps"": 1120000.0, ""delivery_ratio"": 1.0, ""offered_bps"": 1120000.0}, ""ue2"": {""delivered_bps"": 3360000.0000000005, ""delivery_ratio"": 1.0, ""offered_bps"": 3360000.0000000005}, ""ue3"": {""delivered_bps"": 127990.37141517119, ""delivery_ratio"": 1.0, ""jitter_ms"": 10.77756876510067, ""loss_percent"": 0.0, ""offered_bps"": 127990.37141517119, ""rtt_p95_ms"": 39.270641}}"
1785749436.6772044,fair-base8-w3-r03-u1-015-u2-075,3,0.15,0.75,LIGHT_85,0.85,0,7.576378995344562,7.576378995344562,1.0,0.0,1.0,4.887109590950116,1.3446347021972227,6.231744293147339,1.0,0.0,10.395883993333337,40.191638,1,"{""ue1"": {""delivered_bps"": 1344634.7021972227, ""delivery_ratio"": 1.0, ""offered_bps"": 1344634.7021972227}, ""ue2"": {""delivered_bps"": 6231744.2931473395, ""delivery_ratio"": 1.0, ""offered_bps"": 6231744.2931473395}, ""ue3"": {""delivered_bps"": 127989.5001248437, ""delivery_ratio"": 1.0, ""jitter_ms"": 10.395883993333337, ""loss_percent"": 0.0, ""offered_bps"": 127989.5001248437, ""rtt_p95_ms"": 40.191638}}"
1785749437.8472855,fair-base8-w3-r03-u1-015-u2-075,3,0.15,0.75,LIGHT_85,0.85,1,8.568,8.568,1.0,0.0,1.0,5.711999999999999,1.428,7.139999999999999,1.0,0.0,10.485408297297294,40.191638,1,"{""ue1"": {""delivered_bps"": 1428000.0, ""delivery_ratio"": 1.0, ""offered_bps"": 1428000.0}, ""ue2"": {""delivered_bps"": 7139999.999999999, ""delivery_ratio"": 1.0, ""offered_bps"": 7139999.999999999}, ""ue3"": {""delivered_bps"": 122869.62771475811, ""delivery_ratio"": 1.0, ""jitter_ms"": 10.485408297297294, ""loss_percent"": 0.0, ""offered_bps"": 127989.19553620636, ""rtt_p95_ms"": 40.191638}}"
1785749439.0069788,fair-base8-w3-r03-u1-015-u2-075,3,0.15,0.75,LIGHT_85,0.85,2,6.464102445115886,6.464102445115886,1.0,0.0,1.0,3.6081024451158856,1.428,5.036102445115886,1.0,0.0,10.449280114093963,37.004011,1,"{""ue1"": {""delivered_bps"": 1428000.0, ""delivery_ratio"": 1.0, ""offered_bps"": 1428000.0}, ""ue2"": {""delivered_bps"": 5036102.445115886, ""delivery_ratio"": 1.0, ""offered_bps"": 5036102.445115886}, ""ue3"": {""delivered_bps"": 127991.3984655259, ""delivery_ratio"": 1.0, ""jitter_ms"": 10.449280114093963, ""loss_percent"": 0.0, ""offered_bps"": 127991.3984655259, ""rtt_p95_ms"": 37.004011}}"
1785749444.6237268,fair-base8-w3-r03-u1-015-u2-100,3,0.15,1.0,MEDIUM_70,0.7,0,7.950038288210091,7.950038288210091,1.0,0.0,1.0,5.735360943799755,1.1073386722051684,6.842699616004922,0.9933333333333333,0.6666666666666666,10.20574251020408,34.502145,1,"{""ue1"": {""delivered_bps"": 1107338.6722051683, ""delivery_ratio"": 1.0, ""offered_bps"": 1107338.6722051683}, ""ue2"": {""delivered_bps"": 6842699.616004922, ""delivery_ratio"": 1.0, ""offered_bps"": 6842699.616004922}, ""ue3"": {""delivered_bps"": 122871.43045349808, ""delivery_ratio"": 0.9933333333333333, ""jitter_ms"": 10.20574251020408, ""loss_percent"": 0.6666666666666666, ""offered_bps"": 127991.07338906049, ""rtt_p95_ms"": 34.502145}}"
1785749445.8249838,fair-base8-w3-r03-u1-015-u2-100,3,0.15,1.0,MEDIUM_70,0.7,1,9.016,9.016,1.0,0.0,1.0,6.663999999999999,1.176,7.839999999999999,1.0,0.0,10.058760127516777,35.001588,1,"{""ue1"": {""delivered_bps"": 1176000.0, ""delivery_ratio"": 1.0, ""offered_bps"": 1176000.0}, ""ue2"": {""delivered_bps"": 7839999.999999999, ""delivery_ratio"": 1.0, ""offered_bps"": 7839999.999999999}, ""ue3"": {""delivered_bps"": 130550.91757645713, ""delivery_ratio"": 1.0, ""jitter_ms"": 10.058760127516777, ""loss_percent"": 0.0, ""offered_bps"": 127991.09566319326, ""rtt_p95_ms"": 35.001588}}"
1785749446.9897358,fair-base8-w3-r03-u1-015-u2-100,3,0.15,1.0,MEDIUM_70,0.7,2,9.016,9.016,1.0,0.0,1.0,6.663999999999999,1.176,7.839999999999999,1.0,0.0,10.477129806666662,38.312578,1,"{""ue1"": {""delivered_bps"": 1176000.0, ""delivery_ratio"": 1.0, ""offered_bps"": 1176000.0}, ""ue2"": {""delivered_bps"": 7839999.999999999, ""delivery_ratio"": 1.0, ""offered_bps"": 7839999.999999999}, ""ue3"": {""delivered_bps"": 127989.74033730231, ""delivery_ratio"": 1.0, ""jitter_ms"": 10.477129806666662, ""loss_percent"": 0.0, ""offered_bps"": 127989.74033730231, ""rtt_p95_ms"": 38.312578}}"
1785749452.5886862,fair-base8-w3-r03-u1-015-u2-100,3,0.15,1.0,STRONG_40,0.4,0,4.964730559784278,4.964730559784278,1.0,0.0,1.0,2.855497572792776,1.0546164934957514,3.910114066288527,1.0,0.0,11.139510080536912,39.013005,1,"{""ue1"": {""delivered_bps"": 1054616.4934957514, ""delivery_ratio"": 1.0, ""offered_bps"": 1054616.4934957514}, ""ue2"": {""delivered_bps"": 3910114.066288527, ""delivery_ratio"": 1.0, ""offered_bps"": 3910114.066288527}, ""ue3"": {""delivered_bps"": 127990.6447811291, ""delivery_ratio"": 1.0, ""jitter_ms"": 11.139510080536912, ""loss_percent"": 0.0, ""offered_bps"": 127990.6447811291, ""rtt_p95_ms"": 39.013005}}"
1785749453.7541027,fair-base8-w3-r03-u1-015-u2-100,3,0.15,1.0,STRONG_40,0.4,1,5.6,5.6,1.0,0.0,1.0,3.36,1.12,4.48,0.9866666666666667,1.3333333333333333,10.924309616438356,37.975123,1,"{""ue1"": {""delivered_bps"": 1120000.0, ""delivery_ratio"": 1.0, ""offered_bps"": 1120000.0}, ""ue2"": {""delivered_bps"": 4480000.0, ""delivery_ratio"": 1.0, ""offered_bps"": 4480000.0}, ""ue3"": {""delivered_bps"": 117751.1024930802, ""delivery_ratio"": 0.9866666666666667, ""jitter_ms"": 10.924309616438356, ""loss_percent"": 1.3333333333333333, ""offered_bps"": 127990.3287968263, ""rtt_p95_ms"": 37.975123}}"
1785749454.9612043,fair-base8-w3-r03-u1-015-u2-100,3,0.15,1.0,STRONG_40,0.4,2,5.6,5.6,1.0,0.0,1.0,3.36,1.12,4.48,1.0,0.0,11.991736120805365,39.013005,1,"{""ue1"": {""delivered_bps"": 1120000.0, ""delivery_ratio"": 1.0, ""offered_bps"": 1120000.0}, ""ue2"": {""delivered_bps"": 4480000.0, ""delivery_ratio"": 1.0, ""offered_bps"": 4480000.0}, ""ue3"": {""delivered_bps"": 138228.888050708, ""delivery_ratio"": 1.0, ""jitter_ms"": 11.991736120805365, ""loss_percent"": 0.0, ""offered_bps"": 127989.71115806297, ""rtt_p95_ms"": 39.013005}}"
1785749460.5623958,fair-base8-w3-r03-u1-015-u2-100,3,0.15,1.0,LIGHT_85,0.85,0,9.653659563182579,9.653659563182579,1.0,0.0,1.0,6.964325218543661,1.344667172319459,8.30899239086312,1.0,0.0,11.055341673333336,39.103465,1,"{""ue1"": {""delivered_bps"": 1344667.172319459, ""delivery_ratio"": 1.0, ""offered_bps"": 1344667.172319459}, ""ue2"": {""delivered_bps"": 8308992.39086312, ""delivery_ratio"": 1.0, ""offered_bps"": 8308992.39086312}, ""ue3"": {""delivered_bps"": 130550.72933062466, ""delivery_ratio"": 1.0, ""jitter_ms"": 11.055341673333336, ""loss_percent"": 0.0, ""offered_bps"": 127990.91110845555, ""rtt_p95_ms"": 39.103465}}"
1785749461.7735896,fair-base8-w3-r03-u1-015-u2-100,3,0.15,1.0,LIGHT_85,0.85,1,10.948,10.948,1.0,0.0,1.0,8.092,1.428,9.52,1.0,0.0,12.578989993243242,76.807009,0,"{""ue1"": {""delivered_bps"": 1428000.0, ""delivery_ratio"": 1.0, ""offered_bps"": 1428000.0}, ""ue2"": {""delivered_bps"": 9520000.0, ""delivery_ratio"": 1.0, ""offered_bps"": 9520000.0}, ""ue3"": {""delivered_bps"": 125430.8812953216, ""delivery_ratio"": 1.0, ""jitter_ms"": 12.578989993243242, ""loss_percent"": 0.0, ""offered_bps"": 127990.69519930774, ""rtt_p95_ms"": 76.807009}}"
1785749462.9451358,fair-base8-w3-r03-u1-015-u2-100,3,0.15,1.0,LIGHT_85,0.85,2,8.142803260154514,8.142803260154514,1.0,0.0,1.0,5.286803260154515,1.428,6.714803260154515,1.0,0.0,11.955718422818792,76.807009,0,"{""ue1"": {""delivered_bps"": 1428000.0, ""delivery_ratio"": 1.0, ""offered_bps"": 1428000.0}, ""ue2"": {""delivered_bps"": 6714803.260154515, ""delivery_ratio"": 1.0, ""offered_bps"": 6714803.260154515}, ""ue3"": {""delivered_bps"": 127988.16455078023, ""delivery_ratio"": 1.0, ""jitter_ms"": 11.955718422818792, ""loss_percent"": 0.0, ""offered_bps"": 127988.16455078023, ""rtt_p95_ms"": 76.807009}}"
1785749468.5595129,fair-base8-w3-r03-u1-015-u2-100,3,0.15,1.0,EQUAL_100,1.0,0,11.357251522871714,11.357251522871714,1.0,0.0,1.0,8.193318808570922,1.5819663571503961,9.775285165721318,0.98,2.0,11.288615151724136,47.606245,1,"{""ue1"": {""delivered_bps"": 1581966.357150396, ""delivery_ratio"": 1.0, ""offered_bps"": 1581966.357150396}, ""ue2"": {""delivered_bps"": 9775285.165721318, ""delivery_ratio"": 1.0, ""offered_bps"": 9775285.165721318}, ""ue3"": {""delivered_bps"": 117749.0556970997, ""delivery_ratio"": 0.98, ""jitter_ms"": 11.288615151724136, ""loss_percent"": 2.0, ""offered_bps"": 127988.10401858663, ""rtt_p95_ms"": 47.606245}}"
1785749469.7215683,fair-base8-w3-r03-u1-015-u2-100,3,0.15,1.0,EQUAL_100,1.0,1,12.88,12.88,1.0,0.0,1.0,9.52,1.68,11.2,1.0,0.0,11.51253459060403,90.978678,0,"{""ue1"": {""delivered_bps"": 1680000.0, ""delivery_ratio"": 1.0, ""offered_bps"": 1680000.0}, ""ue2"": {""delivered_bps"": 11200000.0, ""delivery_ratio"": 1.0, ""offered_bps"": 11200000.0}, ""ue3"": {""delivered_bps"": 138229.34514784208, ""delivery_ratio"": 1.0, ""jitter_ms"": 11.51253459060403, ""loss_percent"": 0.0, ""offered_bps"": 127990.13439615007, ""rtt_p95_ms"": 90.978678}}"
1785749470.9172678,fair-base8-w3-r03-u1-015-u2-100,3,0.15,1.0,EQUAL_100,1.0,2,9.579768541358254,9.579768541358254,1.0,0.0,1.0,6.219768541358253,1.68,7.899768541358253,1.0,0.0,13.220774362416115,110.651151,0,"{""ue1"": {""delivered_bps"": 1680000.0, ""delivery_ratio"": 1.0, ""offered_bps"": 1680000.0}, ""ue2"": {""delivered_bps"": 7899768.541358253, ""delivery_ratio"": 1.0, ""offered_bps"": 7899768.541358253}, ""ue3"": {""delivered_bps"": 127990.18494056707, ""delivery_ratio"": 1.0, ""jitter_ms"": 13.220774362416115, ""loss_percent"": 0.0, ""offered_bps"": 127990.18494056707, ""rtt_p95_ms"": 110.651151}}"
1785749476.5075703,fair-base8-w3-r03-u1-075-u2-015,3,0.75,0.15,EQUAL_100,1.0,0,9.37595219930985,9.37595219930985,1.0,0.0,1.0,6.443366649593455,7.909659424451652,1.4662927748581975,1.0,0.0,9.856802399999998,38.816195,1,"{""ue1"": {""delivered_bps"": 7909659.424451652, ""delivery_ratio"": 1.0, ""offered_bps"": 7909659.424451652}, ""ue2"": {""delivered_bps"": 1466292.7748581974, ""delivery_ratio"": 1.0, ""offered_bps"": 1466292.7748581974}, ""ue3"": {""delivered_bps"": 130547.42880998489, ""delivery_ratio"": 1.0, ""jitter_ms"": 9.856802399999998, ""loss_percent"": 0.0, ""offered_bps"": 127987.67530390677, ""rtt_p95_ms"": 38.816195}}"
1785749477.6936567,fair-base8-w3-r03-u1-075-u2-015,3,0.75,0.15,EQUAL_100,1.0,1,9.584965281203736,9.584965281203736,1.0,0.0,1.0,7.215034718796261,8.399999999999999,1.184965281203738,1.0,0.0,10.330466940000008,39.200798,1,"{""ue1"": {""delivered_bps"": 8399999.999999998, ""delivery_ratio"": 1.0, ""offered_bps"": 8399999.999999998}, ""ue2"": {""delivered_bps"": 1184965.281203738, ""delivery_ratio"": 1.0, ""offered_bps"": 1184965.281203738}, ""ue3"": {""delivered_bps"": 127989.84029324524, ""delivery_ratio"": 1.0, ""jitter_ms"": 10.330466940000008, ""loss_percent"": 0.0, ""offered_bps"": 127989.84029324524, ""rtt_p95_ms"": 39.200798}}"
1785749478.8675961,fair-base8-w3-r03-u1-075-u2-015,3,0.75,0.15,EQUAL_100,1.0,2,10.079999999999998,10.079999999999998,1.0,0.0,1.0,6.719999999999998,8.399999999999999,1.68,1.0,0.0,10.398865516778518,39.269871,1,"{""ue1"": {""delivered_bps"": 8399999.999999998, ""delivery_ratio"": 1.0, ""offered_bps"": 8399999.999999998}, ""ue2"": {""delivered_bps"": 1680000.0, ""delivery_ratio"": 1.0, ""offered_bps"": 1680000.0}, ""ue3"": {""delivered_bps"": 125429.17445990244, ""delivery_ratio"": 1.0, ""jitter_ms"": 10.398865516778518, ""loss_percent"": 0.0, ""offered_bps"": 127988.95353051269, ""rtt_p95_ms"": 39.269871}}"
1785749484.4448183,fair-base8-w3-r03-u1-075-u2-015,3,0.75,0.15,STRONG_40,0.4,0,4.141332721965878,4.141332721965878,1.0,0.0,1.0,2.186275688821615,3.163804205393747,0.9775285165721318,1.0,0.0,10.115411060402685,34.488944,1,"{""ue1"": {""delivered_bps"": 3163804.205393747, ""delivery_ratio"": 1.0, ""offered_bps"": 3163804.205393747}, ""ue2"": {""delivered_bps"": 977528.5165721318, ""delivery_ratio"": 1.0, ""offered_bps"": 977528.5165721318}, ""ue3"": {""delivered_bps"": 127988.89427885029, ""delivery_ratio"": 1.0, ""jitter_ms"": 10.115411060402685, ""loss_percent"": 0.0, ""offered_bps"": 127988.89427885029, ""rtt_p95_ms"": 34.488944}}"
1785749485.6453247,fair-base8-w3-r03-u1-075-u2-015,3,0.75,0.15,STRONG_40,0.4,1,4.149976854135826,4.149976854135826,1.0,0.0,1.0,2.5700231458641754,3.3600000000000003,0.7899768541358254,1.0,0.0,10.683565606666665,37.514157,1,"{""ue1"": {""delivered_bps"": 3360000.0000000005, ""delivery_ratio"": 1.0, ""offered_bps"": 3360000.0000000005}, ""ue2"": {""delivered_bps"": 789976.8541358254, ""delivery_ratio"": 1.0, ""offered_bps"": 789976.8541358254}, ""ue3"": {""delivered_bps"": 127989.38200047814, ""delivery_ratio"": 1.0, ""jitter_ms"": 10.683565606666665, ""loss_percent"": 0.0, ""offered_bps"": 127989.38200047814, ""rtt_p95_ms"": 37.514157}}"
1785749486.8158684,fair-base8-w3-r03-u1-075-u2-015,3,0.75,0.15,STRONG_40,0.4,2,4.48,4.48,1.0,0.0,1.0,2.2400000000000007,3.3600000000000003,1.12,1.0,0.0,11.010436100000002,37.514157,1,"{""ue1"": {""delivered_bps"": 3360000.0000000005, ""delivery_ratio"": 1.0, ""offered_bps"": 3360000.0000000005}, ""ue2"": {""delivered_bps"": 1120000.0, ""delivery_ratio"": 1.0, ""offered_bps"": 1120000.0}, ""ue3"": {""delivered_bps"": 130549.65929399901, ""delivery_ratio"": 1.0, ""jitter_ms"": 11.010436100000002, ""loss_percent"": 0.0, ""offered_bps"": 127989.8620529402, ""rtt_p95_ms"": 37.514157}}"
1785749492.381467,fair-base8-w3-r03-u1-075-u2-015,3,0.75,0.15,LIGHT_85,0.85,0,7.969504476876221,7.969504476876221,1.0,0.0,1.0,5.4768067596172845,6.723155618246753,1.246348858629468,1.0,0.0,13.396651093959736,87.762309,0,"{""ue1"": {""delivered_bps"": 6723155.618246753, ""delivery_ratio"": 1.0, ""offered_bps"": 6723155.618246753}, ""ue2"": {""delivered_bps"": 1246348.858629468, ""delivery_ratio"": 1.0, ""offered_bps"": 1246348.858629468}, ""ue3"": {""delivered_bps"": 127991.31963412651, ""delivery_ratio"": 1.0, ""jitter_ms"": 13.396651093959736, ""loss_percent"": 0.0, ""offered_bps"": 127991.31963412651, ""rtt_p95_ms"": 87.762309}}"
1785749493.553858,fair-base8-w3-r03-u1-075-u2-015,3,0.75,0.15,LIGHT_85,0.85,1,8.147220489023177,8.147220489023177,1.0,0.0,1.0,6.132779510976822,7.139999999999999,1.0072204890231773,1.0,0.0,13.54965293959732,87.762309,0,"{""ue1"": {""delivered_bps"": 7139999.999999999, ""delivery_ratio"": 1.0, ""offered_bps"": 7139999.999999999}, ""ue2"": {""delivered_bps"": 1007220.4890231773, ""delivery_ratio"": 1.0, ""offered_bps"": 1007220.4890231773}, ""ue3"": {""delivered_bps"": 127991.143139155, ""delivery_ratio"": 1.0, ""jitter_ms"": 13.54965293959732, ""loss_percent"": 0.0, ""offered_bps"": 127991.143139155, ""rtt_p95_ms"": 87.762309}}"
1785749494.7417293,fair-base8-w3-r03-u1-075-u2-015,3,0.75,0.15,LIGHT_85,0.85,2,8.568,8.568,1.0,0.0,1.0,5.711999999999999,7.139999999999999,1.428,1.0,0.0,12.129927613333336,59.093337,1,"{""ue1"": {""delivered_bps"": 7139999.999999999, ""delivery_ratio"": 1.0, ""offered_bps"": 7139999.999999999}, ""ue2"": {""delivered_bps"": 1428000.0, ""delivery_ratio"": 1.0, ""offered_bps"": 1428000.0}, ""ue3"": {""delivered_bps"": 130549.42601629236, ""delivery_ratio"": 1.0, ""jitter_ms"": 12.129927613333336, ""loss_percent"": 0.0, ""offered_bps"": 127989.63334930623, ""rtt_p95_ms"": 59.093337}}"
1785749500.4743402,fair-base8-w3-r03-u1-075-u2-015,3,0.75,0.15,MEDIUM_70,0.7,0,6.563249268932061,6.563249268932061,1.0,0.0,1.0,4.510439384130584,5.536844326531322,1.0264049424007384,1.0,0.0,11.951188567567566,40.123215,1,"{""ue1"": {""delivered_bps"": 5536844.326531323, ""delivery_ratio"": 1.0, ""offered_bps"": 5536844.326531323}, ""ue2"": {""delivered_bps"": 1026404.9424007385, ""delivery_ratio"": 1.0, ""offered_bps"": 1026404.9424007385}, ""ue3"": {""delivered_bps"": 125431.06654597215, ""delivery_ratio"": 1.0, ""jitter_ms"": 11.951188567567566, ""loss_percent"": 0.0, ""offered_bps"": 127990.88423058383, ""rtt_p95_ms"": 40.123215}}"
1785749501.6797364,fair-base8-w3-r03-u1-075-u2-015,3,0.75,0.15,MEDIUM_70,0.7,1,6.709475696842616,6.709475696842616,1.0,0.0,1.0,5.050524303157383,5.879999999999999,0.8294756968426166,1.0,0.0,11.837436577181203,45.405287,1,"{""ue1"": {""delivered_bps"": 5879999.999999999, ""delivery_ratio"": 1.0, ""offered_bps"": 5879999.999999999}, ""ue2"": {""delivered_bps"": 829475.6968426165, ""delivery_ratio"": 1.0, ""offered_bps"": 829475.6968426165}, ""ue3"": {""delivered_bps"": 130550.58874308853, ""delivery_ratio"": 1.0, ""jitter_ms"": 11.837436577181203, ""loss_percent"": 0.0, ""offered_bps"": 127990.77327753778, ""rtt_p95_ms"": 45.405287}}"
1785749502.8592267,fair-base8-w3-r03-u1-075-u2-015,3,0.75,0.15,MEDIUM_70,0.7,2,7.055999999999999,7.055999999999999,1.0,0.0,1.0,4.703999999999999,5.879999999999999,1.176,1.0,0.0,11.570070335570469,45.405287,1,"{""ue1"": {""delivered_bps"": 5879999.999999999, ""delivery_ratio"": 1.0, ""offered_bps"": 5879999.999999999}, ""ue2"": {""delivered_bps"": 1176000.0, ""delivery_ratio"": 1.0, ""offered_bps"": 1176000.0}, ""ue3"": {""delivered_bps"": 127990.35720160362, ""delivery_ratio"": 1.0, ""jitter_ms"": 11.570070335570469, ""loss_percent"": 0.0, ""offered_bps"": 127990.35720160362, ""rtt_p95_ms"": 45.405287}}"
1785749508.6315176,fair-base8-w3-r03-u1-075-u2-040,3,0.75,0.4,MEDIUM_70,0.7,0,8.273811514565534,8.273811514565534,1.0,0.0,1.0,2.7996518217615964,5.536731668163565,2.7370798464019686,1.0,0.0,12.437408436241604,80.770868,0,"{""ue1"": {""delivered_bps"": 5536731.668163565, ""delivery_ratio"": 1.0, ""offered_bps"": 5536731.668163565}, ""ue2"": {""delivered_bps"": 2737079.8464019685, ""delivery_ratio"": 1.0, ""offered_bps"": 2737079.8464019685}, ""ue3"": {""delivered_bps"": 127990.32700150773, ""delivery_ratio"": 1.0, ""jitter_ms"": 12.437408436241604, ""loss_percent"": 0.0, ""offered_bps"": 127990.32700150773, ""rtt_p95_ms"": 80.770868}}"
1785749509.785819,fair-base8-w3-r03-u1-075-u2-040,3,0.75,0.4,MEDIUM_70,0.7,1,8.09193519158031,8.09193519158031,1.0,0.0,1.0,3.6680648084196883,5.879999999999999,2.2119351915803107,1.0,0.0,12.530744373333333,78.453335,0,"{""ue1"": {""delivered_bps"": 5879999.999999999, ""delivery_ratio"": 1.0, ""offered_bps"": 5879999.999999999}, ""ue2"": {""delivered_bps"": 2211935.191580311, ""delivery_ratio"": 1.0, ""offered_bps"": 2211935.191580311}, ""ue3"": {""delivered_bps"": 130549.596637718, ""delivery_ratio"": 1.0, ""jitter_ms"": 12.530744373333333, ""loss_percent"": 0.0, ""offered_bps"": 127989.80062521373, ""rtt_p95_ms"": 78.453335}}"
1785749510.9680567,fair-base8-w3-r03-u1-075-u2-040,3,0.75,0.4,MEDIUM_70,0.7,2,9.015999999999998,9.015999999999998,1.0,0.0,1.0,2.7439999999999993,5.879999999999999,3.1359999999999997,0.98,2.0,12.266317724137929,78.453335,0,"{""ue1"": {""delivered_bps"": 5879999.999999999, ""delivery_ratio"": 1.0, ""offered_bps"": 5879999.999999999}, ""ue2"": {""delivered_bps"": 3135999.9999999995, ""delivery_ratio"": 1.0, ""offered_bps"": 3135999.9999999995}, ""ue3"": {""delivered_bps"": 115190.93527601373, ""delivery_ratio"": 0.98, ""jitter_ms"": 12.266317724137929, ""loss_percent"": 2.0, ""offered_bps"": 127989.9280844597, ""rtt_p95_ms"": 78.453335}}"
1785749516.4847944,fair-base8-w3-r03-u1-075-u2-040,3,0.75,0.4,LIGHT_85,0.85,0,10.04672096450457,10.04672096450457,1.0,0.0,1.0,3.399527051814074,6.7231240081593215,3.323596956345248,1.0,0.0,12.533591526666669,85.122372,0,"{""ue1"": {""delivered_bps"": 6723124.008159322, ""delivery_ratio"": 1.0, ""offered_bps"": 6723124.008159322}, ""ue2"": {""delivered_bps"": 3323596.956345248, ""delivery_ratio"": 1.0, ""offered_bps"": 3323596.956345248}, ""ue3"": {""delivered_bps"": 127988.67210422801, ""delivery_ratio"": 1.0, ""jitter_ms"": 12.533591526666669, ""loss_percent"": 0.0, ""offered_bps"": 127988.67210422801, ""rtt_p95_ms"": 85.122372}}"
1785749517.6355193,fair-base8-w3-r03-u1-075-u2-040,3,0.75,0.4,LIGHT_85,0.85,1,10.948,10.948,1.0,0.0,1.0,3.331999999999999,7.139999999999999,3.808,1.0,0.0,11.148316898648655,52.303481,1,"{""ue1"": {""delivered_bps"": 7139999.999999999, ""delivery_ratio"": 1.0, ""offered_bps"": 7139999.999999999}, ""ue2"": {""delivered_bps"": 3808000.0, ""delivery_ratio"": 1.0, ""offered_bps"": 3808000.0}, ""ue3"": {""delivered_bps"": 127988.12654495866, ""delivery_ratio"": 1.0, ""jitter_ms"": 11.148316898648655, ""loss_percent"": 0.0, ""offered_bps"": 127988.12654495866, ""rtt_p95_ms"": 52.303481}}"
1785749518.7884405,fair-base8-w3-r03-u1-075-u2-040,3,0.75,0.4,LIGHT_85,0.85,2,9.825921304061806,9.825921304061806,1.0,0.0,1.0,4.454078695938192,7.139999999999999,2.6859213040618064,0.98,2.0,10.538583586206897,45.359226,1,"{""ue1"": {""delivered_bps"": 7139999.999999999, ""delivery_ratio"": 1.0, ""offered_bps"": 7139999.999999999}, ""ue2"": {""delivered_bps"": 2685921.3040618063, ""delivery_ratio"": 1.0, ""offered_bps"": 2685921.3040618063}, ""ue3"": {""delivered_bps"": 117748.14499496529, ""delivery_ratio"": 0.98, ""jitter_ms"": 10.538583586206897, ""loss_percent"": 2.0, ""offered_bps"": 127987.11412496227, ""rtt_p95_ms"": 45.359226}}"
1785749524.4231095,fair-base8-w3-r03-u1-075-u2-040,3,0.75,0.4,EQUAL_100,1.0,0,11.819774402992024,11.819774402992024,1.0,0.0,1.0,3.999546270414971,7.909660336703498,3.910114066288527,1.0,0.0,9.151664445945944,46.775087,1,"{""ue1"": {""delivered_bps"": 7909660.336703498, ""delivery_ratio"": 1.0, ""offered_bps"": 7909660.336703498}, ""ue2"": {""delivered_bps"": 3910114.066288527, ""delivery_ratio"": 1.0, ""offered_bps"": 3910114.066288527}, ""ue3"": {""delivered_bps"": 125430.41335644023, ""delivery_ratio"": 1.0, ""jitter_ms"": 9.151664445945944, ""loss_percent"": 0.0, ""offered_bps"": 127990.21771065329, ""rtt_p95_ms"": 46.775087}}"
1785749525.667397,fair-base8-w3-r03-u1-075-u2-040,3,0.75,0.4,EQUAL_100,1.0,1,12.879999999999999,12.879999999999999,1.0,0.0,1.0,3.919999999999998,8.399999999999999,4.48,1.0,0.0,10.690263932885907,58.642077,1,"{""ue1"": {""delivered_bps"": 8399999.999999998, ""delivery_ratio"": 1.0, ""offered_bps"": 8399999.999999998}, ""ue2"": {""delivered_bps"": 4480000.0, ""delivery_ratio"": 1.0, ""offered_bps"": 4480000.0}, ""ue3"": {""delivered_bps"": 127990.45280801991, ""delivery_ratio"": 1.0, ""jitter_ms"": 10.690263932885907, ""loss_percent"": 0.0, ""offered_bps"": 127990.45280801991, ""rtt_p95_ms"": 58.642077}}"
1785749526.8394027,fair-base8-w3-r03-u1-075-u2-040,3,0.75,0.4,EQUAL_100,1.0,2,12.879999999999999,12.879999999999999,1.0,0.0,1.0,3.919999999999998,8.399999999999999,4.48,1.0,0.0,12.724337128378384,101.505377,0,"{""ue1"": {""delivered_bps"": 8399999.999999998, ""delivery_ratio"": 1.0, ""offered_bps"": 8399999.999999998}, ""ue2"": {""delivered_bps"": 4480000.0, ""delivery_ratio"": 1.0, ""offered_bps"": 4480000.0}, ""ue3"": {""delivered_bps"": 127989.34680233483, ""delivery_ratio"": 1.0, ""jitter_ms"": 12.724337128378384, ""loss_percent"": 0.0, ""offered_bps"": 127989.34680233483, ""rtt_p95_ms"": 101.505377}}"
1785749532.6384025,fair-base8-w3-r03-u1-075-u2-040,3,0.75,0.4,STRONG_40,0.4,0,4.727927283992961,4.727927283992961,1.0,0.0,1.0,1.5998360309621384,3.1638816574775497,1.5640456265154112,1.0,0.0,11.313078073825508,43.54996,1,"{""ue1"": {""delivered_bps"": 3163881.6574775497, ""delivery_ratio"": 1.0, ""offered_bps"": 3163881.6574775497}, ""ue2"": {""delivered_bps"": 1564045.6265154113, ""delivery_ratio"": 1.0, ""offered_bps"": 1564045.6265154113}, ""ue3"": {""delivered_bps"": 127988.86663454933, ""delivery_ratio"": 1.0, ""jitter_ms"": 11.313078073825508, ""loss_percent"": 0.0, ""offered_bps"": 127988.86663454933, ""rtt_p95_ms"": 43.54996}}"
1785749533.8177378,fair-base8-w3-r03-u1-075-u2-040,3,0.75,0.4,STRONG_40,0.4,1,4.623962966617322,4.623962966617322,1.0,0.0,1.0,2.0960370333826797,3.3600000000000003,1.2639629666173207,1.0,0.0,10.773387214765101,38.926526,1,"{""ue1"": {""delivered_bps"": 3360000.0000000005, ""delivery_ratio"": 1.0, ""offered_bps"": 3360000.0000000005}, ""ue2"": {""delivered_bps"": 1263962.9666173207, ""delivery_ratio"": 1.0, ""offered_bps"": 1263962.9666173207}, ""ue3"": {""delivered_bps"": 130549.3924695359, ""delivery_ratio"": 1.0, ""jitter_ms"": 10.773387214765101, ""loss_percent"": 0.0, ""offered_bps"": 127989.60046032931, ""rtt_p95_ms"": 38.926526}}"
1785749535.0679524,fair-base8-w3-r03-u1-075-u2-040,3,0.75,0.4,STRONG_40,0.4,2,5.152000000000001,5.152000000000001,1.0,0.0,1.0,1.5680000000000003,3.3600000000000003,1.7920000000000003,1.0,0.0,10.879257348993288,39.060831,1,"{""ue1"": {""delivered_bps"": 3360000.0000000005, ""delivery_ratio"": 1.0, ""offered_bps"": 3360000.0000000005}, ""ue2"": {""delivered_bps"": 1792000.0000000002, ""delivery_ratio"": 1.0, ""offered_bps"": 1792000.0000000002}, ""ue3"": {""delivered_bps"": 125430.54718118686, ""delivery_ratio"": 1.0, ""jitter_ms"": 10.879257348993288, ""loss_percent"": 0.0, ""offered_bps"": 127990.35426651721, ""rtt_p95_ms"": 39.060831}}"
1785749540.885858,fair-base8-w3-r03-u1-040-u2-055,3,0.4,0.55,LIGHT_85,0.85,0,8.15566791629703,8.15566791629703,1.0,0.0,1.0,0.9842237136524036,3.5857221013223133,4.569945814974717,1.0,0.0,10.421196832214765,39.073525,1,"{""ue1"": {""delivered_bps"": 3585722.1013223133, ""delivery_ratio"": 1.0, ""offered_bps"": 3585722.1013223133}, ""ue2"": {""delivered_bps"": 4569945.814974717, ""delivery_ratio"": 1.0, ""offered_bps"": 4569945.814974717}, ""ue3"": {""delivered_bps"": 130548.5853542099, ""delivery_ratio"": 1.0, ""jitter_ms"": 10.421196832214765, ""loss_percent"": 0.0, ""offered_bps"": 127988.80917079403, ""rtt_p95_ms"": 39.073525}}"
1785749542.1011887,fair-base8-w3-r03-u1-040-u2-055,3,0.4,0.55,LIGHT_85,0.85,1,9.044,9.044,1.0,0.0,1.0,1.428,3.808,5.236,1.0,0.0,10.970002913333333,39.274709,1,"{""ue1"": {""delivered_bps"": 3808000.0, ""delivery_ratio"": 1.0, ""offered_bps"": 3808000.0}, ""ue2"": {""delivered_bps"": 5236000.0, ""delivery_ratio"": 1.0, ""offered_bps"": 5236000.0}, ""ue3"": {""delivered_bps"": 127990.43860188372, ""delivery_ratio"": 1.0, ""jitter_ms"": 10.970002913333333, ""loss_percent"": 0.0, ""offered_bps"": 127990.43860188372, ""rtt_p95_ms"": 39.274709}}"
1785749543.3082771,fair-base8-w3-r03-u1-040-u2-055,3,0.4,0.55,LIGHT_85,0.85,2,9.044,9.044,1.0,0.0,1.0,1.428,3.808,5.236,1.0,0.0,10.601940804054053,39.166011,1,"{""ue1"": {""delivered_bps"": 3808000.0, ""delivery_ratio"": 1.0, ""offered_bps"": 3808000.0}, ""ue2"": {""delivered_bps"": 5236000.0, ""delivery_ratio"": 1.0, ""offered_bps"": 5236000.0}, ""ue3"": {""delivered_bps"": 125431.1203508942, ""delivery_ratio"": 1.0, ""jitter_ms"": 10.601940804054053, ""loss_percent"": 0.0, ""offered_bps"": 127990.93913356551, ""rtt_p95_ms"": 39.166011}}"
1785749549.1256826,fair-base8-w3-r03-u1-040-u2-055,3,0.4,0.55,STRONG_40,0.4,0,3.8379329081008535,3.8379329081008535,1.0,0.0,1.0,0.4631925648165273,1.687370171642163,2.1505627364586903,1.0,0.0,12.805061577181204,72.970478,0,"{""ue1"": {""delivered_bps"": 1687370.171642163, ""delivery_ratio"": 1.0, ""offered_bps"": 1687370.171642163}, ""ue2"": {""delivered_bps"": 2150562.7364586904, ""delivery_ratio"": 1.0, ""offered_bps"": 2150562.7364586904}, ""ue3"": {""delivered_bps"": 130548.796692651, ""delivery_ratio"": 1.0, ""jitter_ms"": 12.805061577181204, ""loss_percent"": 0.0, ""offered_bps"": 127989.01636534413, ""rtt_p95_ms"": 72.970478}}"
1785749550.3227818,fair-base8-w3-r03-u1-040-u2-055,3,0.4,0.55,STRONG_40,0.4,1,3.529949079098816,3.529949079098816,1.0,0.0,1.0,0.054050920901184435,1.7920000000000003,1.737949079098816,1.0,0.0,12.436618100671136,72.970478,0,"{""ue1"": {""delivered_bps"": 1792000.0000000002, ""delivery_ratio"": 1.0, ""offered_bps"": 1792000.0000000002}, ""ue2"": {""delivered_bps"": 1737949.0790988158, ""delivery_ratio"": 1.0, ""offered_bps"": 1737949.0790988158}, ""ue3"": {""delivered_bps"": 127988.57445937733, ""delivery_ratio"": 1.0, ""jitter_ms"": 12.436618100671136, ""loss_percent"": 0.0, ""offered_bps"": 127988.57445937733, ""rtt_p95_ms"": 72.970478}}"
1785749551.5336637,fair-base8-w3-r03-u1-040-u2-055,3,0.4,0.55,STRONG_40,0.4,2,4.256,4.256,1.0,0.0,1.0,0.6719999999999998,1.7920000000000003,2.464,1.0,0.0,12.138828099999998,72.970478,0,"{""ue1"": {""delivered_bps"": 1792000.0000000002, ""delivery_ratio"": 1.0, ""offered_bps"": 1792000.0000000002}, ""ue2"": {""delivered_bps"": 2464000.0, ""delivery_ratio"": 1.0, ""offered_bps"": 2464000.0}, ""ue3"": {""delivered_bps"": 127989.34552849762, ""delivery_ratio"": 1.0, ""jitter_ms"": 12.138828099999998, ""loss_percent"": 0.0, ""offered_bps"": 127989.34552849762, ""rtt_p95_ms"": 72.970478}}"
1785749557.3954155,fair-base8-w3-r03-u1-040-u2-055,3,0.4,0.55,EQUAL_100,1.0,0,9.594816842839402,9.594816842839402,1.0,0.0,1.0,1.15799683945405,4.218410001692675,5.376406841146725,1.0,0.0,9.532094389261744,39.776193,1,"{""ue1"": {""delivered_bps"": 4218410.001692675, ""delivery_ratio"": 1.0, ""offered_bps"": 4218410.001692675}, ""ue2"": {""delivered_bps"": 5376406.841146725, ""delivery_ratio"": 1.0, ""offered_bps"": 5376406.841146725}, ""ue3"": {""delivered_bps"": 130549.95039650763, ""delivery_ratio"": 1.0, ""jitter_ms"": 9.532094389261744, ""loss_percent"": 0.0, ""offered_bps"": 127990.1474475565, ""rtt_p95_ms"": 39.776193}}"
1785749558.6066046,fair-base8-w3-r03-u1-040-u2-055,3,0.4,0.55,EQUAL_100,1.0,1,8.82487269774704,8.82487269774704,1.0,0.0,1.0,0.13512730225296038,4.48,4.344872697747039,1.0,0.0,9.846680539999998,38.713275,1,"{""ue1"": {""delivered_bps"": 4480000.0, ""delivery_ratio"": 1.0, ""offered_bps"": 4480000.0}, ""ue2"": {""delivered_bps"": 4344872.69774704, ""delivery_ratio"": 1.0, ""offered_bps"": 4344872.69774704}, ""ue3"": {""delivered_bps"": 127990.31330941172, ""delivery_ratio"": 1.0, ""jitter_ms"": 9.846680539999998, ""loss_percent"": 0.0, ""offered_bps"": 127990.31330941172, ""rtt_p95_ms"": 38.713275}}"
1785749559.8606114,fair-base8-w3-r03-u1-040-u2-055,3,0.4,0.55,EQUAL_100,1.0,2,10.64,10.64,1.0,0.0,1.0,1.68,4.48,6.16,1.0,0.0,9.566994873333334,35.042168,1,"{""ue1"": {""delivered_bps"": 4480000.0, ""delivery_ratio"": 1.0, ""offered_bps"": 4480000.0}, ""ue2"": {""delivered_bps"": 6160000.0, ""delivery_ratio"": 1.0, ""offered_bps"": 6160000.0}, ""ue3"": {""delivered_bps"": 127989.01227567747, ""delivery_ratio"": 1.0, ""jitter_ms"": 9.566994873333334, ""loss_percent"": 0.0, ""offered_bps"": 127989.01227567747, ""rtt_p95_ms"": 35.042168}}"
1785749565.6032262,fair-base8-w3-r03-u1-040-u2-055,3,0.4,0.55,MEDIUM_70,0.7,0,6.716391250448976,6.716391250448976,1.0,0.0,1.0,0.8105783271564394,2.9529064616462684,3.7634847888027076,1.0,0.0,10.920691080536912,40.726646,1,"{""ue1"": {""delivered_bps"": 2952906.461646268, ""delivery_ratio"": 1.0, ""offered_bps"": 2952906.461646268}, ""ue2"": {""delivered_bps"": 3763484.7888027076, ""delivery_ratio"": 1.0, ""offered_bps"": 3763484.7888027076}, ""ue3"": {""delivered_bps"": 127990.679719254, ""delivery_ratio"": 1.0, ""jitter_ms"": 10.920691080536912, ""loss_percent"": 0.0, ""offered_bps"": 127990.679719254, ""rtt_p95_ms"": 40.726646}}"
1785749566.837425,fair-base8-w3-r03-u1-040-u2-055,3,0.4,0.55,MEDIUM_70,0.7,1,7.447999999999998,7.447999999999998,1.0,0.0,1.0,1.1759999999999995,3.1359999999999997,4.311999999999999,1.0,0.0,10.623510331081077,39.489575,1,"{""ue1"": {""delivered_bps"": 3135999.9999999995, ""delivery_ratio"": 1.0, ""offered_bps"": 3135999.9999999995}, ""ue2"": {""delivered_bps"": 4311999.999999999, ""delivery_ratio"": 1.0, ""offered_bps"": 4311999.999999999}, ""ue3"": {""delivered_bps"": 127991.14813780294, ""delivery_ratio"": 1.0, ""jitter_ms"": 10.623510331081077, ""loss_percent"": 0.0, ""offered_bps"": 127991.14813780294, ""rtt_p95_ms"": 39.489575}}"
1785749568.1200266,fair-base8-w3-r03-u1-040-u2-055,3,0.4,0.55,MEDIUM_70,0.7,2,7.447999999999998,7.447999999999998,1.0,0.0,1.0,1.1759999999999995,3.1359999999999997,4.311999999999999,0.9866666666666667,1.3333333333333333,10.827001849315069,56.33307,1,"{""ue1"": {""delivered_bps"": 3135999.9999999995, ""delivery_ratio"": 1.0, ""offered_bps"": 3135999.9999999995}, ""ue2"": {""delivered_bps"": 4311999.999999999, ""delivery_ratio"": 1.0, ""offered_bps"": 4311999.999999999}, ""ue3"": {""delivered_bps"": 117751.728645729, ""delivery_ratio"": 0.9866666666666667, ""jitter_ms"": 10.827001849315069, ""loss_percent"": 1.3333333333333333, ""offered_bps"": 127991.00939753152, ""rtt_p95_ms"": 56.33307}}"
1785749574.0606906,fair-base8-w3-r03-u1-040-u2-075,3,0.4,0.75,EQUAL_100,1.0,0,11.549956860680867,11.549956860680867,1.0,0.0,1.0,3.1129708879011107,4.218492986389879,7.331463874290989,1.0,0.0,9.457043221476505,35.726453,1,"{""ue1"": {""delivered_bps"": 4218492.986389878, ""delivery_ratio"": 1.0, ""offered_bps"": 4218492.986389878}, ""ue2"": {""delivered_bps"": 7331463.874290989, ""delivery_ratio"": 1.0, ""offered_bps"": 7331463.874290989}, ""ue3"": {""delivered_bps"": 127990.49555308845, ""delivery_ratio"": 1.0, ""jitter_ms"": 9.457043221476505, ""loss_percent"": 0.0, ""offered_bps"": 127990.49555308845, ""rtt_p95_ms"": 35.726453}}"
1785749575.3531835,fair-base8-w3-r03-u1-040-u2-075,3,0.4,0.75,EQUAL_100,1.0,1,12.879999999999999,12.879999999999999,1.0,0.0,1.0,3.919999999999998,4.48,8.399999999999999,1.0,0.0,9.866788959731554,39.275024,1,"{""ue1"": {""delivered_bps"": 4480000.0, ""delivery_ratio"": 1.0, ""offered_bps"": 4480000.0}, ""ue2"": {""delivered_bps"": 8399999.999999998, ""delivery_ratio"": 1.0, ""offered_bps"": 8399999.999999998}, ""ue3"": {""delivered_bps"": 127989.44189323636, ""delivery_ratio"": 1.0, ""jitter_ms"": 9.866788959731554, ""loss_percent"": 0.0, ""offered_bps"": 127989.44189323636, ""rtt_p95_ms"": 39.275024}}"
1785749576.5640721,fair-base8-w3-r03-u1-040-u2-075,3,0.4,0.75,EQUAL_100,1.0,2,12.879999999999999,12.879999999999999,1.0,0.0,1.0,3.919999999999998,4.48,8.399999999999999,1.0,0.0,9.753906328859065,40.555558,1,"{""ue1"": {""delivered_bps"": 4480000.0, ""delivery_ratio"": 1.0, ""offered_bps"": 4480000.0}, ""ue2"": {""delivered_bps"": 8399999.999999998, ""delivery_ratio"": 1.0, ""offered_bps"": 8399999.999999998}, ""ue3"": {""delivered_bps"": 127989.30009498724, ""delivery_ratio"": 1.0, ""jitter_ms"": 9.753906328859065, ""loss_percent"": 0.0, ""offered_bps"": 127989.30009498724, ""rtt_p95_ms"": 40.555558}}"
1785749582.4380093,fair-base8-w3-r03-u1-040-u2-075,3,0.4,0.75,LIGHT_85,0.85,0,9.817420423699637,9.817420423699637,1.0,0.0,1.0,2.6460681625950406,3.585676130552299,6.231744293147339,1.0,0.0,13.570630746666666,120.347533,0,"{""ue1"": {""delivered_bps"": 3585676.130552299, ""delivery_ratio"": 1.0, ""offered_bps"": 3585676.130552299}, ""ue2"": {""delivered_bps"": 6231744.2931473395, ""delivery_ratio"": 1.0, ""offered_bps"": 6231744.2931473395}, ""ue3"": {""delivered_bps"": 130549.40304645023, ""delivery_ratio"": 1.0, ""jitter_ms"": 13.570630746666666, ""loss_percent"": 0.0, ""offered_bps"": 127989.61082985316, ""rtt_p95_ms"": 120.347533}}"
1785749583.6044583,fair-base8-w3-r03-u1-040-u2-075,3,0.4,0.75,LIGHT_85,0.85,1,10.948,10.948,1.0,0.0,1.0,3.331999999999999,3.808,7.139999999999999,1.0,0.0,13.175061519999996,120.291947,0,"{""ue1"": {""delivered_bps"": 3808000.0, ""delivery_ratio"": 1.0, ""offered_bps"": 3808000.0}, ""ue2"": {""delivered_bps"": 7139999.999999999, ""delivery_ratio"": 1.0, ""offered_bps"": 7139999.999999999}, ""ue3"": {""delivered_bps"": 127989.74059803082, ""delivery_ratio"": 1.0, ""jitter_ms"": 13.175061519999996, ""loss_percent"": 0.0, ""offered_bps"": 127989.74059803082, ""rtt_p95_ms"": 120.291947}}"
1785749584.7609434,fair-base8-w3-r03-u1-040-u2-075,3,0.4,0.75,LIGHT_85,0.85,2,8.844102445115887,8.844102445115887,1.0,0.0,1.0,1.2281024451158857,3.808,5.036102445115886,1.0,0.0,11.913286199999991,101.38794,0,"{""ue1"": {""delivered_bps"": 3808000.0, ""delivery_ratio"": 1.0, ""offered_bps"": 3808000.0}, ""ue2"": {""delivered_bps"": 5036102.445115886, ""delivery_ratio"": 1.0, ""offered_bps"": 5036102.445115886}, ""ue3"": {""delivered_bps"": 127990.30536829536, ""delivery_ratio"": 1.0, ""jitter_ms"": 11.913286199999991, ""loss_percent"": 0.0, ""offered_bps"": 127990.30536829536, ""rtt_p95_ms"": 101.38794}}"
1785749590.284795,fair-base8-w3-r03-u1-040-u2-075,3,0.4,0.75,STRONG_40,0.4,0,4.619979176343716,4.619979176343716,1.0,0.0,1.0,1.245191923089075,1.6873936266273208,2.932585549716396,1.0,0.0,9.487961493333334,34.347529,1,"{""ue1"": {""delivered_bps"": 1687393.626627321, ""delivery_ratio"": 1.0, ""offered_bps"": 1687393.626627321}, ""ue2"": {""delivered_bps"": 2932585.549716396, ""delivery_ratio"": 1.0, ""offered_bps"": 2932585.549716396}, ""ue3"": {""delivered_bps"": 130552.55236852482, ""delivery_ratio"": 1.0, ""jitter_ms"": 9.487961493333334, ""loss_percent"": 0.0, ""offered_bps"": 127992.69840051452, ""rtt_p95_ms"": 34.347529}}"
1785749591.4763017,fair-base8-w3-r03-u1-040-u2-075,3,0.4,0.75,STRONG_40,0.4,1,5.152000000000001,5.152000000000001,1.0,0.0,1.0,1.5680000000000003,1.7920000000000003,3.3600000000000003,1.0,0.0,9.74425167567568,39.567009,1,"{""ue1"": {""delivered_bps"": 1792000.0000000002, ""delivery_ratio"": 1.0, ""offered_bps"": 1792000.0000000002}, ""ue2"": {""delivered_bps"": 3360000.0000000005, ""delivery_ratio"": 1.0, ""offered_bps"": 3360000.0000000005}, ""ue3"": {""delivered_bps"": 125429.51973625699, ""delivery_ratio"": 1.0, ""jitter_ms"": 9.74425167567568, ""loss_percent"": 0.0, ""offered_bps"": 127989.30585332346, ""rtt_p95_ms"": 39.567009}}"
1785749592.627577,fair-base8-w3-r03-u1-040-u2-075,3,0.4,0.75,STRONG_40,0.4,2,5.152000000000001,5.152000000000001,1.0,0.0,1.0,1.5680000000000003,1.7920000000000003,3.3600000000000003,1.0,0.0,10.273975684563762,44.291064,1,"{""ue1"": {""delivered_bps"": 1792000.0000000002, ""delivery_ratio"": 1.0, ""offered_bps"": 1792000.0000000002}, ""ue2"": {""delivered_bps"": 3360000.0000000005, ""delivery_ratio"": 1.0, ""offered_bps"": 3360000.0000000005}, ""ue3"": {""delivered_bps"": 127990.57323625228, ""delivery_ratio"": 1.0, ""jitter_ms"": 10.273975684563762, ""loss_percent"": 0.0, ""offered_bps"": 127990.57323625228, ""rtt_p95_ms"": 44.291064}}"
1785749598.1166058,fair-base8-w3-r03-u1-040-u2-075,3,0.4,0.75,MEDIUM_70,0.7,0,8.08492316860999,8.08492316860999,1.0,0.0,1.0,2.1791262553973927,2.9528984566062983,5.132024712003691,1.0,0.0,11.173945046666667,56.739089,1,"{""ue1"": {""delivered_bps"": 2952898.456606298, ""delivery_ratio"": 1.0, ""offered_bps"": 2952898.456606298}, ""ue2"": {""delivered_bps"": 5132024.712003691, ""delivery_ratio"": 1.0, ""offered_bps"": 5132024.712003691}, ""ue3"": {""delivered_bps"": 127990.7709681908, ""delivery_ratio"": 1.0, ""jitter_ms"": 11.173945046666667, ""loss_percent"": 0.0, ""offered_bps"": 127990.7709681908, ""rtt_p95_ms"": 56.739089}}"
1785749599.2706447,fair-base8-w3-r03-u1-040-u2-075,3,0.4,0.75,MEDIUM_70,0.7,1,9.015999999999998,9.015999999999998,1.0,0.0,1.0,2.7439999999999993,3.1359999999999997,5.879999999999999,0.9933774834437086,0.6622516556291391,10.511704047297298,61.869609,0,"{""ue1"": {""delivered_bps"": 3135999.9999999995, ""delivery_ratio"": 1.0, ""offered_bps"": 3135999.9999999995}, ""ue2"": {""delivered_bps"": 5879999.999999999, ""delivery_ratio"": 1.0, ""offered_bps"": 5879999.999999999}, ""ue3"": {""delivered_bps"": 125432.27412350387, ""delivery_ratio"": 0.9933774834437086, ""jitter_ms"": 10.511704047297298, ""loss_percent"": 0.6622516556291391, ""offered_bps"": 127992.11645255497, ""rtt_p95_ms"": 61.869609}}"
1785749600.4432862,fair-base8-w3-r03-u1-040-u2-075,3,0.4,0.75,MEDIUM_70,0.7,2,9.015999999999998,9.015999999999998,1.0,0.0,1.0,2.7439999999999993,3.1359999999999997,5.879999999999999,1.0,0.0,11.887735939597313,80.515091,0,"{""ue1"": {""delivered_bps"": 3135999.9999999995, ""delivery_ratio"": 1.0, ""offered_bps"": 3135999.9999999995}, ""ue2"": {""delivered_bps"": 5879999.999999999, ""delivery_ratio"": 1.0, ""offered_bps"": 5879999.999999999}, ""ue3"": {""delivered_bps"": 130550.20795313892, ""delivery_ratio"": 1.0, ""jitter_ms"": 11.887735939597313, ""loss_percent"": 0.0, ""offered_bps"": 127990.39995405776, ""rtt_p95_ms"": 80.515091}}"
1785749606.091211,fair-base8-w3-r03-u1-055-u2-040,3,0.55,0.4,MEDIUM_70,0.7,0,6.7973171459010295,6.7973171459010295,1.0,0.0,1.0,1.3231574530970924,4.060237299499061,2.7370798464019686,1.0,0.0,10.671863845637588,38.406472,1,"{""ue1"": {""delivered_bps"": 4060237.299499061, ""delivery_ratio"": 1.0, ""offered_bps"": 4060237.299499061}, ""ue2"": {""delivered_bps"": 2737079.8464019685, ""delivery_ratio"": 1.0, ""offered_bps"": 2737079.8464019685}, ""ue3"": {""delivered_bps"": 127989.91926436109, ""delivery_ratio"": 1.0, ""jitter_ms"": 10.671863845637588, ""loss_percent"": 0.0, ""offered_bps"": 127989.91926436109, ""rtt_p95_ms"": 38.406472}}"
1785749607.3015044,fair-base8-w3-r03-u1-055-u2-040,3,0.55,0.4,MEDIUM_70,0.7,1,6.5239351915803105,6.5239351915803105,1.0,0.0,1.0,2.1000648084196882,4.311999999999999,2.2119351915803107,1.0,0.0,10.635479790540533,37.200771,1,"{""ue1"": {""delivered_bps"": 4311999.999999999, ""delivery_ratio"": 1.0, ""offered_bps"": 4311999.999999999}, ""ue2"": {""delivered_bps"": 2211935.191580311, ""delivery_ratio"": 1.0, ""offered_bps"": 2211935.191580311}, ""ue3"": {""delivered_bps"": 125429.68779781587, ""delivery_ratio"": 1.0, ""jitter_ms"": 10.635479790540533, ""loss_percent"": 0.0, ""offered_bps"": 127989.47734471007, ""rtt_p95_ms"": 37.200771}}"
1785749608.5100951,fair-base8-w3-r03-u1-055-u2-040,3,0.55,0.4,MEDIUM_70,0.7,2,7.447999999999998,7.447999999999998,1.0,0.0,1.0,1.1759999999999995,4.311999999999999,3.1359999999999997,1.0,0.0,13.70744724324325,106.425865,0,"{""ue1"": {""delivered_bps"": 4311999.999999999, ""delivery_ratio"": 1.0, ""offered_bps"": 4311999.999999999}, ""ue2"": {""delivered_bps"": 3135999.9999999995, ""delivery_ratio"": 1.0, ""offered_bps"": 3135999.9999999995}, ""ue3"": {""delivered_bps"": 127991.10756011619, ""delivery_ratio"": 1.0, ""jitter_ms"": 13.70744724324325, ""loss_percent"": 0.0, ""offered_bps"": 127991.10756011619, ""rtt_p95_ms"": 106.425865}}"
1785749614.4279134,fair-base8-w3-r03-u1-055-u2-040,3,0.55,0.4,STRONG_40,0.4,0,3.8841903799918494,3.8841903799918494,1.0,0.0,1.0,0.7560991269610268,2.320144753476438,1.5640456265154112,1.0,0.0,11.837221348993292,55.845189,1,"{""ue1"": {""delivered_bps"": 2320144.753476438, ""delivery_ratio"": 1.0, ""offered_bps"": 2320144.753476438}, ""ue2"": {""delivered_bps"": 1564045.6265154113, ""delivery_ratio"": 1.0, ""offered_bps"": 1564045.6265154113}, ""ue3"": {""delivered_bps"": 127991.59748134582, ""delivery_ratio"": 1.0, ""jitter_ms"": 11.837221348993292, ""loss_percent"": 0.0, ""offered_bps"": 127991.59748134582, ""rtt_p95_ms"": 55.845189}}"
1785749615.6826146,fair-base8-w3-r03-u1-055-u2-040,3,0.55,0.4,STRONG_40,0.4,1,3.7279629666173206,3.7279629666173206,1.0,0.0,1.0,1.2000370333826793,2.464,1.2639629666173207,1.0,0.0,12.109134187919466,55.845189,1,"{""ue1"": {""delivered_bps"": 2464000.0, ""delivery_ratio"": 1.0, ""offered_bps"": 2464000.0}, ""ue2"": {""delivered_bps"": 1263962.9666173207, ""delivery_ratio"": 1.0, ""offered_bps"": 1263962.9666173207}, ""ue3"": {""delivered_bps"": 127991.36454760042, ""delivery_ratio"": 1.0, ""jitter_ms"": 12.109134187919466, ""loss_percent"": 0.0, ""offered_bps"": 127991.36454760042, ""rtt_p95_ms"": 55.845189}}"
1785749616.8930593,fair-base8-w3-r03-u1-055-u2-040,3,0.55,0.4,STRONG_40,0.4,2,4.256,4.256,1.0,0.0,1.0,0.6719999999999998,2.464,1.7920000000000003,1.0,0.0,11.47981118918919,38.152165,1,"{""ue1"": {""delivered_bps"": 2464000.0, ""delivery_ratio"": 1.0, ""offered_bps"": 2464000.0}, ""ue2"": {""delivered_bps"": 1792000.0000000002, ""delivery_ratio"": 1.0, ""offered_bps"": 1792000.0000000002}, ""ue3"": {""delivered_bps"": 125431.42588634105, ""delivery_ratio"": 1.0, ""jitter_ms"": 11.47981118918919, ""loss_percent"": 0.0, ""offered_bps"": 127991.25090442963, ""rtt_p95_ms"": 38.152165}}"
1785749622.7552457,fair-base8-w3-r03-u1-055-u2-040,3,0.55,0.4,LIGHT_85,0.85,0,8.253924350986921,8.253924350986921,1.0,0.0,1.0,1.6067304382964251,4.930327394641673,3.323596956345248,1.0,0.0,12.212674214765103,70.1684,0,"{""ue1"": {""delivered_bps"": 4930327.394641673, ""delivery_ratio"": 1.0, ""offered_bps"": 4930327.394641673}, ""ue2"": {""delivered_bps"": 3323596.956345248, ""delivery_ratio"": 1.0, ""offered_bps"": 3323596.956345248}, ""ue3"": {""delivered_bps"": 138228.87133250703, ""delivery_ratio"": 1.0, ""jitter_ms"": 12.212674214765103, ""loss_percent"": 0.0, ""offered_bps"": 127989.69567824724, ""rtt_p95_ms"": 70.1684}}"
1785749623.9635131,fair-base8-w3-r03-u1-055-u2-040,3,0.55,0.4,LIGHT_85,0.85,1,7.921921304061806,7.921921304061806,1.0,0.0,1.0,2.550078695938194,5.236,2.6859213040618064,1.0,0.0,12.602518101351356,70.1684,0,"{""ue1"": {""delivered_bps"": 5236000.0, ""delivery_ratio"": 1.0, ""offered_bps"": 5236000.0}, ""ue2"": {""delivered_bps"": 2685921.3040618063, ""delivery_ratio"": 1.0, ""offered_bps"": 2685921.3040618063}, ""ue3"": {""delivered_bps"": 127992.02071700917, ""delivery_ratio"": 1.0, ""jitter_ms"": 12.602518101351356, ""loss_percent"": 0.0, ""offered_bps"": 127992.02071700917, ""rtt_p95_ms"": 70.1684}}"
1785749625.2106867,fair-base8-w3-r03-u1-055-u2-040,3,0.55,0.4,LIGHT_85,0.85,2,9.044,9.044,1.0,0.0,1.0,1.428,5.236,3.808,1.0,0.0,12.540250486666672,66.16472,0,"{""ue1"": {""delivered_bps"": 5236000.0, ""delivery_ratio"": 1.0, ""offered_bps"": 5236000.0}, ""ue2"": {""delivered_bps"": 3808000.0, ""delivery_ratio"": 1.0, ""offered_bps"": 3808000.0}, ""ue3"": {""delivered_bps"": 127990.71888126442, ""delivery_ratio"": 1.0, ""jitter_ms"": 12.540250486666672, ""loss_percent"": 0.0, ""offered_bps"": 127990.71888126442, ""rtt_p95_ms"": 66.16472}}"
1785749630.799569,fair-base8-w3-r03-u1-055-u2-040,3,0.55,0.4,EQUAL_100,1.0,0,9.710798174059473,9.710798174059473,1.0,0.0,1.0,1.8905700414824187,5.8006841077709455,3.910114066288527,0.9733333333333334,2.6666666666666665,11.848106222222226,39.070446,0,"{""ue1"": {""delivered_bps"": 5800684.107770946, ""delivery_ratio"": 1.0, ""offered_bps"": 5800684.107770946}, ""ue2"": {""delivered_bps"": 3910114.066288527, ""delivery_ratio"": 1.0, ""offered_bps"": 3910114.066288527}, ""ue3"": {""delivered_bps"": 122871.248496632, ""delivery_ratio"": 0.9733333333333334, ""jitter_ms"": 11.848106222222226, ""loss_percent"": 2.6666666666666665, ""offered_bps"": 127990.88385065834, ""rtt_p95_ms"": 39.070446}}"
1785749631.9953504,fair-base8-w3-r03-u1-055-u2-040,3,0.55,0.4,EQUAL_100,1.0,1,10.64,10.64,1.0,0.0,1.0,1.68,6.16,4.48,0.9933333333333333,0.6666666666666666,12.97685269387755,84.325665,0,"{""ue1"": {""delivered_bps"": 6160000.0, ""delivery_ratio"": 1.0, ""offered_bps"": 6160000.0}, ""ue2"": {""delivered_bps"": 4480000.0, ""delivery_ratio"": 1.0, ""offered_bps"": 4480000.0}, ""ue3"": {""delivered_bps"": 138228.6206002041, ""delivery_ratio"": 0.9933333333333333, ""jitter_ms"": 12.97685269387755, ""loss_percent"": 0.6666666666666666, ""offered_bps"": 127989.46351870749, ""rtt_p95_ms"": 84.325665}}"
1785749633.172825,fair-base8-w3-r03-u1-055-u2-040,3,0.55,0.4,EQUAL_100,1.0,2,10.64,10.64,1.0,0.0,1.0,1.68,6.16,4.48,1.0,0.0,11.545324317880793,84.713465,0,"{""ue1"": {""delivered_bps"": 6160000.0, ""delivery_ratio"": 1.0, ""offered_bps"": 6160000.0}, ""ue2"": {""delivered_bps"": 4480000.0, ""delivery_ratio"": 1.0, ""offered_bps"": 4480000.0}, ""ue3"": {""delivered_bps"": 120309.54690455536, ""delivery_ratio"": 1.0, ""jitter_ms"": 11.545324317880793, ""loss_percent"": 0.0, ""offered_bps"": 127988.8796856972, ""rtt_p95_ms"": 84.713465}}"
1785749638.7793932,fair-base8-w3-r03-u1-055-u2-055,3,0.55,0.55,EQUAL_100,1.0,0,11.176776470550728,11.176776470550728,1.0,0.0,1.0,0.4239627882572766,5.800369629404002,5.376406841146725,1.0,0.0,11.610720648648641,67.100754,0,"{""ue1"": {""delivered_bps"": 5800369.629404002, ""delivery_ratio"": 1.0, ""offered_bps"": 5800369.629404002}, ""ue2"": {""delivered_bps"": 5376406.841146725, ""delivery_ratio"": 1.0, ""offered_bps"": 5376406.841146725}, ""ue3"": {""delivered_bps"": 127990.44486688623, ""delivery_ratio"": 1.0, ""jitter_ms"": 11.610720648648641, ""loss_percent"": 0.0, ""offered_bps"": 127990.44486688623, ""rtt_p95_ms"": 67.100754}}"
1785749640.0359888,fair-base8-w3-r03-u1-055-u2-055,3,0.55,0.55,EQUAL_100,1.0,1,12.32,12.32,1.0,0.0,1.0,0.0,6.16,6.16,1.0,0.0,11.889781228187914,67.100754,0,"{""ue1"": {""delivered_bps"": 6160000.0, ""delivery_ratio"": 1.0, ""offered_bps"": 6160000.0}, ""ue2"": {""delivered_bps"": 6160000.0, ""delivery_ratio"": 1.0, ""offered_bps"": 6160000.0}, ""ue3"": {""delivered_bps"": 127989.35282885154, ""delivery_ratio"": 1.0, ""jitter_ms"": 11.889781228187914, ""loss_percent"": 0.0, ""offered_bps"": 127989.35282885154, ""rtt_p95_ms"": 67.100754}}"
1785749641.242561,fair-base8-w3-r03-u1-055-u2-055,3,0.55,0.55,EQUAL_100,1.0,2,12.32,12.32,1.0,0.0,1.0,0.0,6.16,6.16,0.98,2.0,9.904756441379305,45.190203,1,"{""ue1"": {""delivered_bps"": 6160000.0, ""delivery_ratio"": 1.0, ""offered_bps"": 6160000.0}, ""ue2"": {""delivered_bps"": 6160000.0, ""delivery_ratio"": 1.0, ""offered_bps"": 6160000.0}, ""ue3"": {""delivered_bps"": 117751.92528187069, ""delivery_ratio"": 0.98, ""jitter_ms"": 9.904756441379305, ""loss_percent"": 2.0, ""offered_bps"": 127991.22313246815, ""rtt_p95_ms"": 45.190203}}"
1785749646.918225,fair-base8-w3-r03-u1-055-u2-055,3,0.55,0.55,MEDIUM_70,0.7,0,7.8240000804692,7.8240000804692,1.0,0.0,1.0,0.29703050286378574,4.060515291666493,3.7634847888027076,1.0,0.0,11.1520868590604,42.55282,1,"{""ue1"": {""delivered_bps"": 4060515.2916664933, ""delivery_ratio"": 1.0, ""offered_bps"": 4060515.2916664933}, ""ue2"": {""delivered_bps"": 3763484.7888027076, ""delivery_ratio"": 1.0, ""offered_bps"": 3763484.7888027076}, ""ue3"": {""delivered_bps"": 127989.99553143633, ""delivery_ratio"": 1.0, ""jitter_ms"": 11.1520868590604, ""loss_percent"": 0.0, ""offered_bps"": 127989.99553143633, ""rtt_p95_ms"": 42.55282}}"
1785749648.111251,fair-base8-w3-r03-u1-055-u2-055,3,0.55,0.55,MEDIUM_70,0.7,1,7.353410888422927,7.353410888422927,1.0,0.0,1.0,1.2705891115770713,4.311999999999999,3.0414108884229276,0.9933333333333333,0.6666666666666666,9.752696265306124,43.572535,1,"{""ue1"": {""delivered_bps"": 4311999.999999999, ""delivery_ratio"": 1.0, ""offered_bps"": 4311999.999999999}, ""ue2"": {""delivered_bps"": 3041410.888422928, ""delivery_ratio"": 1.0, ""offered_bps"": 3041410.888422928}, ""ue3"": {""delivered_bps"": 125430.83740468606, ""delivery_ratio"": 0.9933333333333333, ""jitter_ms"": 9.752696265306124, ""loss_percent"": 0.6666666666666666, ""offered_bps"": 127990.65041294496, ""rtt_p95_ms"": 43.572535}}"
1785749649.3790991,fair-base8-w3-r03-u1-055-u2-055,3,0.55,0.55,MEDIUM_70,0.7,2,8.623999999999999,8.623999999999999,1.0,0.0,1.0,0.0,4.311999999999999,4.311999999999999,1.0,0.0,10.917456181208054,95.825423,0,"{""ue1"": {""delivered_bps"": 4311999.999999999, ""delivery_ratio"": 1.0, ""offered_bps"": 4311999.999999999}, ""ue2"": {""delivered_bps"": 4311999.999999999, ""delivery_ratio"": 1.0, ""offered_bps"": 4311999.999999999}, ""ue3"": {""delivered_bps"": 133109.715274692, ""delivery_ratio"": 1.0, ""jitter_ms"": 10.917456181208054, ""loss_percent"": 0.0, ""offered_bps"": 127990.11084105, ""rtt_p95_ms"": 95.825423}}"
1785749655.1987705,fair-base8-w3-r03-u1-055-u2-055,3,0.55,0.55,STRONG_40,0.4,0,4.470779826147685,4.470779826147685,1.0,0.0,1.0,0.16965435323030362,2.320217089688994,2.1505627364586903,1.0,0.0,10.277111463087241,36.892507,1,"{""ue1"": {""delivered_bps"": 2320217.089688994, ""delivery_ratio"": 1.0, ""offered_bps"": 2320217.089688994}, ""ue2"": {""delivered_bps"": 2150562.7364586904, ""delivery_ratio"": 1.0, ""offered_bps"": 2150562.7364586904}, ""ue3"": {""delivered_bps"": 125431.60561935262, ""delivery_ratio"": 1.0, ""jitter_ms"": 10.277111463087241, ""loss_percent"": 0.0, ""offered_bps"": 127991.43430546185, ""rtt_p95_ms"": 36.892507}}"
1785749656.4295552,fair-base8-w3-r03-u1-055-u2-055,3,0.55,0.55,STRONG_40,0.4,1,4.201949079098816,4.201949079098816,1.0,0.0,1.0,0.7260509209011842,2.464,1.737949079098816,1.0,0.0,10.252465093959737,36.751868,1,"{""ue1"": {""delivered_bps"": 2464000.0, ""delivery_ratio"": 1.0, ""offered_bps"": 2464000.0}, ""ue2"": {""delivered_bps"": 1737949.0790988158, ""delivery_ratio"": 1.0, ""offered_bps"": 1737949.0790988158}, ""ue3"": {""delivered_bps"": 130549.74335502445, ""delivery_ratio"": 1.0, ""jitter_ms"": 10.252465093959737, ""loss_percent"": 0.0, ""offered_bps"": 127989.94446571024, ""rtt_p95_ms"": 36.751868}}"
1785749657.6250064,fair-base8-w3-r03-u1-055-u2-055,3,0.55,0.55,STRONG_40,0.4,2,4.928,4.928,1.0,0.0,1.0,0.0,2.464,2.464,1.0,0.0,10.229129459459456,35.018061,1,"{""ue1"": {""delivered_bps"": 2464000.0, ""delivery_ratio"": 1.0, ""offered_bps"": 2464000.0}, ""ue2"": {""delivered_bps"": 2464000.0, ""delivery_ratio"": 1.0, ""offered_bps"": 2464000.0}, ""ue3"": {""delivered_bps"": 125429.79929644364, ""delivery_ratio"": 1.0, ""jitter_ms"": 10.229129459459456, ""loss_percent"": 0.0, ""offered_bps"": 127989.59111882004, ""rtt_p95_ms"": 35.018061}}"
1785749663.4723787,fair-base8-w3-r03-u1-055-u2-055,3,0.55,0.55,LIGHT_85,0.85,0,9.50029093902316,9.50029093902316,1.0,0.0,1.0,0.3603993090737248,4.930345124048442,4.569945814974717,1.0,0.0,9.829650691275168,38.4249,1,"{""ue1"": {""delivered_bps"": 4930345.124048442, ""delivery_ratio"": 1.0, ""offered_bps"": 4930345.124048442}, ""ue2"": {""delivered_bps"": 4569945.814974717, ""delivery_ratio"": 1.0, ""offered_bps"": 4569945.814974717}, ""ue3"": {""delivered_bps"": 127990.81422748814, ""delivery_ratio"": 1.0, ""jitter_ms"": 9.829650691275168, ""loss_percent"": 0.0, ""offered_bps"": 127990.81422748814, ""rtt_p95_ms"": 38.4249}}"
1785749664.6587937,fair-base8-w3-r03-u1-055-u2-055,3,0.55,0.55,LIGHT_85,0.85,1,10.472,10.472,1.0,0.0,1.0,0.0,5.236,5.236,1.0,0.0,10.450237489932887,44.038421,1,"{""ue1"": {""delivered_bps"": 5236000.0, ""delivery_ratio"": 1.0, ""offered_bps"": 5236000.0}, ""ue2"": {""delivered_bps"": 5236000.0, ""delivery_ratio"": 1.0, ""offered_bps"": 5236000.0}, ""ue3"": {""delivered_bps"": 127990.4722660364, ""delivery_ratio"": 1.0, ""jitter_ms"": 10.450237489932887, ""loss_percent"": 0.0, ""offered_bps"": 127990.4722660364, ""rtt_p95_ms"": 44.038421}}"
1785749665.860287,fair-base8-w3-r03-u1-055-u2-055,3,0.55,0.55,LIGHT_85,0.85,2,10.472,10.472,1.0,0.0,1.0,0.0,5.236,5.236,1.0,0.0,11.456501466216213,80.411786,0,"{""ue1"": {""delivered_bps"": 5236000.0, ""delivery_ratio"": 1.0, ""offered_bps"": 5236000.0}, ""ue2"": {""delivered_bps"": 5236000.0, ""delivery_ratio"": 1.0, ""offered_bps"": 5236000.0}, ""ue3"": {""delivered_bps"": 125431.03017474707, ""delivery_ratio"": 1.0, ""jitter_ms"": 11.456501466216213, ""loss_percent"": 0.0, ""offered_bps"": 127990.84711708885, ""rtt_p95_ms"": 80.411786}}"
1785749671.560357,fair-base8-w3-r03-u1-025-u2-075,3,0.25,0.75,EQUAL_100,1.0,0,9.96801556588769,9.96801556588769,1.0,0.0,1.0,4.694912182694287,2.6365516915967016,7.331463874290989,0.9933333333333333,0.6666666666666666,10.371834632653062,45.165171,1,"{""ue1"": {""delivered_bps"": 2636551.6915967017, ""delivery_ratio"": 1.0, ""offered_bps"": 2636551.6915967017}, ""ue2"": {""delivered_bps"": 7331463.874290989, ""delivery_ratio"": 1.0, ""offered_bps"": 7331463.874290989}, ""ue3"": {""delivered_bps"": 122871.8593697932, ""delivery_ratio"": 0.9933333333333333, ""jitter_ms"": 10.371834632653062, ""loss_percent"": 0.6666666666666666, ""offered_bps"": 127991.52017686791, ""rtt_p95_ms"": 45.165171}}"
1785749672.7309508,fair-base8-w3-r03-u1-025-u2-075,3,0.25,0.75,EQUAL_100,1.0,1,11.199999999999998,11.199999999999998,1.0,0.0,1.0,5.599999999999998,2.8,8.399999999999999,1.0,0.0,11.05098272483222,75.972123,0,"{""ue1"": {""delivered_bps"": 2800000.0, ""delivery_ratio"": 1.0, ""offered_bps"": 2800000.0}, ""ue2"": {""delivered_bps"": 8399999.999999998, ""delivery_ratio"": 1.0, ""offered_bps"": 8399999.999999998}, ""ue3"": {""delivered_bps"": 130551.25932905798, ""delivery_ratio"": 1.0, ""jitter_ms"": 11.05098272483222, ""loss_percent"": 0.0, ""offered_bps"": 127991.43071476273, ""rtt_p95_ms"": 75.972123}}"
1785749673.949852,fair-base8-w3-r03-u1-025-u2-075,3,0.25,0.75,EQUAL_100,1.0,2,11.199999999999998,11.199999999999998,1.0,0.0,1.0,5.599999999999998,2.8,8.399999999999999,1.0,0.0,11.200077020270266,75.972123,0,"{""ue1"": {""delivered_bps"": 2800000.0, ""delivery_ratio"": 1.0, ""offered_bps"": 2800000.0}, ""ue2"": {""delivered_bps"": 8399999.999999998, ""delivery_ratio"": 1.0, ""offered_bps"": 8399999.999999998}, ""ue3"": {""delivered_bps"": 127990.46816882724, ""delivery_ratio"": 1.0, ""jitter_ms"": 11.200077020270266, ""loss_percent"": 0.0, ""offered_bps"": 127990.46816882724, ""rtt_p95_ms"": 75.972123}}"
1785749679.564031,fair-base8-w3-r03-u1-025-u2-075,3,0.25,0.75,LIGHT_85,0.85,0,8.472792782674622,8.472792782674622,1.0,0.0,1.0,3.990695803620058,2.2410484895272815,6.231744293147339,1.0,0.0,11.470071194630867,69.495965,0,"{""ue1"": {""delivered_bps"": 2241048.4895272814, ""delivery_ratio"": 1.0, ""offered_bps"": 2241048.4895272814}, ""ue2"": {""delivered_bps"": 6231744.2931473395, ""delivery_ratio"": 1.0, ""offered_bps"": 6231744.2931473395}, ""ue3"": {""delivered_bps"": 127990.57950871746, ""delivery_ratio"": 1.0, ""jitter_ms"": 11.470071194630867, ""loss_percent"": 0.0, ""offered_bps"": 127990.57950871746, ""rtt_p95_ms"": 69.495965}}"
1785749680.846529,fair-base8-w3-r03-u1-025-u2-075,3,0.25,0.75,LIGHT_85,0.85,1,9.52,9.52,1.0,0.0,1.0,4.759999999999999,2.38,7.139999999999999,1.0,0.0,12.533895335570472,96.221248,0,"{""ue1"": {""delivered_bps"": 2380000.0, ""delivery_ratio"": 1.0, ""offered_bps"": 2380000.0}, ""ue2"": {""delivered_bps"": 7139999.999999999, ""delivery_ratio"": 1.0, ""offered_bps"": 7139999.999999999}, ""ue3"": {""delivered_bps"": 127989.87216177738, ""delivery_ratio"": 1.0, ""jitter_ms"": 12.533895335570472, ""loss_percent"": 0.0, ""offered_bps"": 127989.87216177738, ""rtt_p95_ms"": 96.221248}}"
1785749682.0535827,fair-base8-w3-r03-u1-025-u2-075,3,0.25,0.75,LIGHT_85,0.85,2,9.52,9.52,1.0,0.0,1.0,4.759999999999999,2.38,7.139999999999999,0.9933333333333333,0.6666666666666666,11.609578217687073,52.064914,1,"{""ue1"": {""delivered_bps"": 2380000.0, ""delivery_ratio"": 1.0, ""offered_bps"": 2380000.0}, ""ue2"": {""delivered_bps"": 7139999.999999999, ""delivery_ratio"": 1.0, ""offered_bps"": 7139999.999999999}, ""ue3"": {""delivered_bps"": 122871.55577040793, ""delivery_ratio"": 0.9933333333333333, ""jitter_ms"": 11.609578217687073, ""loss_percent"": 0.6666666666666666, ""offered_bps"": 127991.20392750826, ""rtt_p95_ms"": 52.064914}}"
1785749687.7981074,fair-base8-w3-r03-u1-025-u2-075,3,0.25,0.75,STRONG_40,0.4,0,3.987208081845345,3.987208081845345,1.0,0.0,1.0,1.8779630175874464,1.0546225321289495,2.932585549716396,1.0,0.0,9.481416040540541,38.164891,1,"{""ue1"": {""delivered_bps"": 1054622.5321289494, ""delivery_ratio"": 1.0, ""offered_bps"": 1054622.5321289494}, ""ue2"": {""delivered_bps"": 2932585.549716396, ""delivery_ratio"": 1.0, ""offered_bps"": 2932585.549716396}, ""ue3"": {""delivered_bps"": 127990.4223471476, ""delivery_ratio"": 1.0, ""jitter_ms"": 9.481416040540541, ""loss_percent"": 0.0, ""offered_bps"": 127990.4223471476, ""rtt_p95_ms"": 38.164891}}"
1785749688.9655826,fair-base8-w3-r03-u1-025-u2-075,3,0.25,0.75,STRONG_40,0.4,1,3.4899305624074763,3.4899305624074763,1.0,0.0,1.0,1.2499305624074764,1.12,2.3699305624074762,1.0,0.0,8.92111573333333,40.019219,1,"{""ue1"": {""delivered_bps"": 1120000.0, ""delivery_ratio"": 1.0, ""offered_bps"": 1120000.0}, ""ue2"": {""delivered_bps"": 2369930.5624074764, ""delivery_ratio"": 1.0, ""offered_bps"": 2369930.5624074764}, ""ue3"": {""delivered_bps"": 130550.8432932221, ""delivery_ratio"": 1.0, ""jitter_ms"": 8.92111573333333, ""loss_percent"": 0.0, ""offered_bps"": 127991.02283649225, ""rtt_p95_ms"": 40.019219}}"
1785749690.157821,fair-base8-w3-r03-u1-025-u2-075,3,0.25,0.75,STRONG_40,0.4,2,4.48,4.48,1.0,0.0,1.0,2.2400000000000007,1.12,3.3600000000000003,1.0,0.0,10.297063333333336,38.881228,1,"{""ue1"": {""delivered_bps"": 1120000.0, ""delivery_ratio"": 1.0, ""offered_bps"": 1120000.0}, ""ue2"": {""delivered_bps"": 3360000.0000000005, ""delivery_ratio"": 1.0, ""offered_bps"": 3360000.0000000005}, ""ue3"": {""delivered_bps"": 130550.50140602665, ""delivery_ratio"": 1.0, ""jitter_ms"": 10.297063333333336, ""loss_percent"": 0.0, ""offered_bps"": 127990.6876529673, ""rtt_p95_ms"": 38.881228}}"
1785749695.7862096,fair-base8-w3-r03-u1-025-u2-075,3,0.25,0.75,MEDIUM_70,0.7,0,6.9776165756587165,6.9776165756587165,1.0,0.0,1.0,3.286432848348666,1.845591863655025,5.132024712003691,1.0,0.0,10.670816255033563,39.150451,1,"{""ue1"": {""delivered_bps"": 1845591.8636550251, ""delivery_ratio"": 1.0, ""offered_bps"": 1845591.8636550251}, ""ue2"": {""delivered_bps"": 5132024.712003691, ""delivery_ratio"": 1.0, ""offered_bps"": 5132024.712003691}, ""ue3"": {""delivered_bps"": 130551.02252750572, ""delivery_ratio"": 1.0, ""jitter_ms"": 10.670816255033563, ""loss_percent"": 0.0, ""offered_bps"": 127991.19855637815, ""rtt_p95_ms"": 39.150451}}"
1785749696.9753475,fair-base8-w3-r03-u1-025-u2-075,3,0.25,0.75,MEDIUM_70,0.7,1,7.839999999999999,7.839999999999999,1.0,0.0,1.0,3.919999999999999,1.9599999999999997,5.879999999999999,1.0,0.0,10.923921382550342,39.150451,1,"{""ue1"": {""delivered_bps"": 1959999.9999999998, ""delivery_ratio"": 1.0, ""offered_bps"": 1959999.9999999998}, ""ue2"": {""delivered_bps"": 5879999.999999999, ""delivery_ratio"": 1.0, ""offered_bps"": 5879999.999999999}, ""ue3"": {""delivered_bps"": 125430.38600894927, ""delivery_ratio"": 1.0, ""jitter_ms"": 10.923921382550342, ""loss_percent"": 0.0, ""offered_bps"": 127990.18980505028, ""rtt_p95_ms"": 39.150451}}"
1785749698.2207372,fair-base8-w3-r03-u1-025-u2-075,3,0.25,0.75,MEDIUM_70,0.7,2,6.107378484213081,6.107378484213081,1.0,0.0,1.0,2.1873784842130823,1.9599999999999997,4.147378484213082,1.0,0.0,10.079895859060406,38.018711,1,"{""ue1"": {""delivered_bps"": 1959999.9999999998, ""delivery_ratio"": 1.0, ""offered_bps"": 1959999.9999999998}, ""ue2"": {""delivered_bps"": 4147378.4842130817, ""delivery_ratio"": 1.0, ""offered_bps"": 4147378.4842130817}, ""ue3"": {""delivered_bps"": 127989.4982029093, ""delivery_ratio"": 1.0, ""jitter_ms"": 10.079895859060406, ""loss_percent"": 0.0, ""offered_bps"": 127989.4982029093, ""rtt_p95_ms"": 38.018711}}"
1785749703.8461843,fair-base8-w3-r03-u1-075-u2-025,3,0.75,0.25,LIGHT_85,0.85,0,8.800625948011739,8.800625948011739,1.0,0.0,1.0,4.64612975258018,6.72337785029596,2.07724809771578,1.0,0.0,12.087129805369134,46.958367,1,"{""ue1"": {""delivered_bps"": 6723377.85029596, ""delivery_ratio"": 1.0, ""offered_bps"": 6723377.85029596}, ""ue2"": {""delivered_bps"": 2077248.09771578, ""delivery_ratio"": 1.0, ""offered_bps"": 2077248.09771578}, ""ue3"": {""delivered_bps"": 133110.00557064917, ""delivery_ratio"": 1.0, ""jitter_ms"": 12.087129805369134, ""loss_percent"": 0.0, ""offered_bps"": 127990.38997177806, ""rtt_p95_ms"": 46.958367}}"
1785749705.060268,fair-base8-w3-r03-u1-075-u2-025,3,0.75,0.25,LIGHT_85,0.85,1,8.818700815038627,8.818700815038627,1.0,0.0,1.0,5.46129918496137,7.139999999999999,1.6787008150386287,1.0,0.0,12.879550072847676,88.221768,0,"{""ue1"": {""delivered_bps"": 7139999.999999999, ""delivery_ratio"": 1.0, ""offered_bps"": 7139999.999999999}, ""ue2"": {""delivered_bps"": 1678700.8150386286, ""delivery_ratio"": 1.0, ""offered_bps"": 1678700.8150386286}, ""ue3"": {""delivered_bps"": 130549.97623874708, ""delivery_ratio"": 1.0, ""jitter_ms"": 12.879550072847676, ""loss_percent"": 0.0, ""offered_bps"": 127990.17278308538, ""rtt_p95_ms"": 88.221768}}"
1785749706.2289858,fair-base8-w3-r03-u1-075-u2-025,3,0.75,0.25,LIGHT_85,0.85,2,9.52,9.52,1.0,0.0,1.0,4.759999999999999,7.139999999999999,2.38,0.98,2.0,13.782900296551727,98.078405,0,"{""ue1"": {""delivered_bps"": 7139999.999999999, ""delivery_ratio"": 1.0, ""offered_bps"": 7139999.999999999}, ""ue2"": {""delivered_bps"": 2380000.0, ""delivery_ratio"": 1.0, ""offered_bps"": 2380000.0}, ""ue3"": {""delivered_bps"": 117751.54072795823, ""delivery_ratio"": 0.98, ""jitter_ms"": 13.782900296551727, ""loss_percent"": 2.0, ""offered_bps"": 127990.80513908503, ""rtt_p95_ms"": 98.078405}}"
1785749711.8508935,fair-base8-w3-r03-u1-075-u2-025,3,0.75,0.25,EQUAL_100,1.0,0,10.35353611293571,10.35353611293571,1.0,0.0,1.0,5.465893530075051,7.909714821505381,2.4438212914303294,1.0,0.0,10.231174628378385,37.151956,1,"{""ue1"": {""delivered_bps"": 7909714.821505381, ""delivery_ratio"": 1.0, ""offered_bps"": 7909714.821505381}, ""ue2"": {""delivered_bps"": 2443821.2914303294, ""delivery_ratio"": 1.0, ""offered_bps"": 2443821.2914303294}, ""ue3"": {""delivered_bps"": 125430.74722894577, ""delivery_ratio"": 1.0, ""jitter_ms"": 10.231174628378385, ""loss_percent"": 0.0, ""offered_bps"": 127990.55839688344, ""rtt_p95_ms"": 37.151956}}"
1785749713.0461674,fair-base8-w3-r03-u1-075-u2-025,3,0.75,0.25,EQUAL_100,1.0,1,10.374942135339563,10.374942135339563,1.0,0.0,1.0,6.425057864660435,8.399999999999999,1.9749421353395633,1.0,0.0,10.054168020134224,38.748312,1,"{""ue1"": {""delivered_bps"": 8399999.999999998, ""delivery_ratio"": 1.0, ""offered_bps"": 8399999.999999998}, ""ue2"": {""delivered_bps"": 1974942.1353395632, ""delivery_ratio"": 1.0, ""offered_bps"": 1974942.1353395632}, ""ue3"": {""delivered_bps"": 130550.34932249718, ""delivery_ratio"": 1.0, ""jitter_ms"": 10.054168020134224, ""loss_percent"": 0.0, ""offered_bps"": 127990.53855146782, ""rtt_p95_ms"": 38.748312}}"
1785749714.2823715,fair-base8-w3-r03-u1-075-u2-025,3,0.75,0.25,EQUAL_100,1.0,2,11.199999999999998,11.199999999999998,1.0,0.0,1.0,5.599999999999998,8.399999999999999,2.8,1.0,0.0,11.301569053691273,48.296249,1,"{""ue1"": {""delivered_bps"": 8399999.999999998, ""delivery_ratio"": 1.0, ""offered_bps"": 8399999.999999998}, ""ue2"": {""delivered_bps"": 2800000.0, ""delivery_ratio"": 1.0, ""offered_bps"": 2800000.0}, ""ue3"": {""delivered_bps"": 125430.83740468606, ""delivery_ratio"": 1.0, ""jitter_ms"": 11.301569053691273, ""loss_percent"": 0.0, ""offered_bps"": 127990.65041294496, ""rtt_p95_ms"": 48.296249}}"
1785749719.9353862,fair-base8-w3-r03-u1-075-u2-025,3,0.75,0.25,STRONG_40,0.4,0,4.141387381266445,4.141387381266445,1.0,0.0,1.0,2.186330348122181,3.1638588646943133,0.9775285165721318,1.0,0.0,11.180349953020137,35.048021,1,"{""ue1"": {""delivered_bps"": 3163858.864694313, ""delivery_ratio"": 1.0, ""offered_bps"": 3163858.864694313}, ""ue2"": {""delivered_bps"": 977528.5165721318, ""delivery_ratio"": 1.0, ""offered_bps"": 977528.5165721318}, ""ue3"": {""delivered_bps"": 130550.33066066056, ""delivery_ratio"": 1.0, ""jitter_ms"": 11.180349953020137, ""loss_percent"": 0.0, ""offered_bps"": 127990.52025554958, ""rtt_p95_ms"": 35.048021}}"
1785749721.1213791,fair-base8-w3-r03-u1-075-u2-025,3,0.75,0.25,STRONG_40,0.4,1,4.149976854135826,4.149976854135826,1.0,0.0,1.0,2.5700231458641754,3.3600000000000003,0.7899768541358254,1.0,0.0,10.508077280000002,60.655599,0,"{""ue1"": {""delivered_bps"": 3360000.0000000005, ""delivery_ratio"": 1.0, ""offered_bps"": 3360000.0000000005}, ""ue2"": {""delivered_bps"": 789976.8541358254, ""delivery_ratio"": 1.0, ""offered_bps"": 789976.8541358254}, ""ue3"": {""delivered_bps"": 130550.14032694841, ""delivery_ratio"": 1.0, ""jitter_ms"": 10.508077280000002, ""loss_percent"": 0.0, ""offered_bps"": 127990.333653871, ""rtt_p95_ms"": 60.655599}}"
1785749722.3257906,fair-base8-w3-r03-u1-075-u2-025,3,0.75,0.25,STRONG_40,0.4,2,4.48,4.48,1.0,0.0,1.0,2.2400000000000007,3.3600000000000003,1.12,1.0,0.0,10.605384107382552,38.703235,1,"{""ue1"": {""delivered_bps"": 3360000.0000000005, ""delivery_ratio"": 1.0, ""offered_bps"": 3360000.0000000005}, ""ue2"": {""delivered_bps"": 1120000.0, ""delivery_ratio"": 1.0, ""offered_bps"": 1120000.0}, ""ue3"": {""delivered_bps"": 127990.58540125954, ""delivery_ratio"": 1.0, ""jitter_ms"": 10.605384107382552, ""loss_percent"": 0.0, ""offered_bps"": 127990.58540125954, ""rtt_p95_ms"": 38.703235}}"
1785749728.008533,fair-base8-w3-r03-u1-075-u2-025,3,0.75,0.25,MEDIUM_70,0.7,0,7.247384281255131,7.247384281255131,1.0,0.0,1.0,3.82603447325267,5.5367093772539,1.7106749040012306,1.0,0.0,12.89874216891892,65.859457,0,"{""ue1"": {""delivered_bps"": 5536709.3772539, ""delivery_ratio"": 1.0, ""offered_bps"": 5536709.3772539}, ""ue2"": {""delivered_bps"": 1710674.9040012306, ""delivery_ratio"": 1.0, ""offered_bps"": 1710674.9040012306}, ""ue3"": {""delivered_bps"": 130548.63221271729, ""delivery_ratio"": 1.0, ""jitter_ms"": 12.89874216891892, ""loss_percent"": 0.0, ""offered_bps"": 127988.85511050714, ""rtt_p95_ms"": 65.859457}}"
1785749729.2103188,fair-base8-w3-r03-u1-075-u2-025,3,0.75,0.25,MEDIUM_70,0.7,1,7.262459494737693,7.262459494737693,1.0,0.0,1.0,4.497540505262305,5.879999999999999,1.3824594947376942,1.0,0.0,12.048161666666672,43.441444,1,"{""ue1"": {""delivered_bps"": 5879999.999999999, ""delivery_ratio"": 1.0, ""offered_bps"": 5879999.999999999}, ""ue2"": {""delivered_bps"": 1382459.4947376943, ""delivery_ratio"": 1.0, ""offered_bps"": 1382459.4947376943}, ""ue3"": {""delivered_bps"": 130550.74108552533, ""delivery_ratio"": 1.0, ""jitter_ms"": 12.048161666666672, ""loss_percent"": 0.0, ""offered_bps"": 127990.92263286797, ""rtt_p95_ms"": 43.441444}}"
1785749730.3784113,fair-base8-w3-r03-u1-075-u2-025,3,0.75,0.25,MEDIUM_70,0.7,2,7.839999999999999,7.839999999999999,1.0,0.0,1.0,3.919999999999999,5.879999999999999,1.9599999999999997,1.0,0.0,11.123187880000001,43.441444,1,"{""ue1"": {""delivered_bps"": 5879999.999999999, ""delivery_ratio"": 1.0, ""offered_bps"": 5879999.999999999}, ""ue2"": {""delivered_bps"": 1959999.9999999998, ""delivery_ratio"": 1.0, ""offered_bps"": 1959999.9999999998}, ""ue3"": {""delivered_bps"": 125431.12838148353, ""delivery_ratio"": 1.0, ""jitter_ms"": 11.123187880000001, ""loss_percent"": 0.0, ""offered_bps"": 127990.94732804442, ""rtt_p95_ms"": 43.441444}}"
