timestamp,scenario_id,policy,sample_index,video_ue_count,active_voice_count,video_base_demand_mbps,video_offered_mbps,video_delivered_mbps,video_delivery_ratio,voice_delivery_ratio,voice_loss_percent,voice_jitter_ms,voice_rtt_p95_ms,ue9_active,ue10_active,sla_ok,ue_metrics
1785385220.5035686,round-1-ue9-1785385213,EQUAL_100,0,8.0,1.0,7.862039918766445,7.862039918766445,9.157238265655923,1.0,1.0,0.0,12.686939577181205,79.34515,1.0,0.0,1,"{""ue1"": {""delivered_bps"": 1041195.3028694901, ""delivery_ratio"": 1.0, ""offered_bps"": 794116.2008167927}, ""ue2"": {""delivered_bps"": 1224145.7123659274, ""delivery_ratio"": 1.0, ""offered_bps"": 993699.2421795565}, ""ue3"": {""delivered_bps"": 1173341.2618491238, ""delivery_ratio"": 1.0, ""offered_bps"": 935494.9869253145}, ""ue4"": {""delivered_bps"": 1275158.1156083983, ""delivery_ratio"": 1.0, ""offered_bps"": 903326.9902239518}, ""ue5"": {""delivered_bps"": 1260201.5157238857, ""delivery_ratio"": 1.0, ""offered_bps"": 1057429.4856597267}, ""ue6"": {""delivered_bps"": 1088112.637052672, ""delivery_ratio"": 0.9868919647070589, ""offered_bps"": 1102565.0992868897}, ""ue7"": {""delivered_bps"": 1321867.4970659132, ""delivery_ratio"": 1.0, ""offered_bps"": 1151753.9755304754}, ""ue8"": {""delivered_bps"": 773216.2231205116, ""delivery_ratio"": 0.8371276201933802, ""offered_bps"": 923653.9381437388}, ""ue9"": {""delivered_bps"": 95997.28232865261, ""delivery_ratio"": 1.0, ""jitter_ms"": 12.686939577181205, ""loss_percent"": 0.0, ""offered_bps"": 95997.28232865261, ""rtt_p95_ms"": 79.34515}}"
1785385221.5425813,round-1-ue9-1785385213,EQUAL_100,1,8.0,1.0,7.475952516530169,7.475952516530169,7.992605050784005,1.0,1.0,0.0,12.279760993333332,78.615427,1.0,0.0,1,"{""ue1"": {""delivered_bps"": 777803.9277720364, ""delivery_ratio"": 1.0, ""offered_bps"": 696778.1940695602}, ""ue2"": {""delivered_bps"": 977839.6846562552, ""delivery_ratio"": 1.0, ""offered_bps"": 888451.3732137025}, ""ue3"": {""delivered_bps"": 913894.8116904268, ""delivery_ratio"": 1.0, ""offered_bps"": 815543.9621168891}, ""ue4"": {""delivered_bps"": 1003251.2107497826, ""delivery_ratio"": 0.9803210180196755, ""offered_bps"": 1023390.493836833}, ""ue5"": {""delivered_bps"": 1041576.5287560787, ""delivery_ratio"": 1.0, ""offered_bps"": 942201.0808243748}, ""ue6"": {""delivered_bps"": 1228898.5214833028, ""delivery_ratio"": 0.9797128224121218, ""offered_bps"": 1254345.6545334053}, ""ue7"": {""delivered_bps"": 1148151.3170324594, ""delivery_ratio"": 1.0, ""offered_bps"": 1052025.5530636553}, ""ue8"": {""delivered_bps"": 901189.0486436631, ""delivery_ratio"": 1.0, ""offered_bps"": 803216.20487175}, ""ue9"": {""delivered_bps"": 97912.7874087575, ""delivery_ratio"": 1.0, ""jitter_ms"": 12.279760993333332, ""loss_percent"": 0.0, ""offered_bps"": 95992.9288321152, ""rtt_p95_ms"": 78.615427}}"
1785385222.585015,round-1-ue9-1785385213,EQUAL_100,2,8.0,1.0,7.666025561624424,7.666025561624424,7.992605050784005,1.0,1.0,0.0,12.190827993288591,80.311093,1.0,0.0,1,"{""ue1"": {""delivered_bps"": 777803.9277720364, ""delivery_ratio"": 1.0, ""offered_bps"": 651891.0086965121}, ""ue2"": {""delivered_bps"": 977839.6846562552, ""delivery_ratio"": 1.0, ""offered_bps"": 826412.5207713344}, ""ue3"": {""delivered_bps"": 913894.8116904268, ""delivery_ratio"": 1.0, ""offered_bps"": 720556.3046496003}, ""ue4"": {""delivered_bps"": 1003251.2107497826, ""delivery_ratio"": 0.7605683586467047, ""offered_bps"": 1319080.920661607}, ""ue5"": {""delivered_bps"": 1041576.5287560787, ""delivery_ratio"": 1.0, ""offered_bps"": 833232.9621309806}, ""ue6"": {""delivered_bps"": 1228898.5214833028, ""delivery_ratio"": 1.0, ""offered_bps"": 1133667.567045662}, ""ue7"": {""delivered_bps"": 1148151.3170324594, ""delivery_ratio"": 1.0, ""offered_bps"": 947676.5904102057}, ""ue8"": {""delivered_bps"": 901189.0486436631, ""delivery_ratio"": 0.7305905410663159, ""offered_bps"": 1233507.6872585213}, ""ue9"": {""delivered_bps"": 94073.33267974023, ""delivery_ratio"": 1.0, ""jitter_ms"": 12.190827993288591, ""loss_percent"": 0.0, ""offered_bps"": 95993.19661197982, ""rtt_p95_ms"": 80.311093}}"
1785385223.634534,round-1-ue9-1785385213,EQUAL_100,3,8.0,1.0,7.163734498891342,7.163734498891342,7.73497687835246,1.0,1.0,0.0,12.029344426666672,78.615427,1.0,0.0,1,"{""ue1"": {""delivered_bps"": 688228.9350764019, ""delivery_ratio"": 1.0, ""offered_bps"": 667211.4953631316}, ""ue2"": {""delivered_bps"": 1134877.0681664646, ""delivery_ratio"": 0.8406496801233071, ""offered_bps"": 1350000.0}, ""ue3"": {""delivered_bps"": 722238.8536290594, ""delivery_ratio"": 1.0, ""offered_bps"": 663288.7779270537}, ""ue4"": {""delivered_bps"": 1066853.2317762775, ""delivery_ratio"": 1.0, ""offered_bps"": 732676.1208472626}, ""ue5"": {""delivered_bps"": 824480.5713852551, ""delivery_ratio"": 1.0, ""offered_bps"": 742357.8861815244}, ""ue6"": {""delivered_bps"": 1053947.5394938898, ""delivery_ratio"": 1.0, ""offered_bps"": 891162.1618805658}, ""ue7"": {""delivered_bps"": 939424.0178953597, ""delivery_ratio"": 1.0, ""offered_bps"": 847988.8774947322}, ""ue8"": {""delivered_bps"": 1304926.660929752, ""delivery_ratio"": 1.0, ""offered_bps"": 1269049.179197073}, ""ue9"": {""delivered_bps"": 97913.51996779518, ""delivery_ratio"": 1.0, ""jitter_ms"": 12.029344426666672, ""loss_percent"": 0.0, ""offered_bps"": 95993.64702725016, ""rtt_p95_ms"": 78.615427}}"
1785385224.674665,round-1-ue9-1785385213,EQUAL_100,4,8.0,1.0,7.134556453764078,7.134556453764078,7.73497687835246,1.0,1.0,0.0,11.627441899328858,55.292597,1.0,0.0,1,"{""ue1"": {""delivered_bps"": 688228.9350764019, ""delivery_ratio"": 0.9299236657882153, ""offered_bps"": 740091.8595754311}, ""ue2"": {""delivered_bps"": 1134877.0681664646, ""delivery_ratio"": 0.8406496801233071, ""offered_bps"": 1350000.0}, ""ue3"": {""delivered_bps"": 722238.8536290594, ""delivery_ratio"": 1.0, ""offered_bps"": 651520.7300134797}, ""ue4"": {""delivered_bps"": 1066853.2317762775, ""delivery_ratio"": 1.0, ""offered_bps"": 745704.9881859076}, ""ue5"": {""delivered_bps"": 824480.5713852551, ""delivery_ratio"": 1.0, ""offered_bps"": 651175.141113308}, ""ue6"": {""delivered_bps"": 1053947.5394938898, ""delivery_ratio"": 1.0, ""offered_bps"": 897588.10408925}, ""ue7"": {""delivered_bps"": 939424.0178953597, ""delivery_ratio"": 1.0, ""offered_bps"": 761801.6151097519}, ""ue8"": {""delivered_bps"": 1304926.660929752, ""delivery_ratio"": 0.9762489923684796, ""offered_bps"": 1336674.0156769503}, ""ue9"": {""delivered_bps"": 94072.98685471038, ""delivery_ratio"": 1.0, ""jitter_ms"": 11.627441899328858, ""loss_percent"": 0.0, ""offered_bps"": 95992.8437292963, ""rtt_p95_ms"": 55.292597}}"
1785385225.7137759,round-1-ue9-1785385213,EQUAL_100,5,8.0,1.0,7.041752457491621,7.041752457491621,7.408190766503327,1.0,0.9933333333333333,0.6666666666666666,11.746520523809522,62.541187,1.0,0.0,1,"{""ue1"": {""delivered_bps"": 835379.5351714307, ""delivery_ratio"": 0.9737378704411723, ""offered_bps"": 857910.0808649298}, ""ue2"": {""delivered_bps"": 1113976.7397939146, ""delivery_ratio"": 1.0, ""offered_bps"": 783051.5061302858}, ""ue3"": {""delivered_bps"": 701189.9085380408, ""delivery_ratio"": 1.0, ""offered_bps"": 686819.3360675308}, ""ue4"": {""delivered_bps"": 1092868.7087239474, ""delivery_ratio"": 0.8095323768325536, ""offered_bps"": 1350000.0}, ""ue5"": {""delivered_bps"": 692996.34378609, ""delivery_ratio"": 1.0, ""offered_bps"": 660776.7174851407}, ""ue6"": {""delivered_bps"": 884220.8625600125, ""delivery_ratio"": 1.0, ""offered_bps"": 794029.597448589}, ""ue7"": {""delivered_bps"": 760833.2988320265, ""delivery_ratio"": 1.0, ""offered_bps"": 696785.4480904071}, ""ue8"": {""delivered_bps"": 1326725.369097864, ""delivery_ratio"": 1.0, ""offered_bps"": 1212379.771404738}, ""ue9"": {""delivered_bps"": 94073.74504491688, ""delivery_ratio"": 0.9933333333333333, ""jitter_ms"": 11.746520523809522, ""loss_percent"": 0.6666666666666666, ""offered_bps"": 95993.61739277233, ""rtt_p95_ms"": 62.541187}}"
1785385229.7526667,round-1-ue9-1785385213,LIGHT_85,0,8.0,1.0,8.002792975614762,6.802374029272547,7.289864207039526,1.0,1.0,0.0,13.428431283783777,89.297806,1.0,0.0,1,"{""ue1"": {""delivered_bps"": 1147819.3023266792, ""delivery_ratio"": 1.0, ""offered_bps"": 1133039.3551268869}, ""ue2"": {""delivered_bps"": 739606.7473426836, ""delivery_ratio"": 1.0, ""offered_bps"": 738994.7950953942}, ""ue3"": {""delivered_bps"": 943717.0249577092, ""delivery_ratio"": 0.9853382842370076, ""offered_bps"": 957759.4213630625}, ""ue4"": {""delivered_bps"": 1071176.9451145935, ""delivery_ratio"": 1.0, ""offered_bps"": 624419.95286318}, ""ue5"": {""delivered_bps"": 739398.7409452396, ""delivery_ratio"": 0.8695919147787111, ""offered_bps"": 850282.4467191575}, ""ue6"": {""delivered_bps"": 1071384.9515120375, ""delivery_ratio"": 1.0, ""offered_bps"": 952896.6769491022}, ""ue7"": {""delivered_bps"": 620339.0791466737, ""delivery_ratio"": 0.9087709624702679, ""offered_bps"": 682613.2268359853}, ""ue8"": {""delivered_bps"": 956421.4156939088, ""delivery_ratio"": 1.0, ""offered_bps"": 862368.1543197783}, ""ue9"": {""delivered_bps"": 95993.47154492249, ""delivery_ratio"": 1.0, ""jitter_ms"": 13.428431283783777, ""loss_percent"": 0.0, ""offered_bps"": 95993.47154492249, ""rtt_p95_ms"": 89.297806}}"
1785385230.7969937,round-1-ue9-1785385213,LIGHT_85,1,8.0,1.0,8.452148743302454,7.1843264318070865,7.289864207039526,1.0,1.0,0.0,12.620562898648652,88.475305,1.0,0.0,1,"{""ue1"": {""delivered_bps"": 1147819.3023266792, ""delivery_ratio"": 1.0, ""offered_bps"": 1145835.0388074594}, ""ue2"": {""delivered_bps"": 739606.7473426836, ""delivery_ratio"": 1.0, ""offered_bps"": 738339.0065874743}, ""ue3"": {""delivered_bps"": 943717.0249577092, ""delivery_ratio"": 0.8452844024924017, ""offered_bps"": 1116449.1172143596}, ""ue4"": {""delivered_bps"": 1071176.9451145935, ""delivery_ratio"": 1.0, ""offered_bps"": 747148.7521732214}, ""ue5"": {""delivered_bps"": 739398.7409452396, ""delivery_ratio"": 0.7808820626945796, ""offered_bps"": 946876.3290500052}, ""ue6"": {""delivered_bps"": 1071384.9515120375, ""delivery_ratio"": 1.0, ""offered_bps"": 995618.6819436768}, ""ue7"": {""delivered_bps"": 620339.0791466737, ""delivery_ratio"": 0.8134862365423482, ""offered_bps"": 762568.6228981211}, ""ue8"": {""delivered_bps"": 956421.4156939088, ""delivery_ratio"": 1.0, ""offered_bps"": 731490.883132769}, ""ue9"": {""delivered_bps"": 95993.70656444649, ""delivery_ratio"": 1.0, ""jitter_ms"": 12.620562898648652, ""loss_percent"": 0.0, ""offered_bps"": 95993.70656444649, ""rtt_p95_ms"": 88.475305}}"
1785385231.8333435,round-1-ue9-1785385213,LIGHT_85,2,8.0,1.0,8.849533415190209,7.522103402911677,7.438806966392572,0.98892644356805,1.0,0.0,12.213847033333327,68.651671,1.0,0.0,1,"{""ue1"": {""delivered_bps"": 1173968.608576852, ""delivery_ratio"": 1.0, ""offered_bps"": 1024579.481565339}, ""ue2"": {""delivered_bps"": 982479.8615109108, ""delivery_ratio"": 1.0, ""offered_bps"": 623994.4655337238}, ""ue3"": {""delivered_bps"": 1127225.9689035004, ""delivery_ratio"": 0.9833937236107818, ""offered_bps"": 1146261.0975028411}, ""ue4"": {""delivered_bps"": 714313.9760766983, ""delivery_ratio"": 0.7720353080168673, ""offered_bps"": 925234.854752384}, ""ue5"": {""delivered_bps"": 940047.3094170286, ""delivery_ratio"": 0.9100454130804496, ""offered_bps"": 1032967.4716287227}, ""ue6"": {""delivered_bps"": 901496.6375014983, ""delivery_ratio"": 0.9054637622323132, ""offered_bps"": 995618.6819436768}, ""ue7"": {""delivered_bps"": 753132.7778602178, ""delivery_ratio"": 0.885756728911034, ""offered_bps"": 850270.4560722146}, ""ue8"": {""delivered_bps"": 846141.826545865, ""delivery_ratio"": 0.9165543809914856, ""offered_bps"": 923176.8939127742}, ""ue9"": {""delivered_bps"": 97912.86901642241, ""delivery_ratio"": 1.0, ""jitter_ms"": 12.213847033333327, ""loss_percent"": 0.0, ""offered_bps"": 95993.00883962981, ""rtt_p95_ms"": 68.651671}}"
1785385232.8710728,round-1-ue9-1785385213,LIGHT_85,3,8.0,1.0,9.771615275064036,8.30587298380443,7.438806966392572,0.8956080812814565,1.0,0.0,11.57755615436241,50.488696,1.0,0.0,1,"{""ue1"": {""delivered_bps"": 1173968.608576852, ""delivery_ratio"": 1.0, ""offered_bps"": 911483.2809257201}, ""ue2"": {""delivered_bps"": 982479.8615109108, ""delivery_ratio"": 0.8561916004452381, ""offered_bps"": 1147500.0}, ""ue3"": {""delivered_bps"": 1127225.9689035004, ""delivery_ratio"": 0.9922414023595548, ""offered_bps"": 1136040.0465279433}, ""ue4"": {""delivered_bps"": 714313.9760766983, ""delivery_ratio"": 0.6847647802777849, ""offered_bps"": 1043152.3300408738}, ""ue5"": {""delivered_bps"": 940047.3094170286, ""delivery_ratio"": 0.8551863277011995, ""offered_bps"": 1099230.9850695827}, ""ue6"": {""delivered_bps"": 901496.6375014983, ""delivery_ratio"": 0.7856179847507611, ""offered_bps"": 1147500.0}, ""ue7"": {""delivered_bps"": 753132.7778602178, ""delivery_ratio"": 0.8029509874275498, ""offered_bps"": 937956.1014963855}, ""ue8"": {""delivered_bps"": 846141.826545865, ""delivery_ratio"": 0.9582469018606721, ""offered_bps"": 883010.2397439246}, ""ue9"": {""delivered_bps"": 94071.68811716988, ""delivery_ratio"": 1.0, ""jitter_ms"": 11.57755615436241, ""loss_percent"": 0.0, ""offered_bps"": 95991.51848690803, ""rtt_p95_ms"": 50.488696}}"
1785385233.9085157,round-1-ue9-1785385213,LIGHT_85,4,8.0,1.0,8.87160610460248,7.540865188912108,8.0710939479542,1.0,1.0,0.0,10.973676239999993,47.987212,1.0,0.0,1,"{""ue1"": {""delivered_bps"": 1007194.1163779418, ""delivery_ratio"": 1.0, ""offered_bps"": 787768.4342474334}, ""ue2"": {""delivered_bps"": 922168.8473398824, ""delivery_ratio"": 0.9240691002753841, ""offered_bps"": 997943.6029892835}, ""ue3"": {""delivered_bps"": 1190145.8123448833, ""delivery_ratio"": 1.0, ""offered_bps"": 1087191.3155506083}, ""ue4"": {""delivered_bps"": 1024198.3703617539, ""delivery_ratio"": 1.0, ""offered_bps"": 831187.1409119855}, ""ue5"": {""delivered_bps"": 1109219.6402808144, ""delivery_ratio"": 0.9742965527062574, ""offered_bps"": 1138482.5669348696}, ""ue6"": {""delivered_bps"": 939173.1013236945, ""delivery_ratio"": 0.9465920811701879, ""offered_bps"": 992162.4319555663}, ""ue7"": {""delivered_bps"": 930778.9505447618, ""delivery_ratio"": 0.9144773409987373, ""offered_bps"": 1017826.1492277336}, ""ue8"": {""delivered_bps"": 948215.1093804676, ""delivery_ratio"": 1.0, ""offered_bps"": 688303.5470946276}, ""ue9"": {""delivered_bps"": 97913.03542353494, ""delivery_ratio"": 1.0, ""jitter_ms"": 10.973676239999993, ""loss_percent"": 0.0, ""offered_bps"": 95993.17198385777, ""rtt_p95_ms"": 47.987212}}"
1785385234.948974,round-1-ue9-1785385213,LIGHT_85,5,8.0,1.0,8.221773731939649,6.988507672148701,8.0710939479542,1.0,1.0,0.0,13.05335803378378,129.234529,1.0,0.0,0,"{""ue1"": {""delivered_bps"": 1007194.1163779418, ""delivery_ratio"": 1.0, ""offered_bps"": 674815.712312811}, ""ue2"": {""delivered_bps"": 922168.8473398824, ""delivery_ratio"": 1.0, ""offered_bps"": 735617.5236197398}, ""ue3"": {""delivered_bps"": 1190145.8123448833, ""delivery_ratio"": 1.0, ""offered_bps"": 1006296.6902924237}, ""ue4"": {""delivered_bps"": 1024198.3703617539, ""delivery_ratio"": 1.0, ""offered_bps"": 739120.2077422114}, ""ue5"": {""delivered_bps"": 1109219.6402808144, ""delivery_ratio"": 0.9675212695611188, ""offered_bps"": 1146455.0446358372}, ""ue6"": {""delivered_bps"": 939173.1013236945, ""delivery_ratio"": 1.0, ""offered_bps"": 620699.1806208572}, ""ue7"": {""delivered_bps"": 930778.9505447618, ""delivery_ratio"": 0.8596181878123061, ""offered_bps"": 1082781.8253980374}, ""ue8"": {""delivered_bps"": 948215.1093804676, ""delivery_ratio"": 0.9648869200640372, ""offered_bps"": 982721.4875267838}, ""ue9"": {""delivered_bps"": 94073.99507646584, ""delivery_ratio"": 1.0, ""jitter_ms"": 13.05335803378378, ""loss_percent"": 0.0, ""offered_bps"": 95993.87252700597, ""rtt_p95_ms"": 129.234529}}"
1785385238.987513,round-1-ue9-1785385213,MEDIUM_70,0,8.0,1.0,8.260805471886222,5.782563830320354,5.835378410961309,1.0,1.0,0.0,11.385392662162163,61.698354,1.0,0.0,1,"{""ue1"": {""delivered_bps"": 514037.979592883, ""delivery_ratio"": 0.9920045580148734, ""offered_bps"": 518181.0662458427}, ""ue2"": {""delivered_bps"": 827140.6044476365, ""delivery_ratio"": 1.0, ""offered_bps"": 772750.1956742556}, ""ue3"": {""delivered_bps"": 566429.1119649248, ""delivery_ratio"": 1.0, ""offered_bps"": 504255.32305095677}, ""ue4"": {""delivered_bps"": 765100.1584469016, ""delivery_ratio"": 0.8096297972983085, ""offered_bps"": 945000.0}, ""ue5"": {""delivered_bps"": 811826.5196339395, ""delivery_ratio"": 1.0, ""offered_bps"": 739989.1357509347}, ""ue6"": {""delivered_bps"": 620404.460007349, ""delivery_ratio"": 1.0, ""offered_bps"": 495027.2093242739}, ""ue7"": {""delivered_bps"": 965131.3901004189, ""delivery_ratio"": 1.0, ""offered_bps"": 912035.3328929269}, ""ue8"": {""delivered_bps"": 765308.1867672548, ""delivery_ratio"": 0.8547820085220944, ""offered_bps"": 895325.5673811637}, ""ue9"": {""delivered_bps"": 95994.03259001269, ""delivery_ratio"": 1.0, ""jitter_ms"": 11.385392662162163, ""loss_percent"": 0.0, ""offered_bps"": 95994.03259001269, ""rtt_p95_ms"": 61.698354}}"
1785385240.026307,round-1-ue9-1785385213,MEDIUM_70,1,8.0,1.0,7.588280167504771,5.311796117253338,5.835378410961309,1.0,1.0,0.0,13.577337162162157,82.649329,1.0,0.0,1,"{""ue1"": {""delivered_bps"": 514037.979592883, ""delivery_ratio"": 0.8557269211567484, ""offered_bps"": 600703.2931697655}, ""ue2"": {""delivered_bps"": 827140.6044476365, ""delivery_ratio"": 1.0, ""offered_bps"": 820791.1459494196}, ""ue3"": {""delivered_bps"": 566429.1119649248, ""delivery_ratio"": 1.0, ""offered_bps"": 464255.0311084053}, ""ue4"": {""delivered_bps"": 765100.1584469016, ""delivery_ratio"": 1.0, ""offered_bps"": 466713.4095927687}, ""ue5"": {""delivered_bps"": 811826.5196339395, ""delivery_ratio"": 1.0, ""offered_bps"": 659334.0198309539}, ""ue6"": {""delivered_bps"": 620404.460007349, ""delivery_ratio"": 0.80333985097938, ""offered_bps"": 772281.443838485}, ""ue7"": {""delivered_bps"": 965131.3901004189, ""delivery_ratio"": 1.0, ""offered_bps"": 866430.6536550135}, ""ue8"": {""delivered_bps"": 765308.1867672548, ""delivery_ratio"": 1.0, ""offered_bps"": 661287.1201085272}, ""ue9"": {""delivered_bps"": 97913.3662790277, ""delivery_ratio"": 1.0, ""jitter_ms"": 13.577337162162157, ""loss_percent"": 0.0, ""offered_bps"": 95993.49635198794, ""rtt_p95_ms"": 82.649329}}"
1785385241.0597296,round-1-ue9-1785385213,MEDIUM_70,2,8.0,1.0,8.047152285085987,5.633006599560191,5.708433327405919,1.0,1.0,0.0,14.345239286666661,84.494009,1.0,0.0,1,"{""ue1"": {""delivered_bps"": 675558.6890456496, ""delivery_ratio"": 0.9645166015308007, ""offered_bps"": 700411.6756243064}, ""ue2"": {""delivered_bps"": 794602.9510249273, ""delivery_ratio"": 1.0, ""offered_bps"": 700474.2278528571}, ""ue3"": {""delivered_bps"": 484191.9883171268, ""delivery_ratio"": 1.0, ""offered_bps"": 456081.40747831424}, ""ue4"": {""delivered_bps"": 701175.3024498919, ""delivery_ratio"": 0.8013757886857872, ""offered_bps"": 874964.4203748424}, ""ue5"": {""delivered_bps"": 645642.6440396023, ""delivery_ratio"": 1.0, ""offered_bps"": 583074.6174478908}, ""ue6"": {""delivered_bps"": 696867.871905572, ""delivery_ratio"": 1.0, ""offered_bps"": 566969.9109031465}, ""ue7"": {""delivered_bps"": 871236.8197897498, ""delivery_ratio"": 1.0, ""offered_bps"": 806030.3398788332}, ""ue8"": {""delivered_bps"": 839157.0608333988, ""delivery_ratio"": 0.8879968897707924, ""offered_bps"": 945000.0}, ""ue9"": {""delivered_bps"": 95993.48043970665, ""delivery_ratio"": 1.0, ""jitter_ms"": 14.345239286666661, ""loss_percent"": 0.0, ""offered_bps"": 95993.48043970665, ""rtt_p95_ms"": 84.494009}}"
1785385242.0970073,round-1-ue9-1785385213,MEDIUM_70,3,8.0,1.0,8.667043227479983,6.066930259235988,5.708433327405919,0.9409096665839677,1.0,0.0,13.777240913333335,84.801452,1.0,0.0,1,"{""ue1"": {""delivered_bps"": 675558.6890456496, ""delivery_ratio"": 0.8444184337865459, ""offered_bps"": 800028.3532611972}, ""ue2"": {""delivered_bps"": 794602.9510249273, ""delivery_ratio"": 0.8695051365516133, ""offered_bps"": 913856.5347368252}, ""ue3"": {""delivered_bps"": 484191.9883171268, ""delivery_ratio"": 1.0, ""offered_bps"": 480880.5648971565}, ""ue4"": {""delivered_bps"": 701175.3024498919, ""delivery_ratio"": 0.9525192716679738, ""offered_bps"": 736127.1559598485}, ""ue5"": {""delivered_bps"": 645642.6440396023, ""delivery_ratio"": 1.0, ""offered_bps"": 519498.84626170696}, ""ue6"": {""delivered_bps"": 696867.871905572, ""delivery_ratio"": 0.7374263194767958, ""offered_bps"": 945000.0}, ""ue7"": {""delivered_bps"": 871236.8197897498, ""delivery_ratio"": 1.0, ""offered_bps"": 736209.9814799508}, ""ue8"": {""delivered_bps"": 839157.0608333988, ""delivery_ratio"": 0.897178661153062, ""offered_bps"": 935328.8226393021}, ""ue9"": {""delivered_bps"": 95992.66136662109, ""delivery_ratio"": 1.0, ""jitter_ms"": 13.777240913333335, ""loss_percent"": 0.0, ""offered_bps"": 95992.66136662109, ""rtt_p95_ms"": 84.801452}}"
1785385243.136227,round-1-ue9-1785385213,MEDIUM_70,4,8.0,1.0,8.118544649666912,5.682981254766838,6.133204395711038,1.0,1.0,0.0,14.279432872483225,115.171657,1.0,0.0,1,"{""ue1"": {""delivered_bps"": 879941.1185119948, ""delivery_ratio"": 0.9972625125331, ""offered_bps"": 882356.558532314}, ""ue2"": {""delivered_bps"": 867233.3911902411, ""delivery_ratio"": 1.0, ""offered_bps"": 743539.7027906375}, ""ue3"": {""delivered_bps"": 530964.6067355619, ""delivery_ratio"": 0.9919832243601479, ""offered_bps"": 535255.6310395736}, ""ue4"": {""delivered_bps"": 726656.4076450615, ""delivery_ratio"": 1.0, ""offered_bps"": 653514.0332458627}, ""ue5"": {""delivered_bps"": 518260.87932797923, ""delivery_ratio"": 1.0, ""offered_bps"": 475484.50235828065}, ""ue6"": {""delivered_bps"": 901040.665764828, ""delivery_ratio"": 1.0, ""offered_bps"": 784657.0843191628}, ""ue7"": {""delivered_bps"": 730960.3152932223, ""delivery_ratio"": 1.0, ""offered_bps"": 663173.7424810076}, ""ue8"": {""delivered_bps"": 978147.0112421485, ""delivery_ratio"": 1.0, ""offered_bps"": 945000.0}, ""ue9"": {""delivered_bps"": 95993.29937083228, ""delivery_ratio"": 1.0, ""jitter_ms"": 14.279432872483225, ""loss_percent"": 0.0, ""offered_bps"": 95993.29937083228, ""rtt_p95_ms"": 115.171657}}"
1785385244.181547,round-1-ue9-1785385213,MEDIUM_70,5,8.0,1.0,8.46956225282091,5.928693576974638,6.133204395711038,1.0,1.0,0.0,13.568199560810815,115.171657,1.0,0.0,1,"{""ue1"": {""delivered_bps"": 879941.1185119948, ""delivery_ratio"": 0.9429834689468217, ""offered_bps"": 933145.8583200444}, ""ue2"": {""delivered_bps"": 867233.3911902411, ""delivery_ratio"": 0.9177072922648054, ""offered_bps"": 945000.0}, ""ue3"": {""delivered_bps"": 530964.6067355619, ""delivery_ratio"": 0.8677366476473958, ""offered_bps"": 611896.0264904231}, ""ue4"": {""delivered_bps"": 726656.4076450615, ""delivery_ratio"": 0.7792638712281852, ""offered_bps"": 932490.8217543694}, ""ue5"": {""delivered_bps"": 518260.87932797923, ""delivery_ratio"": 1.0, ""offered_bps"": 455804.9184006294}, ""ue6"": {""delivered_bps"": 901040.665764828, ""delivery_ratio"": 0.9534821859945269, ""offered_bps"": 945000.0}, ""ue7"": {""delivered_bps"": 730960.3152932223, ""delivery_ratio"": 1.0, ""offered_bps"": 593406.4429232121}, ""ue8"": {""delivered_bps"": 978147.0112421485, ""delivery_ratio"": 1.0, ""offered_bps"": 511949.5090859588}, ""ue9"": {""delivered_bps"": 94073.73532052118, ""delivery_ratio"": 1.0, ""jitter_ms"": 13.568199560810815, ""loss_percent"": 0.0, ""offered_bps"": 95993.60746991957, ""rtt_p95_ms"": 115.171657}}"
1785385248.2264795,round-1-ue9-1785385213,STRONG_40,0,8.0,1.0,7.703350632101777,3.0813402528407114,3.322528955302152,1.0,1.0,0.0,12.159704445945948,76.869869,1.0,0.0,1,"{""ue1"": {""delivered_bps"": 526951.2865538619, ""delivery_ratio"": 1.0, ""offered_bps"": 428818.8025681666}, ""ue2"": {""delivered_bps"": 373798.11468337564, ""delivery_ratio"": 0.940451642419565, ""offered_bps"": 397466.59777389443}, ""ue3"": {""delivered_bps"": 492917.2483604205, ""delivery_ratio"": 0.9380659044482512, ""offered_bps"": 525461.2133572247}, ""ue4"": {""delivered_bps"": 548482.6982990071, ""delivery_ratio"": 1.0, ""offered_bps"": 367882.5703360219}, ""ue5"": {""delivered_bps"": 314134.49269515544, ""delivery_ratio"": 0.885419769140053, ""offered_bps"": 354785.9485905228}, ""ue6"": {""delivered_bps"": 369699.94263374206, ""delivery_ratio"": 1.0, ""offered_bps"": 284649.97422681213}, ""ue7"": {""delivered_bps"": 284406.7368507431, ""delivery_ratio"": 1.0, ""offered_bps"": 260407.43544759642}, ""ue8"": {""delivered_bps"": 412138.4352258461, ""delivery_ratio"": 0.8923300456391867, ""offered_bps"": 461867.710540472}, ""ue9"": {""delivered_bps"": 95993.7310587499, ""delivery_ratio"": 1.0, ""jitter_ms"": 12.159704445945948, ""loss_percent"": 0.0, ""offered_bps"": 95993.7310587499, ""rtt_p95_ms"": 76.869869}}"
1785385249.2687402,round-1-ue9-1785385213,STRONG_40,1,8.0,1.0,8.112412710869966,3.244965084347987,3.311529436602888,1.0,1.0,0.0,11.52076609333334,52.58091,1.0,0.0,1,"{""ue1"": {""delivered_bps"": 416066.3744513981, ""delivery_ratio"": 1.0, ""offered_bps"": 370601.37994744204}, ""ue2"": {""delivered_bps"": 407461.6343324293, ""delivery_ratio"": 1.0, ""offered_bps"": 377830.0176658311}, ""ue3"": {""delivered_bps"": 556381.2165772578, ""delivery_ratio"": 1.0, ""offered_bps"": 539432.1768364662}, ""ue4"": {""delivered_bps"": 458674.23258696066, ""delivery_ratio"": 0.9032748312669978, ""offered_bps"": 507790.3387871346}, ""ue5"": {""delivered_bps"": 394762.4453836168, ""delivery_ratio"": 0.9862384050775941, ""offered_bps"": 400270.81013191544}, ""ue6"": {""delivered_bps"": 292753.09133383527, ""delivery_ratio"": 1.0, ""offered_bps"": 274376.32728908176}, ""ue7"": {""delivered_bps"": 280053.90238502267, ""delivery_ratio"": 1.0, ""offered_bps"": 269756.8720013281}, ""ue8"": {""delivered_bps"": 505376.53955236706, ""delivery_ratio"": 1.0, ""offered_bps"": 504907.1616887879}, ""ue9"": {""delivered_bps"": 95993.56420272977, ""delivery_ratio"": 1.0, ""jitter_ms"": 11.52076609333334, ""loss_percent"": 0.0, ""offered_bps"": 95993.56420272977, ""rtt_p95_ms"": 52.58091}}"
1785385250.3073967,round-1-ue9-1785385213,STRONG_40,2,8.0,1.0,7.597070381307232,3.038828152522892,3.311529436602888,1.0,1.0,0.0,11.142388566666664,50.746811,1.0,0.0,1,"{""ue1"": {""delivered_bps"": 416066.3744513981, ""delivery_ratio"": 1.0, ""offered_bps"": 317463.34296060423}, ""ue2"": {""delivered_bps"": 407461.6343324293, ""delivery_ratio"": 0.7599589431356848, ""offered_bps"": 536162.6940676455}, ""ue3"": {""delivered_bps"": 556381.2165772578, ""delivery_ratio"": 1.0, ""offered_bps"": 534565.443629118}, ""ue4"": {""delivered_bps"": 458674.23258696066, ""delivery_ratio"": 1.0, ""offered_bps"": 281670.27136696}, ""ue5"": {""delivered_bps"": 394762.4453836168, ""delivery_ratio"": 0.885689642935657, ""offered_bps"": 445711.93592730677}, ""ue6"": {""delivered_bps"": 292753.09133383527, ""delivery_ratio"": 0.846353998410312, ""offered_bps"": 345899.1059104192}, ""ue7"": {""delivered_bps"": 280053.90238502267, ""delivery_ratio"": 0.9634471490323011, ""offered_bps"": 290679.0503934881}, ""ue8"": {""delivered_bps"": 505376.53955236706, ""delivery_ratio"": 1.0, ""offered_bps"": 286676.30826735037}, ""ue9"": {""delivered_bps"": 97913.48873761499, ""delivery_ratio"": 1.0, ""jitter_ms"": 11.142388566666664, ""loss_percent"": 0.0, ""offered_bps"": 95993.61640942647, ""rtt_p95_ms"": 50.746811}}"
1785385251.350455,round-1-ue9-1785385213,STRONG_40,3,8.0,1.0,8.397814345866397,3.35912573834656,3.3419026331173467,0.994872741727825,1.0,0.0,11.036430446666671,47.265707,1.0,0.0,1,"{""ue1"": {""delivered_bps"": 313990.4209144268, ""delivery_ratio"": 1.0, ""offered_bps"": 278595.168594371}, ""ue2"": {""delivered_bps"": 514004.70320716157, ""delivery_ratio"": 1.0, ""offered_bps"": 452559.49544934946}, ""ue3"": {""delivered_bps"": 543926.8398381547, ""delivery_ratio"": 1.0, ""offered_bps"": 511521.42131571344}, ""ue4"": {""delivered_bps"": 399036.4937452976, ""delivery_ratio"": 0.8318006593555627, ""offered_bps"": 479726.10896275437}, ""ue5"": {""delivered_bps"": 484290.58142975287, ""delivery_ratio"": 0.9960555980813552, ""offered_bps"": 486208.382707365}, ""ue6"": {""delivered_bps"": 343704.54269183544, ""delivery_ratio"": 1.0, ""offered_bps"": 308716.76268618734}, ""ue7"": {""delivered_bps"": 318294.72826936643, ""delivery_ratio"": 0.9905910441272383, ""offered_bps"": 321317.99510644726}, ""ue8"": {""delivered_bps"": 424654.32302135107, ""delivery_ratio"": 0.8158891672882485, ""offered_bps"": 520480.4035243716}, ""ue9"": {""delivered_bps"": 95993.10913974156, ""delivery_ratio"": 1.0, ""jitter_ms"": 11.036430446666671, ""loss_percent"": 0.0, ""offered_bps"": 95993.10913974156, ""rtt_p95_ms"": 47.265707}}"
1785385252.4071732,round-1-ue9-1785385213,STRONG_40,4,8.0,1.0,8.423293932630752,3.3693175730523026,3.3419026331173467,0.9918633553114079,1.0,0.0,11.98989294630873,54.46661,1.0,0.0,1,"{""ue1"": {""delivered_bps"": 313990.4209144268, ""delivery_ratio"": 1.0, ""offered_bps"": 260732.27955517292}, ""ue2"": {""delivered_bps"": 514004.70320716157, ""delivery_ratio"": 1.0, ""offered_bps"": 494241.5444392656}, ""ue3"": {""delivered_bps"": 543926.8398381547, ""delivery_ratio"": 1.0, ""offered_bps"": 473394.4533419362}, ""ue4"": {""delivered_bps"": 399036.4937452976, ""delivery_ratio"": 1.0, ""offered_bps"": 354077.63535783294}, ""ue5"": {""delivered_bps"": 484290.58142975287, ""delivery_ratio"": 0.9360796369004173, ""offered_bps"": 517360.4491957056}, ""ue6"": {""delivered_bps"": 343704.54269183544, ""delivery_ratio"": 0.8717187002949663, ""offered_bps"": 394283.7782137001}, ""ue7"": {""delivered_bps"": 318294.72826936643, ""delivery_ratio"": 0.8866877625141526, ""offered_bps"": 358970.4761085908}, ""ue8"": {""delivered_bps"": 424654.32302135107, ""delivery_ratio"": 0.8225638752077503, ""offered_bps"": 516256.95684009773}, ""ue9"": {""delivered_bps"": 94073.60347193119, ""delivery_ratio"": 1.0, ""jitter_ms"": 11.98989294630873, ""loss_percent"": 0.0, ""offered_bps"": 95993.47293054202, ""rtt_p95_ms"": 54.46661}}"
1785385253.4401147,round-1-ue9-1785385213,STRONG_40,5,8.0,1.0,8.86019161846241,3.5440766473849643,3.618934411068237,1.0,0.9933333333333333,0.6666666666666666,12.805078823129252,78.819398,1.0,0.0,1,"{""ue1"": {""delivered_bps"": 280176.59962773504, ""delivery_ratio"": 1.0, ""offered_bps"": 266953.9839063168}, ""ue2"": {""delivered_bps"": 539615.9706365354, ""delivery_ratio"": 1.0, ""offered_bps"": 537713.278352302}, ""ue3"": {""delivered_bps"": 471579.93970466056, ""delivery_ratio"": 1.0, ""offered_bps"": 425369.109545012}, ""ue4"": {""delivered_bps"": 458667.1746618518, ""delivery_ratio"": 0.8726464288320841, ""offered_bps"": 525604.8263163284}, ""ue5"": {""delivered_bps"": 548016.468340965, ""delivery_ratio"": 1.0, ""offered_bps"": 535786.5493573822}, ""ue6"": {""delivered_bps"": 403335.896448676, ""delivery_ratio"": 1.0, ""offered_bps"": 375700.68378568353}, ""ue7"": {""delivered_bps"": 399239.65375851607, ""delivery_ratio"": 0.9974539902100381, ""offered_bps"": 400258.7163689089}, ""ue8"": {""delivered_bps"": 518302.7078892971, ""delivery_ratio"": 1.0, ""offered_bps"": 476689.4997530304}, ""ue9"": {""delivered_bps"": 94073.33434426202, ""delivery_ratio"": 0.9933333333333333, ""jitter_ms"": 12.805078823129252, ""loss_percent"": 0.6666666666666666, ""offered_bps"": 95993.19831047146, ""rtt_p95_ms"": 78.819398}}"
1785385261.5237463,round-1-ue10-1785385254,EQUAL_100,0,8.0,1.0,8.60205289601808,8.60205289601808,9.433707400502861,1.0,1.0,0.0,12.660629133333336,80.071159,0.0,1.0,1,"{""ue1"": {""delivered_bps"": 1426555.6141727653, ""delivery_ratio"": 1.0, ""offered_bps"": 1302611.804795844}, ""ue10"": {""delivered_bps"": 95992.94268815566, ""delivery_ratio"": 1.0, ""jitter_ms"": 12.660629133333336, ""loss_percent"": 0.0, ""offered_bps"": 95992.94268815566, ""rtt_p95_ms"": 80.071159}, ""ue2"": {""delivered_bps"": 1073768.621292257, ""delivery_ratio"": 1.0, ""offered_bps"": 666548.7836344512}, ""ue3"": {""delivered_bps"": 854763.9884562453, ""delivery_ratio"": 0.9774066482805904, ""offered_bps"": 874522.3801781044}, ""ue4"": {""delivered_bps"": 1403600.227615727, ""delivery_ratio"": 1.0, ""offered_bps"": 1350000.0}, ""ue5"": {""delivered_bps"": 825037.2431030931, ""delivery_ratio"": 1.0, ""offered_bps"": 741924.5236630563}, ""ue6"": {""delivered_bps"": 1169884.2975370947, ""delivery_ratio"": 1.0, ""offered_bps"": 1145887.147280086}, ""ue7"": {""delivered_bps"": 1322824.1602748518, ""delivery_ratio"": 1.0, ""offered_bps"": 1237489.3620319495}, ""ue8"": {""delivered_bps"": 1357273.2480508254, ""delivery_ratio"": 1.0, ""offered_bps"": 1283068.8944345887}}"
1785385262.5626645,round-1-ue10-1785385254,EQUAL_100,1,8.0,1.0,7.522868191081271,7.522868191081271,9.433707400502861,1.0,0.9933774834437086,0.6622516556291391,12.891052020270275,134.35266,0.0,1.0,0,"{""ue1"": {""delivered_bps"": 1426555.6141727653, ""delivery_ratio"": 1.0, ""offered_bps"": 1204920.570443865}, ""ue10"": {""delivered_bps"": 94073.49321875942, ""delivery_ratio"": 0.9933774834437086, ""jitter_ms"": 12.891052020270275, ""loss_percent"": 0.6622516556291391, ""offered_bps"": 95993.36042730554, ""rtt_p95_ms"": 134.35266}, ""ue2"": {""delivered_bps"": 1073768.621292257, ""delivery_ratio"": 1.0, ""offered_bps"": 656998.3326425062}, ""ue3"": {""delivered_bps"": 854763.9884562453, ""delivery_ratio"": 0.8538668387127797, ""offered_bps"": 1001050.6904622483}, ""ue4"": {""delivered_bps"": 1403600.227615727, ""delivery_ratio"": 1.0, ""offered_bps"": 683225.9005420585}, ""ue5"": {""delivered_bps"": 825037.2431030931, ""delivery_ratio"": 1.0, ""offered_bps"": 679127.7803442584}, ""ue6"": {""delivered_bps"": 1169884.2975370947, ""delivery_ratio"": 1.0, ""offered_bps"": 822211.5764047748}, ""ue7"": {""delivered_bps"": 1322824.1602748518, ""delivery_ratio"": 1.0, ""offered_bps"": 1151134.7905284693}, ""ue8"": {""delivered_bps"": 1357273.2480508254, ""delivery_ratio"": 1.0, ""offered_bps"": 1324198.5497130896}}"
1785385263.5990415,round-1-ue10-1785385254,EQUAL_100,2,8.0,1.0,7.698627162453451,7.698627162453451,7.9280035004051745,1.0,1.0,0.0,13.22433494630873,137.39988,0.0,1.0,0,"{""ue1"": {""delivered_bps"": 1185703.7055895056, ""delivery_ratio"": 1.0, ""offered_bps"": 1071762.6106724269}, ""ue10"": {""delivered_bps"": 97913.70584476876, ""delivery_ratio"": 1.0, ""jitter_ms"": 13.22433494630873, ""loss_percent"": 0.0, ""offered_bps"": 95993.82925957722, ""rtt_p95_ms"": 137.39988}, ""ue2"": {""delivered_bps"": 756128.7304052701, ""delivery_ratio"": 0.9474931257988183, ""offered_bps"": 798030.8350710075}, ""ue3"": {""delivered_bps"": 1109089.5705757295, ""delivery_ratio"": 0.9837297661179184, ""offered_bps"": 1127433.1719701001}, ""ue4"": {""delivered_bps"": 843863.1112161918, ""delivery_ratio"": 0.9010043929360619, ""offered_bps"": 936580.4626837984}, ""ue5"": {""delivered_bps"": 692630.1675650425, ""delivery_ratio"": 1.0, ""offered_bps"": 651123.2898878533}, ""ue6"": {""delivered_bps"": 815744.6040441211, ""delivery_ratio"": 1.0, ""offered_bps"": 744134.0763722813}, ""ue7"": {""delivered_bps"": 1147604.5678853688, ""delivery_ratio"": 1.0, ""offered_bps"": 1051362.971893706}, ""ue8"": {""delivered_bps"": 1377239.0431239454, ""delivery_ratio"": 1.0, ""offered_bps"": 1318199.743902278}}"
1785385264.6360695,round-1-ue10-1785385254,EQUAL_100,3,8.0,1.0,8.025645663781852,8.025645663781852,7.9280035004051745,0.9878337310831804,0.9933333333333333,0.6666666666666666,12.804057530612255,127.407825,0.0,1.0,0,"{""ue1"": {""delivered_bps"": 1185703.7055895056, ""delivery_ratio"": 1.0, ""offered_bps"": 926208.8224234538}, ""ue10"": {""delivered_bps"": 92150.33656367405, ""delivery_ratio"": 0.9933333333333333, ""jitter_ms"": 12.804057530612255, ""loss_percent"": 0.6666666666666666, ""offered_bps"": 95989.9339204938, ""rtt_p95_ms"": 127.407825}, ""ue2"": {""delivered_bps"": 756128.7304052701, ""delivery_ratio"": 0.9326527099238948, ""offered_bps"": 810729.1410400457}, ""ue3"": {""delivered_bps"": 1109089.5705757295, ""delivery_ratio"": 0.8968918647834936, ""offered_bps"": 1236592.296266908}, ""ue4"": {""delivered_bps"": 843863.1112161918, ""delivery_ratio"": 0.6976575370277422, ""offered_bps"": 1209566.393866158}, ""ue5"": {""delivered_bps"": 692630.1675650425, ""delivery_ratio"": 1.0, ""offered_bps"": 660931.8041905989}, ""ue6"": {""delivered_bps"": 815744.6040441211, ""delivery_ratio"": 0.6924041406073959, ""offered_bps"": 1178133.6306402322}, ""ue7"": {""delivered_bps"": 1147604.5678853688, ""delivery_ratio"": 1.0, ""offered_bps"": 947005.762813895}, ""ue8"": {""delivered_bps"": 1377239.0431239454, ""delivery_ratio"": 1.0, ""offered_bps"": 1056477.81254056}}"
1785385265.6756997,round-1-ue10-1785385254,EQUAL_100,4,8.0,1.0,7.431808417645679,7.431808417645679,8.057384117563089,1.0,1.0,0.0,13.017682053691276,85.016332,0.0,1.0,1,"{""ue1"": {""delivered_bps"": 896514.7878851584, ""delivery_ratio"": 1.0, ""offered_bps"": 793421.769354638}, ""ue10"": {""delivered_bps"": 95993.47646163714, ""delivery_ratio"": 1.0, ""jitter_ms"": 13.017682053691276, ""loss_percent"": 0.0, ""offered_bps"": 95993.47646163714, ""rtt_p95_ms"": 85.016332}, ""ue2"": {""delivered_bps"": 790399.3388162007, ""delivery_ratio"": 1.0, ""offered_bps"": 706756.1161165539}, ""ue3"": {""delivered_bps"": 1326115.2015883941, ""delivery_ratio"": 1.0, ""offered_bps"": 1313791.370145546}, ""ue4"": {""delivered_bps"": 1194390.6427878414, ""delivery_ratio"": 1.0, ""offered_bps"": 1077327.6102763717}, ""ue5"": {""delivered_bps"": 716847.1284331233, ""delivery_ratio"": 1.0, ""offered_bps"": 707488.7987813582}, ""ue6"": {""delivered_bps"": 1177387.2176506235, ""delivery_ratio"": 1.0, ""offered_bps"": 1083304.9552092352}, ""ue7"": {""delivered_bps"": 935884.1953348075, ""delivery_ratio"": 1.0, ""offered_bps"": 847381.0977607808}, ""ue8"": {""delivered_bps"": 1019845.6050669389, ""delivery_ratio"": 1.0, ""offered_bps"": 902336.7000011947}}"
1785385266.7108967,round-1-ue10-1785385254,EQUAL_100,5,8.0,1.0,7.828675400431309,7.828675400431309,8.057384117563089,1.0,1.0,0.0,13.202662826666662,77.361069,0.0,1.0,1,"{""ue1"": {""delivered_bps"": 896514.7878851584, ""delivery_ratio"": 1.0, ""offered_bps"": 651801.8923230604}, ""ue10"": {""delivered_bps"": 94073.36605779405, ""delivery_ratio"": 1.0, ""jitter_ms"": 13.202662826666662, ""loss_percent"": 0.0, ""offered_bps"": 95993.23067121842, ""rtt_p95_ms"": 77.361069}, ""ue2"": {""delivered_bps"": 790399.3388162007, ""delivery_ratio"": 0.7795776828556257, ""offered_bps"": 1013881.4337538946}, ""ue3"": {""delivered_bps"": 1326115.2015883941, ""delivery_ratio"": 0.9833220686030567, ""offered_bps"": 1348607.179611378}, ""ue4"": {""delivered_bps"": 1194390.6427878414, ""delivery_ratio"": 1.0, ""offered_bps"": 831234.2802784033}, ""ue5"": {""delivered_bps"": 716847.1284331233, ""delivery_ratio"": 0.8079426621756347, ""offered_bps"": 887250.001754817}, ""ue6"": {""delivered_bps"": 1177387.2176506235, ""delivery_ratio"": 1.0, ""offered_bps"": 1081345.7732754643}, ""ue7"": {""delivered_bps"": 935884.1953348075, ""delivery_ratio"": 1.0, ""offered_bps"": 696449.250157291}, ""ue8"": {""delivered_bps"": 1019845.6050669389, ""delivery_ratio"": 0.7737207196172639, ""offered_bps"": 1318105.589277001}}"
1785385270.7489796,round-1-ue10-1785385254,LIGHT_85,0,8.0,1.0,7.691970651650435,6.5381750539028705,7.783145053526887,1.0,1.0,0.0,12.815674293333332,83.547658,0.0,1.0,1,"{""ue1"": {""delivered_bps"": 675634.5495002548, ""delivery_ratio"": 0.7939186512902878, ""offered_bps"": 851012.3151814156}, ""ue10"": {""delivered_bps"": 97912.94880058385, ""delivery_ratio"": 1.0, ""jitter_ms"": 12.815674293333332, ""loss_percent"": 0.0, ""offered_bps"": 95993.08705939594, ""rtt_p95_ms"": 83.547658}, ""ue2"": {""delivered_bps"": 1135057.4033324292, ""delivery_ratio"": 1.0, ""offered_bps"": 961389.1076208744}, ""ue3"": {""delivered_bps"": 1190384.3018872242, ""delivery_ratio"": 1.0, ""offered_bps"": 794335.15615907}, ""ue4"": {""delivered_bps"": 901250.0579576875, ""delivery_ratio"": 1.0, ""offered_bps"": 705673.4095829063}, ""ue5"": {""delivered_bps"": 1016003.7734463017, ""delivery_ratio"": 0.9831650785619902, ""offered_bps"": 1033400.9980626473}, ""ue6"": {""delivered_bps"": 1075422.5905393816, ""delivery_ratio"": 1.0, ""offered_bps"": 1010177.3581070437}, ""ue7"": {""delivered_bps"": 633011.3980398807, ""delivery_ratio"": 1.0, ""offered_bps"": 617905.5174577521}, ""ue8"": {""delivered_bps"": 1156380.9788237258, ""delivery_ratio"": 1.0, ""offered_bps"": 564281.1917311604}}"
1785385271.7902558,round-1-ue10-1785385254,LIGHT_85,1,8.0,1.0,8.451123403709227,7.183454893152844,6.814025353318898,0.9485721640451754,1.0,0.0,13.034122442953025,84.838679,0.0,1.0,1,"{""ue1"": {""delivered_bps"": 824728.3799052099, ""delivery_ratio"": 0.848513463034046, ""offered_bps"": 971968.5259397214}, ""ue10"": {""delivered_bps"": 95993.14230497614, ""delivery_ratio"": 1.0, ""jitter_ms"": 13.034122442953025, ""loss_percent"": 0.0, ""offered_bps"": 95993.14230497614, ""rtt_p95_ms"": 84.838679}, ""ue2"": {""delivered_bps"": 854443.9966727021, ""delivery_ratio"": 0.8557130036598274, ""offered_bps"": 998517.0179935355}, ""ue3"": {""delivered_bps"": 884159.6134401944, ""delivery_ratio"": 1.0, ""offered_bps"": 692511.9194999059}, ""ue4"": {""delivered_bps"": 743770.5263075066, ""delivery_ratio"": 0.8270219570299095, ""offered_bps"": 899335.8882255261}, ""ue5"": {""delivered_bps"": 1109599.0522795173, ""delivery_ratio"": 0.974518125217985, ""offered_bps"": 1138613.0473779712}, ""ue6"": {""delivered_bps"": 888464.1373553562, ""delivery_ratio"": 1.0, ""offered_bps"": 696695.0075354427}, ""ue7"": {""delivered_bps"": 620395.5100030557, ""delivery_ratio"": 0.90822189297771, ""offered_bps"": 683088.0369653032}, ""ue8"": {""delivered_bps"": 888464.1373553562, ""delivery_ratio"": 0.8056984063124659, ""offered_bps"": 1102725.4496154385}}"
1785385272.8314545,round-1-ue10-1785385254,LIGHT_85,2,8.0,1.0,8.311972663711863,7.065176764155083,6.814025353318898,0.9644522112864333,1.0,0.0,13.539149382550338,92.293603,0.0,1.0,1,"{""ue1"": {""delivered_bps"": 824728.3799052099, ""delivery_ratio"": 0.7694806999703636, ""offered_bps"": 1071798.6558168049}, ""ue10"": {""delivered_bps"": 94073.73978848652, ""delivery_ratio"": 1.0, ""jitter_ms"": 13.539149382550338, ""loss_percent"": 0.0, ""offered_bps"": 95993.61202906788, ""rtt_p95_ms"": 92.293603}, ""ue2"": {""delivered_bps"": 854443.9966727021, ""delivery_ratio"": 0.869726967666044, ""offered_bps"": 982427.8520023882}, ""ue3"": {""delivered_bps"": 884159.6134401944, ""delivery_ratio"": 1.0, ""offered_bps"": 611966.7830669174}, ""ue4"": {""delivered_bps"": 743770.5263075066, ""delivery_ratio"": 0.7835832109437505, ""offered_bps"": 949191.5037481554}, ""ue5"": {""delivered_bps"": 1109599.0522795173, ""delivery_ratio"": 0.974518125217985, ""offered_bps"": 1138613.0473779712}, ""ue6"": {""delivered_bps"": 888464.1373553562, ""delivery_ratio"": 1.0, ""offered_bps"": 777639.4537103719}, ""ue7"": {""delivered_bps"": 620395.5100030557, ""delivery_ratio"": 0.8129994266198258, ""offered_bps"": 763094.6464285325}, ""ue8"": {""delivered_bps"": 888464.1373553562, ""delivery_ratio"": 1.0, ""offered_bps"": 770444.8220039423}}"
1785385273.8703275,round-1-ue10-1785385254,LIGHT_85,3,8.0,1.0,8.822158427287148,7.498834663194076,7.67405028388312,1.0,0.9866666666666667,1.3333333333333333,13.538574698630145,88.08039,0.0,1.0,1,"{""ue1"": {""delivered_bps"": 1070198.988138484, ""delivery_ratio"": 0.944342992128469, ""offered_bps"": 1133273.6061569604}, ""ue10"": {""delivered_bps"": 92153.99074162659, ""delivery_ratio"": 0.9866666666666667, ""jitter_ms"": 13.538574698630145, ""loss_percent"": 1.3333333333333333, ""offered_bps"": 95993.74035586104, ""rtt_p95_ms"": 88.08039}, ""ue2"": {""delivered_bps"": 1033401.8196724243, ""delivery_ratio"": 0.9005680345729188, ""offered_bps"": 1147500.0}, ""ue3"": {""delivered_bps"": 684292.8853542606, ""delivery_ratio"": 1.0, ""offered_bps"": 563570.0157968252}, ""ue4"": {""delivered_bps"": 965345.4645973111, ""delivery_ratio"": 0.8412596641370903, ""offered_bps"": 1147500.0}, ""ue5"": {""delivered_bps"": 1190834.1593993327, ""delivery_ratio"": 1.0, ""offered_bps"": 1122082.5778967957}, ""ue6"": {""delivered_bps"": 999369.6407028901, ""delivery_ratio"": 1.0, ""offered_bps"": 553814.4904383871}, ""ue7"": {""delivered_bps"": 752557.3148922094, ""delivery_ratio"": 0.8845019459156842, ""offered_bps"": 850826.0703859972}, ""ue8"": {""delivered_bps"": 978050.0111262084, ""delivery_ratio"": 0.9977374640267188, ""offered_bps"": 980267.9025191107}}"
1785385274.902601,round-1-ue10-1785385254,LIGHT_85,4,8.0,1.0,8.995192343819905,7.645913492246918,7.67405028388312,1.0,1.0,0.0,13.698264664429523,111.104703,0.0,1.0,1,"{""ue1"": {""delivered_bps"": 1070198.988138484, ""delivery_ratio"": 0.9340567216200829, ""offered_bps"": 1145753.7463916196}, ""ue10"": {""delivered_bps"": 101753.34786272926, ""delivery_ratio"": 1.0, ""jitter_ms"": 13.698264664429523, ""loss_percent"": 0.0, ""offered_bps"": 95993.7243988012, ""rtt_p95_ms"": 111.104703}, ""ue2"": {""delivered_bps"": 1033401.8196724243, ""delivery_ratio"": 1.0, ""offered_bps"": 925541.3644512593}, ""ue3"": {""delivered_bps"": 684292.8853542606, ""delivery_ratio"": 1.0, ""offered_bps"": 553868.6600588257}, ""ue4"": {""delivered_bps"": 965345.4645973111, ""delivery_ratio"": 1.0, ""offered_bps"": 883181.4743630815}, ""ue5"": {""delivered_bps"": 1190834.1593993327, ""delivery_ratio"": 1.0, ""offered_bps"": 1068251.235625446}, ""ue6"": {""delivered_bps"": 999369.6407028901, ""delivery_ratio"": 0.8709103622683139, ""offered_bps"": 1147500.0}, ""ue7"": {""delivered_bps"": 752557.3148922094, ""delivery_ratio"": 0.8018808665020567, ""offered_bps"": 938490.1751989604}, ""ue8"": {""delivered_bps"": 978050.0111262084, ""delivery_ratio"": 0.9946337017993562, ""offered_bps"": 983326.8361577264}}"
1785385275.9402924,round-1-ue10-1785385254,LIGHT_85,5,8.0,1.0,8.577708914805099,7.291052577584334,7.895753427578851,1.0,1.0,0.0,13.589490619999998,96.975245,0.0,1.0,1,"{""ue1"": {""delivered_bps"": 1185873.0552029128, ""delivery_ratio"": 1.0, ""offered_bps"": 1107088.5166569725}, ""ue10"": {""delivered_bps"": 95993.74111572116, ""delivery_ratio"": 1.0, ""jitter_ms"": 13.589490619999998, ""loss_percent"": 0.0, ""offered_bps"": 95993.74111572116, ""rtt_p95_ms"": 96.975245}, ""ue2"": {""delivered_bps"": 1079352.4832434093, ""delivery_ratio"": 1.0, ""offered_bps"": 954772.2563068443}, ""ue3"": {""delivered_bps"": 586087.0628955017, ""delivery_ratio"": 1.0, ""offered_bps"": 584172.4169731942}, ""ue4"": {""delivered_bps"": 1058256.291889868, ""delivery_ratio"": 1.0, ""offered_bps"": 933196.4248598616}, ""ue5"": {""delivered_bps"": 1138962.4189330593, ""delivery_ratio"": 1.0, ""offered_bps"": 990762.7398051682}, ""ue6"": {""delivered_bps"": 888027.3012730535, ""delivery_ratio"": 1.0, ""offered_bps"": 723863.8752464141}, ""ue7"": {""delivered_bps"": 934941.9360628753, ""delivery_ratio"": 0.9181407176113214, ""offered_bps"": 1018299.1758553794}, ""ue8"": {""delivered_bps"": 1024252.8780781707, ""delivery_ratio"": 1.0, ""offered_bps"": 978897.1718804998}}"
1785385279.9838421,round-1-ue10-1785385254,MEDIUM_70,0,8.0,1.0,7.8235290138183995,5.476470309672879,6.219544564151615,1.0,0.9866666666666667,1.3333333333333333,13.419200650684935,79.589152,0.0,1.0,1,"{""ue1"": {""delivered_bps"": 731216.8447434934, ""delivery_ratio"": 1.0, ""offered_bps"": 555222.5133315364}, ""ue10"": {""delivered_bps"": 90233.12290212819, ""delivery_ratio"": 0.9866666666666667, ""jitter_ms"": 13.419200650684935, ""loss_percent"": 1.3333333333333333, ""offered_bps"": 95992.68393843425, ""rtt_p95_ms"": 79.589152}, ""ue2"": {""delivered_bps"": 956707.1156616894, ""delivery_ratio"": 1.0, ""offered_bps"": 660399.1168845178}, ""ue3"": {""delivered_bps"": 688578.8008263926, ""delivery_ratio"": 0.8722963559220783, ""offered_bps"": 789386.3090812945}, ""ue4"": {""delivered_bps"": 854621.4911818666, ""delivery_ratio"": 0.9585826264687619, ""offered_bps"": 891547.0274379282}, ""ue5"": {""delivered_bps"": 645940.7569092918, ""delivery_ratio"": 1.0, ""offered_bps"": 519198.2794999075}, ""ue6"": {""delivered_bps"": 543859.1337474041, ""delivery_ratio"": 0.9845428918724546, ""offered_bps"": 552397.603229926}, ""ue7"": {""delivered_bps"": 973720.719522004, ""delivery_ratio"": 1.0, ""offered_bps"": 938692.3166409989}, ""ue8"": {""delivered_bps"": 824899.7015594732, ""delivery_ratio"": 1.0, ""offered_bps"": 569627.1435667691}}"
1785385281.0208378,round-1-ue10-1785385254,MEDIUM_70,1,8.0,1.0,7.4687633851848725,5.228134369629411,5.588476986794737,1.0,1.0,0.0,13.94318916778523,117.214849,0.0,1.0,1,"{""ue1"": {""delivered_bps"": 543727.9648940589, ""delivery_ratio"": 1.0, ""offered_bps"": 487342.50016404316}, ""ue10"": {""delivered_bps"": 101752.82754374827, ""delivery_ratio"": 1.0, ""jitter_ms"": 13.94318916778523, ""loss_percent"": 0.0, ""offered_bps"": 95993.23353183798, ""rtt_p95_ms"": 117.214849}, ""ue2"": {""delivered_bps"": 599060.8460772153, ""delivery_ratio"": 1.0, ""offered_bps"": 484718.2141572295}, ""ue3"": {""delivered_bps"": 862816.1132149433, ""delivery_ratio"": 0.9965728734670027, ""offered_bps"": 865783.2620039821}, ""ue4"": {""delivered_bps"": 820396.3711627317, ""delivery_ratio"": 1.0, ""offered_bps"": 676417.7794146922}, ""ue5"": {""delivered_bps"": 518317.72333279444, ""delivery_ratio"": 1.0, ""offered_bps"": 475306.5015816437}, ""ue6"": {""delivered_bps"": 692717.107952581, ""delivery_ratio"": 0.8884191959255473, ""offered_bps"": 779718.7534099986}, ""ue7"": {""delivered_bps"": 965085.1348638295, ""delivery_ratio"": 1.0, ""offered_bps"": 911802.8534900007}, ""ue8"": {""delivered_bps"": 586355.7252965831, ""delivery_ratio"": 1.0, ""offered_bps"": 547044.505407821}}"
1785385282.0600412,round-1-ue10-1785385254,MEDIUM_70,2,8.0,1.0,8.405162737116092,5.883613915981263,5.588476986794737,0.9498374751638842,1.0,0.0,13.332817342281876,97.216978,0.0,1.0,1,"{""ue1"": {""delivered_bps"": 543727.9648940589, ""delivery_ratio"": 1.0, ""offered_bps"": 456241.1381522195}, ""ue10"": {""delivered_bps"": 95993.54547448513, ""delivery_ratio"": 1.0, ""jitter_ms"": 13.332817342281876, ""loss_percent"": 0.0, ""offered_bps"": 95993.54547448513, ""rtt_p95_ms"": 97.216978}, ""ue2"": {""delivered_bps"": 599060.8460772153, ""delivery_ratio"": 0.7381260984522118, ""offered_bps"": 811596.8901972107}, ""ue3"": {""delivered_bps"": 862816.1132149433, ""delivery_ratio"": 0.9381008810717203, ""offered_bps"": 919747.6845232584}, ""ue4"": {""delivered_bps"": 820396.3711627317, ""delivery_ratio"": 0.8681443081087108, ""offered_bps"": 945000.0}, ""ue5"": {""delivered_bps"": 518317.72333279444, ""delivery_ratio"": 1.0, ""offered_bps"": 455769.41630479484}, ""ue6"": {""delivered_bps"": 692717.107952581, ""delivery_ratio"": 0.7339305758600385, ""offered_bps"": 943845.5498884721}, ""ue7"": {""delivered_bps"": 965085.1348638295, ""delivery_ratio"": 1.0, ""offered_bps"": 866090.5294147687}, ""ue8"": {""delivered_bps"": 586355.7252965831, ""delivery_ratio"": 1.0, ""offered_bps"": 485322.70750053914}}"
1785385283.0953047,round-1-ue10-1785385254,MEDIUM_70,3,8.0,1.0,8.8948829139794,6.226418039785581,6.308807281026509,1.0,1.0,0.0,12.589365324503314,97.216978,0.0,1.0,1,"{""ue1"": {""delivered_bps"": 484256.8659187542, ""delivery_ratio"": 1.0, ""offered_bps"": 467300.8855627662}, ""ue10"": {""delivered_bps"": 94073.60150077567, ""delivery_ratio"": 1.0, ""jitter_ms"": 12.589365324503314, ""loss_percent"": 0.0, ""offered_bps"": 95993.47091915883, ""rtt_p95_ms"": 97.216978}, ""ue2"": {""delivered_bps"": 885577.5835361186, ""delivery_ratio"": 0.9964648524017123, ""offered_bps"": 888719.3375678735}, ""ue3"": {""delivered_bps"": 969305.7332537173, ""delivery_ratio"": 1.0, ""offered_bps"": 944043.9080483768}, ""ue4"": {""delivered_bps"": 960697.7178613862, ""delivery_ratio"": 1.0, ""offered_bps"": 904831.5397089333}, ""ue5"": {""delivered_bps"": 479952.8582225887, ""delivery_ratio"": 1.0, ""offered_bps"": 462706.7779441838}, ""ue6"": {""delivered_bps"": 926681.6570359296, ""delivery_ratio"": 1.0, ""offered_bps"": 837587.1506193071}, ""ue7"": {""delivered_bps"": 871353.5581015791, ""delivery_ratio"": 1.0, ""offered_bps"": 805612.9387914723}, ""ue8"": {""delivered_bps"": 730981.3070964344, ""delivery_ratio"": 0.7983496411592499, ""offered_bps"": 915615.5015426665}}"
1785385284.1322017,round-1-ue10-1785385254,MEDIUM_70,4,8.0,1.0,8.241859283491905,5.769301498444332,6.308807281026509,1.0,1.0,0.0,12.356314351351351,84.133888,0.0,1.0,1,"{""ue1"": {""delivered_bps"": 484256.8659187542, ""delivery_ratio"": 0.9337723481154423, ""offered_bps"": 518602.705355423}, ""ue10"": {""delivered_bps"": 95993.82134807846, ""delivery_ratio"": 1.0, ""jitter_ms"": 12.356314351351351, ""loss_percent"": 0.0, ""offered_bps"": 95993.82134807846, ""rtt_p95_ms"": 84.133888}, ""ue2"": {""delivered_bps"": 885577.5835361186, ""delivery_ratio"": 1.0, ""offered_bps"": 848688.4060088337}, ""ue3"": {""delivered_bps"": 969305.7332537173, ""delivery_ratio"": 1.0, ""offered_bps"": 935367.6851411086}, ""ue4"": {""delivered_bps"": 960697.7178613862, ""delivery_ratio"": 1.0, ""offered_bps"": 620801.739751162}, ""ue5"": {""delivered_bps"": 479952.8582225887, ""delivery_ratio"": 0.9688676367598028, ""offered_bps"": 495375.0543548978}, ""ue6"": {""delivered_bps"": 926681.6570359296, ""delivery_ratio"": 1.0, ""offered_bps"": 716581.0546105776}, ""ue7"": {""delivered_bps"": 871353.5581015791, ""delivery_ratio"": 1.0, ""offered_bps"": 735754.6205241058}, ""ue8"": {""delivered_bps"": 730981.3070964344, ""delivery_ratio"": 0.8138923292898967, ""offered_bps"": 898130.2326982239}}"
1785385285.1689112,round-1-ue10-1785385254,MEDIUM_70,5,8.0,1.0,7.671481295057017,5.370036906539911,5.808037267710603,1.0,1.0,0.0,12.57781207432432,51.768781,0.0,1.0,1,"{""ue1"": {""delivered_bps"": 581873.894841573, ""delivery_ratio"": 0.9677272048495611, ""offered_bps"": 601278.8437956838}, ""ue10"": {""delivered_bps"": 95993.57756728114, ""delivery_ratio"": 1.0, ""jitter_ms"": 12.57781207432432, ""loss_percent"": 0.0, ""offered_bps"": 95993.57756728114, ""rtt_p95_ms"": 51.768781}, ""ue2"": {""delivered_bps"": 777739.4463718529, ""delivery_ratio"": 1.0, ""offered_bps"": 639978.775947787}, ""ue3"": {""delivered_bps"": 951881.7058280474, ""delivery_ratio"": 1.0, ""offered_bps"": 894900.0063880217}, ""ue4"": {""delivered_bps"": 607484.344481198, ""delivery_ratio"": 1.0, ""offered_bps"": 539552.1157256487}, ""ue5"": {""delivered_bps"": 543562.1978478804, ""delivery_ratio"": 0.9879306448380842, ""offered_bps"": 550202.7907404036}, ""ue6"": {""delivered_bps"": 730817.6153878241, ""delivery_ratio"": 1.0, ""offered_bps"": 690337.3929456293}, ""ue7"": {""delivered_bps"": 730817.6153878241, ""delivery_ratio"": 1.0, ""offered_bps"": 662701.2548257308}, ""ue8"": {""delivered_bps"": 883860.4475644026, ""delivery_ratio"": 1.0, ""offered_bps"": 791085.7261710067}}"
1785385289.2054186,round-1-ue10-1785385254,STRONG_40,0,8.0,1.0,8.034857965904296,3.213943186361719,3.4392995695061024,1.0,1.0,0.0,11.532453006711409,80.300525,0.0,1.0,1,"{""ue1"": {""delivered_bps"": 543714.0344900404, ""delivery_ratio"": 1.0, ""offered_bps"": 533334.2233853416}, ""ue10"": {""delivered_bps"": 94073.55117063274, ""delivery_ratio"": 1.0, ""jitter_ms"": 11.532453006711409, ""loss_percent"": 0.0, ""offered_bps"": 95993.41956187015, ""rtt_p95_ms"": 80.300525}, ""ue2"": {""delivered_bps"": 475703.7948921334, ""delivery_ratio"": 0.8809329535039507, ""offered_bps"": 540000.0}, ""ue3"": {""delivered_bps"": 369177.8786828059, ""delivery_ratio"": 1.0, ""offered_bps"": 325781.46370429365}, ""ue4"": {""delivered_bps"": 365243.1376336326, ""delivery_ratio"": 1.0, ""offered_bps"": 279261.64435036946}, ""ue5"": {""delivered_bps"": 484101.10810683266, ""delivery_ratio"": 0.9952739327925204, ""offered_bps"": 486399.86656593235}, ""ue6"": {""delivered_bps"": 458701.2349926567, ""delivery_ratio"": 1.0, ""offered_bps"": 438374.9557804125}, ""ue7"": {""delivered_bps"": 284165.0791854222, ""delivery_ratio"": 1.0, ""offered_bps"": 263403.2451219955}, ""ue8"": {""delivered_bps"": 458493.3015225784, ""delivery_ratio"": 1.0, ""offered_bps"": 347387.787453374}}"
1785385290.2383173,round-1-ue10-1785385254,STRONG_40,1,8.0,1.0,7.913684464911508,3.165473785964604,3.4392995695061024,1.0,1.0,0.0,10.950374255033557,53.770521,0.0,1.0,1,"{""ue1"": {""delivered_bps"": 543714.0344900404, ""delivery_ratio"": 1.0, ""offered_bps"": 539167.0192998456}, ""ue10"": {""delivered_bps"": 97913.38738783903, ""delivery_ratio"": 1.0, ""jitter_ms"": 10.950374255033557, ""loss_percent"": 0.0, ""offered_bps"": 95993.517046901, ""rtt_p95_ms"": 53.770521}, ""ue2"": {""delivered_bps"": 475703.7948921334, ""delivery_ratio"": 1.0, ""offered_bps"": 294541.06437447126}, ""ue3"": {""delivered_bps"": 369177.8786828059, ""delivery_ratio"": 1.0, ""offered_bps"": 287896.5414568687}, ""ue4"": {""delivered_bps"": 365243.1376336326, ""delivery_ratio"": 0.9373551680894081, ""offered_bps"": 389652.8765911647}, ""ue5"": {""delivered_bps"": 484101.10810683266, ""delivery_ratio"": 0.9354817073050455, ""offered_bps"": 517488.5883139723}, ""ue6"": {""delivered_bps"": 458701.2349926567, ""delivery_ratio"": 1.0, ""offered_bps"": 405508.0561337778}, ""ue7"": {""delivered_bps"": 284165.0791854222, ""delivery_ratio"": 1.0, ""offered_bps"": 260427.5528712881}, ""ue8"": {""delivered_bps"": 458493.3015225784, ""delivery_ratio"": 0.9738763973689237, ""offered_bps"": 470792.0869232156}}"
1785385291.2733822,round-1-ue10-1785385254,STRONG_40,2,8.0,1.0,7.752642605460307,3.1010570421841224,3.2835492422841663,1.0,1.0,0.0,10.936970429530204,55.394502,0.0,1.0,1,"{""ue1"": {""delivered_bps"": 556743.4540388724, ""delivery_ratio"": 1.0, ""offered_bps"": 520928.82676913956}, ""ue10"": {""delivered_bps"": 95993.4925080094, ""delivery_ratio"": 1.0, ""jitter_ms"": 10.936970429530204, ""loss_percent"": 0.0, ""offered_bps"": 95993.4925080094, ""rtt_p95_ms"": 55.394502}, ""ue2"": {""delivered_bps"": 437655.05775568465, ""delivery_ratio"": 0.8104723291771938, ""offered_bps"": 540000.0}, ""ue3"": {""delivered_bps"": 288638.519952599, ""delivery_ratio"": 1.0, ""offered_bps"": 265174.32457311876}, ""ue4"": {""delivered_bps"": 356689.03211442055, ""delivery_ratio"": 1.0, ""offered_bps"": 286415.4665225906}, ""ue5"": {""delivered_bps"": 548133.1117192439, ""delivery_ratio"": 1.0, ""offered_bps"": 535847.8523042547}, ""ue6"": {""delivered_bps"": 360786.1466754333, ""delivery_ratio"": 1.0, ""offered_bps"": 278010.3154439153}, ""ue7"": {""delivered_bps"": 280236.2342317721, ""delivery_ratio"": 1.0, ""offered_bps"": 269856.9027323152}, ""ue8"": {""delivered_bps"": 454667.68579614005, ""delivery_ratio"": 1.0, ""offered_bps"": 404823.3538387882}}"
1785385292.3117614,round-1-ue10-1785385254,STRONG_40,3,8.0,1.0,8.131475322962018,3.252590129184808,3.2835492422841663,1.0,1.0,0.0,11.487600640000005,58.808079,0.0,1.0,1,"{""ue1"": {""delivered_bps"": 556743.4540388724, ""delivery_ratio"": 1.0, ""offered_bps"": 481765.76941663376}, ""ue10"": {""delivered_bps"": 95993.5468601068, ""delivery_ratio"": 1.0, ""jitter_ms"": 11.487600640000005, ""loss_percent"": 0.0, ""offered_bps"": 95993.5468601068, ""rtt_p95_ms"": 58.808079}, ""ue2"": {""delivered_bps"": 437655.05775568465, ""delivery_ratio"": 1.0, ""offered_bps"": 295684.27588112606}, ""ue3"": {""delivered_bps"": 288638.519952599, ""delivery_ratio"": 1.0, ""offered_bps"": 260658.02568539692}, ""ue4"": {""delivered_bps"": 356689.03211442055, ""delivery_ratio"": 0.7285950758541502, ""offered_bps"": 489557.2917457136}, ""ue5"": {""delivered_bps"": 548133.1117192439, ""delivery_ratio"": 1.0, ""offered_bps"": 539476.5897389591}, ""ue6"": {""delivered_bps"": 360786.1466754333, ""delivery_ratio"": 0.7195779544564573, ""offered_bps"": 501385.76986833604}, ""ue7"": {""delivered_bps"": 280236.2342317721, ""delivery_ratio"": 0.963512156692828, ""offered_bps"": 290848.67511548445}, ""ue8"": {""delivered_bps"": 454667.68579614005, ""delivery_ratio"": 1.0, ""offered_bps"": 393213.7317331578}}"
1785385293.355838,round-1-ue10-1785385254,STRONG_40,4,8.0,1.0,8.32569900259264,3.330279601037056,3.4483797929790363,1.0,1.0,0.0,12.15537974,55.394502,0.0,1.0,1,"{""ue1"": {""delivered_bps"": 475640.7989981803, ""delivery_ratio"": 1.0, ""offered_bps"": 428479.63869614736}, ""ue10"": {""delivered_bps"": 97913.22006770536, ""delivery_ratio"": 1.0, ""jitter_ms"": 12.15537974, ""loss_percent"": 0.0, ""offered_bps"": 95993.35300755428, ""rtt_p95_ms"": 55.394502}, ""ue2"": {""delivered_bps"": 365194.471109172, ""delivery_ratio"": 0.9186757401397577, ""offered_bps"": 397522.71139065357}, ""ue3"": {""delivered_bps"": 284251.6965487645, ""delivery_ratio"": 1.0, ""offered_bps"": 274967.54180707666}, ""ue4"": {""delivered_bps"": 535271.8962084271, ""delivery_ratio"": 1.0, ""offered_bps"": 533396.6424903815}, ""ue5"": {""delivered_bps"": 556583.5735585878, ""delivery_ratio"": 1.0, ""offered_bps"": 527988.5598684201}, ""ue6"": {""delivered_bps"": 475640.7989981803, ""delivery_ratio"": 1.0, ""offered_bps"": 411330.5920551417}, ""ue7"": {""delivered_bps"": 322571.1164088507, ""delivery_ratio"": 1.0, ""offered_bps"": 321540.96403674263}, ""ue8"": {""delivered_bps"": 433225.44114887406, ""delivery_ratio"": 0.9957993399637677, ""offered_bps"": 435052.95069249294}}"
1785385294.397345,round-1-ue10-1785385254,STRONG_40,5,8.0,1.0,7.784389751916463,3.1137559007665856,3.4483797929790363,1.0,1.0,0.0,12.41281126,57.979609,0.0,1.0,1,"{""ue1"": {""delivered_bps"": 475640.7989981803, ""delivery_ratio"": 1.0, ""offered_bps"": 370257.15084834764}, ""ue10"": {""delivered_bps"": 95993.67844965014, ""delivery_ratio"": 1.0, ""jitter_ms"": 12.41281126, ""loss_percent"": 0.0, ""offered_bps"": 95993.67844965014, ""rtt_p95_ms"": 57.979609}, ""ue2"": {""delivered_bps"": 365194.471109172, ""delivery_ratio"": 1.0, ""offered_bps"": 352414.4176112916}, ""ue3"": {""delivered_bps"": 284251.6965487645, ""delivery_ratio"": 0.9284002279856327, ""offered_bps"": 306173.6608633872}, ""ue4"": {""delivered_bps"": 535271.8962084271, ""delivery_ratio"": 1.0, ""offered_bps"": 496076.7951459107}, ""ue5"": {""delivered_bps"": 556583.5735585878, ""delivery_ratio"": 1.0, ""offered_bps"": 502630.2427338314}, ""ue6"": {""delivered_bps"": 475640.7989981803, ""delivery_ratio"": 1.0, ""offered_bps"": 360454.54236134706}, ""ue7"": {""delivered_bps"": 322571.1164088507, ""delivery_ratio"": 0.8980050496535059, ""offered_bps"": 359208.57742761506}, ""ue8"": {""delivered_bps"": 433225.44114887406, ""delivery_ratio"": 1.0, ""offered_bps"": 366540.513774855}}"
1785385302.4706364,round-1-ue9-ue10-1785385295,EQUAL_100,0,8.0,2.0,8.872261331564394,8.872261331564394,9.186289029879445,1.0,1.0,0.0,17.543710640000004,120.388705,1.0,1.0,0,"{""ue1"": {""delivered_bps"": 969184.7315122845, ""delivery_ratio"": 0.8472036558322603, ""offered_bps"": 1143980.8183549382}, ""ue10"": {""delivered_bps"": 95993.51950526061, ""delivery_ratio"": 1.0, ""jitter_ms"": 12.001086560000003, ""loss_percent"": 0.0, ""offered_bps"": 95993.51950526061, ""rtt_p95_ms"": 87.017978}, ""ue2"": {""delivered_bps"": 1186212.6010071724, ""delivery_ratio"": 0.9116654745416712, ""offered_bps"": 1301148.9785806865}, ""ue3"": {""delivered_bps"": 1398936.0764230124, ""delivery_ratio"": 1.0, ""offered_bps"": 1278203.638036177}, ""ue4"": {""delivered_bps"": 1139488.323271784, ""delivery_ratio"": 0.8958173333623212, ""offered_bps"": 1272009.6841561203}, ""ue5"": {""delivered_bps"": 692927.4394018007, ""delivery_ratio"": 1.0, ""offered_bps"": 661083.3088996096}, ""ue6"": {""delivered_bps"": 1044087.5890737067, ""delivery_ratio"": 1.0, ""offered_bps"": 917736.9990064425}, ""ue7"": {""delivered_bps"": 1403240.4705020601, ""delivery_ratio"": 1.0, ""offered_bps"": 1302421.8146895429}, ""ue8"": {""delivered_bps"": 1352211.798687624, ""delivery_ratio"": 1.0, ""offered_bps"": 995676.089840876}, ""ue9"": {""delivered_bps"": 97913.41337494107, ""delivery_ratio"": 1.0, ""jitter_ms"": 17.543710640000004, ""loss_percent"": 0.0, ""offered_bps"": 95993.54252445203, ""rtt_p95_ms"": 120.388705}}"
1785385303.504204,round-1-ue9-ue10-1785385295,EQUAL_100,1,8.0,2.0,8.896230505163174,8.896230505163174,9.259334349382705,1.0,1.0,0.0,17.525285932885915,179.612438,1.0,1.0,0,"{""ue1"": {""delivered_bps"": 1254137.9435636122, ""delivery_ratio"": 0.9943247725635735, ""offered_bps"": 1261296.0857147176}, ""ue10"": {""delivered_bps"": 95993.21775373531, ""delivery_ratio"": 1.0, ""jitter_ms"": 14.271810520000002, ""loss_percent"": 0.0, ""offered_bps"": 95993.21775373531, ""rtt_p95_ms"": 179.612438}, ""ue2"": {""delivered_bps"": 1181801.8314628373, ""delivery_ratio"": 1.0, ""offered_bps"": 963383.0855015339}, ""ue3"": {""delivered_bps"": 1279753.983261321, ""delivery_ratio"": 1.0, ""offered_bps"": 1182686.6011469953}, ""ue4"": {""delivered_bps"": 1101065.7063443877, ""delivery_ratio"": 1.0, ""offered_bps"": 843996.605312291}, ""ue5"": {""delivered_bps"": 713969.1064527492, ""delivery_ratio"": 1.0, ""offered_bps"": 707823.0540167212}, ""ue6"": {""delivered_bps"": 1182009.8317851797, ""delivery_ratio"": 0.8755628383593923, ""offered_bps"": 1350000.0}, ""ue7"": {""delivered_bps"": 1322170.0489943787, ""delivery_ratio"": 1.0, ""offered_bps"": 1237045.0734709145}, ""ue8"": {""delivered_bps"": 1224425.8975182376, ""delivery_ratio"": 0.9069821463098057, ""offered_bps"": 1350000.0}, ""ue9"": {""delivered_bps"": 95993.3985988151, ""delivery_ratio"": 1.0, ""jitter_ms"": 17.525285932885915, ""loss_percent"": 0.0, ""offered_bps"": 95993.3985988151, ""rtt_p95_ms"": 117.506848}}"
1785385304.5438607,round-1-ue9-ue10-1785385295,EQUAL_100,2,8.0,2.0,8.386335878143825,8.386335878143825,9.259334349382705,1.0,1.0,0.0,16.12217017218543,179.612438,1.0,1.0,0,"{""ue1"": {""delivered_bps"": 1254137.9435636122, ""delivery_ratio"": 0.9405320648891282, ""offered_bps"": 1333434.5424060076}, ""ue10"": {""delivered_bps"": 95993.66070470765, ""delivery_ratio"": 1.0, ""jitter_ms"": 15.974125597315437, ""loss_percent"": 0.0, ""offered_bps"": 95993.66070470765, ""rtt_p95_ms"": 179.612438}, ""ue2"": {""delivered_bps"": 1181801.8314628373, ""delivery_ratio"": 1.0, ""offered_bps"": 980750.1815987545}, ""ue3"": {""delivered_bps"": 1279753.983261321, ""delivery_ratio"": 1.0, ""offered_bps"": 1062478.100102195}, ""ue4"": {""delivered_bps"": 1101065.7063443877, ""delivery_ratio"": 1.0, ""offered_bps"": 954014.5939000996}, ""ue5"": {""delivered_bps"": 713969.1064527492, ""delivery_ratio"": 0.9080742026655965, ""offered_bps"": 786245.3358513395}, ""ue6"": {""delivered_bps"": 1182009.8317851797, ""delivery_ratio"": 1.0, ""offered_bps"": 823031.0642675033}, ""ue7"": {""delivered_bps"": 1322170.0489943787, ""delivery_ratio"": 1.0, ""offered_bps"": 1150593.0573102979}, ""ue8"": {""delivered_bps"": 1224425.8975182376, ""delivery_ratio"": 0.9449269093654351, ""offered_bps"": 1295789.0027076271}, ""ue9"": {""delivered_bps"": 97913.00031842577, ""delivery_ratio"": 1.0, ""jitter_ms"": 16.12217017218543, ""loss_percent"": 0.0, ""offered_bps"": 95993.13756708408, ""rtt_p95_ms"": 115.848512}}"
1785385305.5875185,round-1-ue9-ue10-1785385295,EQUAL_100,3,8.0,2.0,8.951057964111422,8.951057964111422,9.025726886296,1.0,1.0,0.0,14.976388540540539,179.612438,1.0,1.0,0,"{""ue1"": {""delivered_bps"": 1398840.683941609, ""delivery_ratio"": 1.0, ""offered_bps"": 1347884.345319273}, ""ue10"": {""delivered_bps"": 94074.00558938419, ""delivery_ratio"": 1.0, ""jitter_ms"": 14.976388540540539, ""loss_percent"": 0.0, ""offered_bps"": 95993.88325447367, ""rtt_p95_ms"": 179.612438}, ""ue2"": {""delivered_bps"": 1216052.4130898672, ""delivery_ratio"": 0.9007795652517535, ""offered_bps"": 1350000.0}, ""ue3"": {""delivered_bps"": 1041456.333648848, ""delivery_ratio"": 1.0, ""offered_bps"": 933828.7984149475}, ""ue4"": {""delivered_bps"": 1041664.3385088858, ""delivery_ratio"": 0.9905306715391518, ""offered_bps"": 1051622.4973531403}, ""ue5"": {""delivered_bps"": 871368.3595398032, ""delivery_ratio"": 0.9814590891205979, ""offered_bps"": 887829.5276887827}, ""ue6"": {""delivered_bps"": 1088177.4252881238, ""delivery_ratio"": 0.857666215177904, ""offered_bps"": 1268765.6410278506}, ""ue7"": {""delivered_bps"": 1143714.7229182352, ""delivery_ratio"": 1.0, ""offered_bps"": 1050773.1773917563}, ""ue8"": {""delivered_bps"": 1224452.6093606276, ""delivery_ratio"": 1.0, ""offered_bps"": 1060353.9769156727}, ""ue9"": {""delivered_bps"": 94073.50517707664, ""delivery_ratio"": 1.0, ""jitter_ms"": 14.810073295302015, ""loss_percent"": 0.0, ""offered_bps"": 95993.37262967005, ""rtt_p95_ms"": 114.502748}}"
1785385306.6253788,round-1-ue9-ue10-1785385295,EQUAL_100,4,8.0,2.0,8.330312926450759,8.330312926450759,9.025726886296,1.0,1.0,0.0,14.510474885135139,126.901645,1.0,1.0,0,"{""ue1"": {""delivered_bps"": 1398840.683941609, ""delivery_ratio"": 1.0, ""offered_bps"": 1302179.326316681}, ""ue10"": {""delivered_bps"": 97913.6602986901, ""delivery_ratio"": 1.0, ""jitter_ms"": 14.3246889261745, ""loss_percent"": 0.0, ""offered_bps"": 95993.78460655891, ""rtt_p95_ms"": 126.855328}, ""ue2"": {""delivered_bps"": 1216052.4130898672, ""delivery_ratio"": 1.0, ""offered_bps"": 1155061.3750884286}, ""ue3"": {""delivered_bps"": 1041456.333648848, ""delivery_ratio"": 1.0, ""offered_bps"": 814111.7542534155}, ""ue4"": {""delivered_bps"": 1041664.3385088858, ""delivery_ratio"": 0.7716032137102858, ""offered_bps"": 1350000.0}, ""ue5"": {""delivered_bps"": 871368.3595398032, ""delivery_ratio"": 0.8699977609314823, ""offered_bps"": 1001575.4047537473}, ""ue6"": {""delivered_bps"": 1088177.4252881238, ""delivery_ratio"": 1.0, ""offered_bps"": 880248.1914127131}, ""ue7"": {""delivered_bps"": 1143714.7229182352, ""delivery_ratio"": 1.0, ""offered_bps"": 946415.8347313709}, ""ue8"": {""delivered_bps"": 1224452.6093606276, ""delivery_ratio"": 1.0, ""offered_bps"": 880721.0398944023}, ""ue9"": {""delivered_bps"": 95993.39658743503, ""delivery_ratio"": 1.0, ""jitter_ms"": 14.510474885135139, ""loss_percent"": 0.0, ""offered_bps"": 95993.39658743503, ""rtt_p95_ms"": 126.901645}}"
1785385307.664601,round-1-ue9-ue10-1785385295,EQUAL_100,5,8.0,2.0,8.499141065267466,8.499141065267466,8.766057469250189,1.0,0.98,2.0,14.657254448275863,127.026563,1.0,1.0,0,"{""ue1"": {""delivered_bps"": 1305185.8279856974, ""delivery_ratio"": 1.0, ""offered_bps"": 1204203.7912640134}, ""ue10"": {""delivered_bps"": 97913.30910747642, ""delivery_ratio"": 1.0, ""jitter_ms"": 12.138598302013422, ""loss_percent"": 0.0, ""offered_bps"": 95993.44030144748, ""rtt_p95_ms"": 121.97071}, ""ue2"": {""delivered_bps"": 1300881.742813266, ""delivery_ratio"": 0.9678847469597694, ""offered_bps"": 1344046.1241893482}, ""ue3"": {""delivered_bps"": 799027.8117552699, ""delivery_ratio"": 1.0, ""offered_bps"": 719511.0902692529}, ""ue4"": {""delivered_bps"": 1254160.8182649412, ""delivery_ratio"": 1.0, ""offered_bps"": 1058235.3975741582}, ""ue5"": {""delivered_bps"": 1101085.7891026724, ""delivery_ratio"": 0.9873814143337847, ""offered_bps"": 1115157.499541965}, ""ue6"": {""delivered_bps"": 965019.0965139891, ""delivery_ratio"": 0.9872573312356034, ""offered_bps"": 977474.7332655591}, ""ue7"": {""delivered_bps"": 935306.5085392497, ""delivery_ratio"": 1.0, ""offered_bps"": 846816.547972248}, ""ue8"": {""delivered_bps"": 1105389.8742751037, ""delivery_ratio"": 0.8959986744934574, ""offered_bps"": 1233695.8811909216}, ""ue9"": {""delivered_bps"": 88314.01462886896, ""delivery_ratio"": 0.98, ""jitter_ms"": 14.657254448275863, ""loss_percent"": 2.0, ""offered_bps"": 95993.49416181409, ""rtt_p95_ms"": 127.026563}}"
1785385311.7096229,round-1-ue9-ue10-1785385295,LIGHT_85,0,8.0,2.0,7.8066678960900715,6.635667711676562,6.818131726418353,1.0,1.0,0.0,14.378178060810802,116.025282,1.0,1.0,1,"{""ue1"": {""delivered_bps"": 658599.01719487, ""delivery_ratio"": 1.0, ""offered_bps"": 591521.6165259536}, ""ue10"": {""delivered_bps"": 95993.04397146328, ""delivery_ratio"": 1.0, ""jitter_ms"": 13.521955642384102, ""loss_percent"": 0.0, ""offered_bps"": 95993.04397146328, ""rtt_p95_ms"": 116.025282}, ""ue2"": {""delivered_bps"": 939321.5486039673, ""delivery_ratio"": 0.8185808702431088, ""offered_bps"": 1147500.0}, ""ue3"": {""delivered_bps"": 641592.0754900686, ""delivery_ratio"": 0.8621897626899043, ""offered_bps"": 744142.5348039351}, ""ue4"": {""delivered_bps"": 1076645.0033431358, ""delivery_ratio"": 1.0, ""offered_bps"": 704648.2317709929}, ""ue5"": {""delivered_bps"": 1190333.9287940466, ""delivery_ratio"": 1.0, ""offered_bps"": 1146365.2345797624}, ""ue6"": {""delivered_bps"": 973335.43201357, ""delivery_ratio"": 0.8498494510030423, ""offered_bps"": 1145303.360336095}, ""ue7"": {""delivered_bps"": 581963.7859944953, ""delivery_ratio"": 1.0, ""offered_bps"": 573536.1019722389}, ""ue8"": {""delivered_bps"": 756340.9349841998, ""delivery_ratio"": 1.0, ""offered_bps"": 582650.631687583}, ""ue9"": {""delivered_bps"": 94073.58551251728, ""delivery_ratio"": 1.0, ""jitter_ms"": 14.378178060810802, ""loss_percent"": 0.0, ""offered_bps"": 95993.45460460948, ""rtt_p95_ms"": 108.88787}}"
1785385312.7532985,round-1-ue9-ue10-1785385295,LIGHT_85,1,8.0,2.0,7.569866060351882,6.434386151299099,6.818131726418353,1.0,1.0,0.0,14.326289686666675,108.88787,1.0,1.0,1,"{""ue1"": {""delivered_bps"": 658599.01719487, ""delivery_ratio"": 1.0, ""offered_bps"": 567598.061143015}, ""ue10"": {""delivered_bps"": 94073.73856198619, ""delivery_ratio"": 1.0, ""jitter_ms"": 12.216554999999996, ""loss_percent"": 0.0, ""offered_bps"": 95993.61077753693, ""rtt_p95_ms"": 78.481896}, ""ue2"": {""delivered_bps"": 939321.5486039673, ""delivery_ratio"": 1.0, ""offered_bps"": 930766.5825241396}, ""ue3"": {""delivered_bps"": 641592.0754900686, ""delivery_ratio"": 0.7532861003682214, ""offered_bps"": 851724.2986117034}, ""ue4"": {""delivered_bps"": 1076645.0033431358, ""delivery_ratio"": 1.0, ""offered_bps"": 679672.1231564126}, ""ue5"": {""delivered_bps"": 1190333.9287940466, ""delivery_ratio"": 1.0, ""offered_bps"": 1121874.2366889508}, ""ue6"": {""delivered_bps"": 973335.43201357, ""delivery_ratio"": 1.0, ""offered_bps"": 632924.6129288117}, ""ue7"": {""delivered_bps"": 581963.7859944953, ""delivery_ratio"": 0.9413581076112593, ""offered_bps"": 618217.2132890595}, ""ue8"": {""delivered_bps"": 756340.9349841998, ""delivery_ratio"": 0.7331662656615991, ""offered_bps"": 1031609.0229570072}, ""ue9"": {""delivered_bps"": 97916.85364193955, ""delivery_ratio"": 1.0, ""jitter_ms"": 14.326289686666675, ""loss_percent"": 0.0, ""offered_bps"": 95996.91533523485, ""rtt_p95_ms"": 108.88787}}"
1785385313.7949252,round-1-ue9-ue10-1785385295,LIGHT_85,2,8.0,2.0,8.1937497423032,6.964687280957719,7.028529452648955,1.0,0.98,2.0,14.707171034482759,107.339232,1.0,1.0,1,"{""ue1"": {""delivered_bps"": 586488.3654894585, ""delivery_ratio"": 0.9307832840065594, ""offered_bps"": 630101.9534481943}, ""ue10"": {""delivered_bps"": 97912.65455724092, ""delivery_ratio"": 1.0, ""jitter_ms"": 13.851826583892617, ""loss_percent"": 0.0, ""offered_bps"": 95992.79858553031, ""rtt_p95_ms"": 107.339232}, ""ue2"": {""delivered_bps"": 1067383.5372414237, ""delivery_ratio"": 1.0, ""offered_bps"": 766491.5859189829}, ""ue3"": {""delivered_bps"": 833498.014182019, ""delivery_ratio"": 0.8689770723404397, ""offered_bps"": 959171.4680539684}, ""ue4"": {""delivered_bps"": 722803.216730418, ""delivery_ratio"": 0.9710347888203648, ""offered_bps"": 744363.8735214584}, ""ue5"": {""delivered_bps"": 1139742.2835676393, ""delivery_ratio"": 1.0, ""offered_bps"": 1067919.7694425662}, ""ue6"": {""delivered_bps"": 926967.3967401033, ""delivery_ratio"": 0.8078147248279767, ""offered_bps"": 1147500.0}, ""ue7"": {""delivered_bps"": 620515.0619481036, ""delivery_ratio"": 0.9077827368021065, ""offered_bps"": 683550.1897007034}, ""ue8"": {""delivered_bps"": 1131131.5767497884, ""delivery_ratio"": 1.0, ""offered_bps"": 965588.4408718464}, ""ue9"": {""delivered_bps"": 88313.88706975455, ""delivery_ratio"": 0.98, ""jitter_ms"": 14.707171034482759, ""loss_percent"": 2.0, ""offered_bps"": 95993.35551060276, ""rtt_p95_ms"": 102.40974}}"
1785385314.833734,round-1-ue9-ue10-1785385295,LIGHT_85,3,8.0,2.0,8.260067457216387,7.021057338633927,7.028529452648955,1.0,1.0,0.0,15.601431331081075,115.7491,1.0,1.0,1,"{""ue1"": {""delivered_bps"": 586488.3654894585, ""delivery_ratio"": 0.8027637870135793, ""offered_bps"": 730586.4750966124}, ""ue10"": {""delivered_bps"": 95993.27223961323, ""delivery_ratio"": 1.0, ""jitter_ms"": 13.67640222818792, ""loss_percent"": 0.0, ""offered_bps"": 95993.27223961323, ""rtt_p95_ms"": 110.270535}, ""ue2"": {""delivered_bps"": 1067383.5372414237, ""delivery_ratio"": 1.0, ""offered_bps"": 1015168.0234404892}, ""ue3"": {""delivered_bps"": 833498.014182019, ""delivery_ratio"": 0.8689770723404397, ""offered_bps"": 959171.4680539684}, ""ue4"": {""delivered_bps"": 722803.216730418, ""delivery_ratio"": 0.9433706573674797, ""offered_bps"": 766192.1759867267}, ""ue5"": {""delivered_bps"": 1139742.2835676393, ""delivery_ratio"": 1.0, ""offered_bps"": 897542.5965905075}, ""ue6"": {""delivered_bps"": 926967.3967401033, ""delivery_ratio"": 0.9051660559187625, ""offered_bps"": 1024085.4599869102}, ""ue7"": {""delivered_bps"": 620515.0619481036, ""delivery_ratio"": 0.8126385671331802, ""offered_bps"": 763580.621255956}, ""ue8"": {""delivered_bps"": 1131131.5767497884, ""delivery_ratio"": 1.0, ""offered_bps"": 864730.5182227571}, ""ue9"": {""delivered_bps"": 99833.08308364551, ""delivery_ratio"": 1.0, ""jitter_ms"": 15.601431331081075, ""loss_percent"": 0.0, ""offered_bps"": 95993.34911888992, ""rtt_p95_ms"": 115.7491}}"
1785385315.8792198,round-1-ue9-ue10-1785385295,LIGHT_85,4,8.0,2.0,8.133071186393485,6.913110508434462,7.200247797996867,1.0,1.0,0.0,15.615940891891881,115.7491,1.0,1.0,1,"{""ue1"": {""delivered_bps"": 712888.9310270183, ""delivery_ratio"": 0.836946527493044, ""offered_bps"": 851773.5692892798}, ""ue10"": {""delivered_bps"": 95994.77386614447, ""delivery_ratio"": 1.0, ""jitter_ms"": 13.989594446666663, ""loss_percent"": 0.0, ""offered_bps"": 95994.77386614447, ""rtt_p95_ms"": 110.270535}, ""ue2"": {""delivered_bps"": 930908.0895659877, ""delivery_ratio"": 0.9333716635962694, ""offered_bps"": 997360.5647928183}, ""ue3"": {""delivered_bps"": 1050390.8598064, ""delivery_ratio"": 0.9987303155316978, ""offered_bps"": 1051726.2202531616}, ""ue4"": {""delivered_bps"": 791442.862922767, ""delivery_ratio"": 0.9300904927824474, ""offered_bps"": 850931.0320494688}, ""ue5"": {""delivered_bps"": 986027.8316971136, ""delivery_ratio"": 1.0, ""offered_bps"": 799601.6147755679}, ""ue6"": {""delivered_bps"": 1020041.2042450487, ""delivery_ratio"": 1.0, ""offered_bps"": 764772.6596560853}, ""ue7"": {""delivered_bps"": 752229.8920314269, ""delivery_ratio"": 0.8835847481837367, ""offered_bps"": 851338.701327385}, ""ue8"": {""delivered_bps"": 956318.1267011043, ""delivery_ratio"": 1.0, ""offered_bps"": 745606.1462906953}, ""ue9"": {""delivered_bps"": 97913.56396363025, ""delivery_ratio"": 1.0, ""jitter_ms"": 15.615940891891881, ""loss_percent"": 0.0, ""offered_bps"": 95993.69016042181, ""rtt_p95_ms"": 115.7491}}"
1785385316.9174733,round-1-ue9-ue10-1785385295,LIGHT_85,5,8.0,2.0,8.359490659748575,7.10556706078629,7.200247797996867,1.0,1.0,0.0,15.152033690789477,118.38921,1.0,1.0,1,"{""ue1"": {""delivered_bps"": 712888.9310270183, ""delivery_ratio"": 0.7328502455815921, ""offered_bps"": 972762.0824651121}, ""ue10"": {""delivered_bps"": 95993.61542608062, ""delivery_ratio"": 1.0, ""jitter_ms"": 13.797144127516777, ""loss_percent"": 0.0, ""offered_bps"": 95993.61542608062, ""rtt_p95_ms"": 88.546314}, ""ue2"": {""delivered_bps"": 930908.0895659877, ""delivery_ratio"": 1.0, ""offered_bps"": 716496.9939388627}, ""ue3"": {""delivered_bps"": 1050390.8598064, ""delivery_ratio"": 0.9162581224085493, ""offered_bps"": 1146391.8672232435}, ""ue4"": {""delivered_bps"": 791442.862922767, ""delivery_ratio"": 0.9955838394822102, ""offered_bps"": 794953.505205936}, ""ue5"": {""delivered_bps"": 986027.8316971136, ""delivery_ratio"": 1.0, ""offered_bps"": 707102.6959948569}, ""ue6"": {""delivered_bps"": 1020041.2042450487, ""delivery_ratio"": 0.9270969296681847, ""offered_bps"": 1100253.0281382008}, ""ue7"": {""delivered_bps"": 752229.8920314269, ""delivery_ratio"": 0.8011052382533459, ""offered_bps"": 938990.105309407}, ""ue8"": {""delivered_bps"": 956318.1267011043, ""delivery_ratio"": 1.0, ""offered_bps"": 728616.7825106705}, ""ue9"": {""delivered_bps"": 95993.74522790557, ""delivery_ratio"": 1.0, ""jitter_ms"": 15.152033690789477, ""loss_percent"": 0.0, ""offered_bps"": 95993.74522790557, ""rtt_p95_ms"": 118.38921}}"
1785385320.9590392,round-1-ue9-ue10-1785385295,MEDIUM_70,0,8.0,2.0,8.662409694409032,6.063686786086321,6.4833693345877474,1.0,1.0,0.0,15.910728476510064,116.339764,1.0,1.0,1,"{""ue1"": {""delivered_bps"": 965255.6798601925, ""delivery_ratio"": 1.0, ""offered_bps"": 911367.4011957787}, ""ue10"": {""delivered_bps"": 95991.87480143351, ""delivery_ratio"": 1.0, ""jitter_ms"": 13.159042907894733, ""loss_percent"": 0.0, ""offered_bps"": 95991.87480143351, ""rtt_p95_ms"": 96.076715}, ""ue2"": {""delivered_bps"": 977963.0458259374, ""delivery_ratio"": 1.0, ""offered_bps"": 945000.0}, ""ue3"": {""delivered_bps"": 820541.347487702, ""delivery_ratio"": 1.0, ""offered_bps"": 743508.2463819601}, ""ue4"": {""delivered_bps"": 948243.1735357757, ""delivery_ratio"": 1.0, ""offered_bps"": 911265.5347063548}, ""ue5"": {""delivered_bps"": 480079.164829284, ""delivery_ratio"": 1.0, ""offered_bps"": 462811.0623887427}, ""ue6"": {""delivered_bps"": 675827.0151152117, ""delivery_ratio"": 0.9899114522960479, ""offered_bps"": 682714.614067416}, ""ue7"": {""delivered_bps"": 973657.9054672656, ""delivery_ratio"": 1.0, ""offered_bps"": 944398.9029558022}, ""ue8"": {""delivered_bps"": 641802.0024663783, ""delivery_ratio"": 1.0, ""offered_bps"": 462621.0243902662}, ""ue9"": {""delivered_bps"": 95992.69028536184, ""delivery_ratio"": 1.0, ""jitter_ms"": 15.910728476510064, ""loss_percent"": 0.0, ""offered_bps"": 95992.69028536184, ""rtt_p95_ms"": 116.339764}}"
1785385322.0014954,round-1-ue9-ue10-1785385295,MEDIUM_70,1,8.0,2.0,8.681889553547045,6.077322687482932,6.4833693345877474,1.0,1.0,0.0,13.558599718120806,93.637307,1.0,1.0,1,"{""ue1"": {""delivered_bps"": 965255.6798601925, ""delivery_ratio"": 1.0, ""offered_bps"": 842686.5357326763}, ""ue10"": {""delivered_bps"": 95993.64269158636, ""delivery_ratio"": 1.0, ""jitter_ms"": 12.401374554054055, ""loss_percent"": 0.0, ""offered_bps"": 95993.64269158636, ""rtt_p95_ms"": 84.823913}, ""ue2"": {""delivered_bps"": 977963.0458259374, ""delivery_ratio"": 1.0, ""offered_bps"": 830499.243373778}, ""ue3"": {""delivered_bps"": 820541.347487702, ""delivery_ratio"": 1.0, ""offered_bps"": 653467.2814387397}, ""ue4"": {""delivered_bps"": 948243.1735357757, ""delivery_ratio"": 1.0, ""offered_bps"": 695107.2884272969}, ""ue5"": {""delivered_bps"": 480079.164829284, ""delivery_ratio"": 0.96869925876321, ""offered_bps"": 495591.5476204934}, ""ue6"": {""delivered_bps"": 675827.0151152117, ""delivery_ratio"": 0.817758507755894, ""offered_bps"": 826438.3784521265}, ""ue7"": {""delivered_bps"": 973657.9054672656, ""delivery_ratio"": 1.0, ""offered_bps"": 938596.5271409396}, ""ue8"": {""delivered_bps"": 641802.0024663783, ""delivery_ratio"": 0.8073632280755416, ""offered_bps"": 794935.885296881}, ""ue9"": {""delivered_bps"": 95993.40141474734, ""delivery_ratio"": 1.0, ""jitter_ms"": 13.558599718120806, ""loss_percent"": 0.0, ""offered_bps"": 95993.40141474734, ""rtt_p95_ms"": 93.637307}}"
1785385323.0377474,round-1-ue9-ue10-1785385295,MEDIUM_70,2,8.0,2.0,8.144537667757398,5.701176367430177,6.14786856338374,1.0,1.0,0.0,12.187763382550333,77.442668,1.0,1.0,1,"{""ue1"": {""delivered_bps"": 828852.2628402576, ""delivery_ratio"": 1.0, ""offered_bps"": 749340.79808115}, ""ue10"": {""delivered_bps"": 97913.41898268595, ""delivery_ratio"": 1.0, ""jitter_ms"": 11.729060726666663, ""loss_percent"": 0.0, ""offered_bps"": 95993.54802224113, ""rtt_p95_ms"": 77.442668}, ""ue2"": {""delivered_bps"": 883970.9603170186, ""delivery_ratio"": 1.0, ""offered_bps"": 869124.9556676694}, ""ue3"": {""delivered_bps"": 641570.2797222452, ""delivery_ratio"": 1.0, ""offered_bps"": 569701.4642175573}, ""ue4"": {""delivered_bps"": 611861.1377980467, ""delivery_ratio"": 1.0, ""offered_bps"": 478720.0949382067}, ""ue5"": {""delivered_bps"": 548667.2171730687, ""delivery_ratio"": 0.9966089799118562, ""offered_bps"": 550534.089329192}, ""ue6"": {""delivered_bps"": 760618.8270261991, ""delivery_ratio"": 1.0, ""offered_bps"": 627164.1854027009}, ""ue7"": {""delivered_bps"": 967050.9678627175, ""delivery_ratio"": 1.0, ""offered_bps"": 911590.7797937011}, ""ue8"": {""delivered_bps"": 905276.9106441868, ""delivery_ratio"": 0.9579649848086632, ""offered_bps"": 945000.0}, ""ue9"": {""delivered_bps"": 95989.75711092306, ""delivery_ratio"": 1.0, ""jitter_ms"": 12.187763382550333, ""loss_percent"": 0.0, ""offered_bps"": 95989.75711092306, ""rtt_p95_ms"": 61.816236}}"
1785385324.0724304,round-1-ue9-ue10-1785385295,MEDIUM_70,3,8.0,2.0,8.430781493563394,5.901547045494377,6.14786856338374,1.0,1.0,0.0,14.136494080536918,106.172334,1.0,1.0,1,"{""ue1"": {""delivered_bps"": 828852.2628402576, ""delivery_ratio"": 1.0, ""offered_bps"": 647443.4376050632}, ""ue10"": {""delivered_bps"": 94073.17893074299, ""delivery_ratio"": 1.0, ""jitter_ms"": 12.65527802684564, ""loss_percent"": 0.0, ""offered_bps"": 95993.03972524795, ""rtt_p95_ms"": 94.540452}, ""ue2"": {""delivered_bps"": 883970.9603170186, ""delivery_ratio"": 1.0, ""offered_bps"": 831177.0671360785}, ""ue3"": {""delivered_bps"": 641570.2797222452, ""delivery_ratio"": 1.0, ""offered_bps"": 503549.1011314886}, ""ue4"": {""delivered_bps"": 611861.1377980467, ""delivery_ratio"": 1.0, ""offered_bps"": 541937.0001926185}, ""ue5"": {""delivered_bps"": 548667.2171730687, ""delivery_ratio"": 0.8825691239971151, ""offered_bps"": 621670.5323750507}, ""ue6"": {""delivered_bps"": 760618.8270261991, ""delivery_ratio"": 0.8048876476467716, ""offered_bps"": 945000.0}, ""ue7"": {""delivered_bps"": 967050.9678627175, ""delivery_ratio"": 1.0, ""offered_bps"": 865769.9070540774}, ""ue8"": {""delivered_bps"": 905276.9106441868, ""delivery_ratio"": 0.9579649848086632, ""offered_bps"": 945000.0}, ""ue9"": {""delivered_bps"": 95992.60607689786, ""delivery_ratio"": 1.0, ""jitter_ms"": 14.136494080536918, ""loss_percent"": 0.0, ""offered_bps"": 95992.60607689786, ""rtt_p95_ms"": 106.172334}}"
1785385325.1083248,round-1-ue9-ue10-1785385295,MEDIUM_70,4,8.0,2.0,8.20141439509539,5.740990076566773,5.910050160882268,1.0,1.0,0.0,14.582312322147658,106.172334,1.0,1.0,1,"{""ue1"": {""delivered_bps"": 628781.8345602283, ""delivery_ratio"": 1.0, ""offered_bps"": 554646.4302602864}, ""ue10"": {""delivered_bps"": 97913.29725373411, ""delivery_ratio"": 1.0, ""jitter_ms"": 11.539760206666669, ""loss_percent"": 0.0, ""offered_bps"": 95993.42868013149, ""rtt_p95_ms"": 81.963787}, ""ue2"": {""delivered_bps"": 735053.1309350344, ""delivery_ratio"": 0.823300513680803, ""offered_bps"": 892812.6713401001}, ""ue3"": {""delivered_bps"": 507274.08002376003, ""delivery_ratio"": 1.0, ""offered_bps"": 463918.3797133727}, ""ue4"": {""delivered_bps"": 531060.5506656411, ""delivery_ratio"": 1.0, ""offered_bps"": 477352.1406289343}, ""ue5"": {""delivered_bps"": 694478.5628226395, ""delivery_ratio"": 0.9902632631928026, ""offered_bps"": 701307.0045469572}, ""ue6"": {""delivered_bps"": 960472.730319962, ""delivery_ratio"": 1.0, ""offered_bps"": 900729.0359302104}, ""ue7"": {""delivered_bps"": 871149.4942310154, ""delivery_ratio"": 1.0, ""offered_bps"": 805224.414146912}, ""ue8"": {""delivered_bps"": 981779.7773239872, ""delivery_ratio"": 1.0, ""offered_bps"": 945000.0}, ""ue9"": {""delivered_bps"": 95992.51029218454, ""delivery_ratio"": 1.0, ""jitter_ms"": 14.582312322147658, ""loss_percent"": 0.0, ""offered_bps"": 95992.51029218454, ""rtt_p95_ms"": 106.172334}}"
1785385326.1479564,round-1-ue9-ue10-1785385295,MEDIUM_70,5,8.0,2.0,7.515201195778188,5.260640837044731,5.910050160882268,1.0,0.9866666666666667,1.3333333333333333,13.914412547945208,96.87355,1.0,1.0,1,"{""ue1"": {""delivered_bps"": 628781.8345602283, ""delivery_ratio"": 1.0, ""offered_bps"": 486982.1499514225}, ""ue10"": {""delivered_bps"": 92153.84532072056, ""delivery_ratio"": 0.9933333333333333, ""jitter_ms"": 10.938514687074829, ""loss_percent"": 0.6666666666666666, ""offered_bps"": 95993.58887575059, ""rtt_p95_ms"": 81.963787}, ""ue2"": {""delivered_bps"": 735053.1309350344, ""delivery_ratio"": 0.7778340009894543, ""offered_bps"": 945000.0}, ""ue3"": {""delivered_bps"": 507274.08002376003, ""delivery_ratio"": 1.0, ""offered_bps"": 456199.2747170138}, ""ue4"": {""delivered_bps"": 531060.5506656411, ""delivery_ratio"": 1.0, ""offered_bps"": 481566.0862805453}, ""ue5"": {""delivered_bps"": 694478.5628226395, ""delivery_ratio"": 0.889454038682727, ""offered_bps"": 780791.9607078918}, ""ue6"": {""delivered_bps"": 960472.730319962, ""delivery_ratio"": 1.0, ""offered_bps"": 530333.7781178809}, ""ue7"": {""delivered_bps"": 871149.4942310154, ""delivery_ratio"": 1.0, ""offered_bps"": 735324.6463195314}, ""ue8"": {""delivered_bps"": 981779.7773239872, ""delivery_ratio"": 1.0, ""offered_bps"": 844442.9409504456}, ""ue9"": {""delivered_bps"": 90233.8116571496, ""delivery_ratio"": 0.9866666666666667, ""jitter_ms"": 13.914412547945208, ""loss_percent"": 1.3333333333333333, ""offered_bps"": 95993.41665654213, ""rtt_p95_ms"": 96.87355}}"
1785385330.1864176,round-1-ue9-ue10-1785385295,STRONG_40,0,8.0,2.0,7.768027704402965,3.1072110817611867,3.393047063811923,1.0,1.0,0.0,16.953860609271512,121.803468,1.0,1.0,0,"{""ue1"": {""delivered_bps"": 297144.798314703, ""delivery_ratio"": 0.8638828062825274, ""offered_bps"": 343964.24625393416}, ""ue10"": {""delivered_bps"": 95992.8443997486, ""delivery_ratio"": 1.0, ""jitter_ms"": 10.536706220000001, ""loss_percent"": 0.0, ""offered_bps"": 95992.8443997486, ""rtt_p95_ms"": 59.879414}, ""ue2"": {""delivered_bps"": 454300.5272677707, ""delivery_ratio"": 0.9139185441635956, ""offered_bps"": 497090.8295591482}, ""ue3"": {""delivered_bps"": 343861.15060452867, ""delivery_ratio"": 0.8575941124431868, ""offered_bps"": 400960.2510270364}, ""ue4"": {""delivered_bps"": 539541.8714459185, ""delivery_ratio"": 1.0, ""offered_bps"": 348635.84235435183}, ""ue5"": {""delivered_bps"": 547941.2156076166, ""delivery_ratio"": 1.0, ""offered_bps"": 539455.4989867532}, ""ue6"": {""delivered_bps"": 428894.51102248195, ""delivery_ratio"": 1.0, ""offered_bps"": 404024.8393495393}, ""ue7"": {""delivered_bps"": 335461.80644283054, ""delivery_ratio"": 1.0, ""offered_bps"": 278401.0559048368}, ""ue8"": {""delivered_bps"": 445901.1831060726, ""delivery_ratio"": 1.0, ""offered_bps"": 294678.51832558634}, ""ue9"": {""delivered_bps"": 94073.75564538654, ""delivery_ratio"": 1.0, ""jitter_ms"": 16.953860609271512, ""loss_percent"": 0.0, ""offered_bps"": 95993.6282095781, ""rtt_p95_ms"": 121.803468}}"
1785385331.2224255,round-1-ue9-ue10-1785385295,STRONG_40,1,8.0,2.0,8.184082914473043,3.2736331657892173,3.3485646429200213,1.0,1.0,0.0,14.988197547297302,109.735458,1.0,1.0,1,"{""ue1"": {""delivered_bps"": 390685.0787960777, ""delivery_ratio"": 0.9742954333691463, ""offered_bps"": 400992.41504712345}, ""ue10"": {""delivered_bps"": 94073.22448594903, ""delivery_ratio"": 1.0, ""jitter_ms"": 9.761292751677853, ""loss_percent"": 0.0, ""offered_bps"": 95993.08621015208, ""rtt_p95_ms"": 38.440584}, ""ue2"": {""delivered_bps"": 484255.5394408434, ""delivery_ratio"": 1.0, ""offered_bps"": 421453.2275584601}, ""ue3"": {""delivered_bps"": 446023.99668723554, ""delivery_ratio"": 0.9879601479738013, ""offered_bps"": 451459.5022906361}, ""ue4"": {""delivered_bps"": 377978.5719118731, ""delivery_ratio"": 1.0, ""offered_bps"": 364963.7907892009}, ""ue5"": {""delivered_bps"": 556701.8324695512, ""delivery_ratio"": 1.0, ""offered_bps"": 527893.1311509878}, ""ue6"": {""delivered_bps"": 422019.26075989695, ""delivery_ratio"": 1.0, ""offered_bps"": 405065.57520273357}, ""ue7"": {""delivered_bps"": 284312.09232339804, ""delivery_ratio"": 1.0, ""offered_bps"": 263353.0835240404}, ""ue8"": {""delivered_bps"": 386588.2705311452, ""delivery_ratio"": 0.8817108426442971, ""offered_bps"": 438452.44022603455}, ""ue9"": {""delivered_bps"": 94073.61468561747, ""delivery_ratio"": 1.0, ""jitter_ms"": 14.988197547297302, ""loss_percent"": 0.0, ""offered_bps"": 95993.48437307906, ""rtt_p95_ms"": 109.735458}}"
1785385332.2656803,round-1-ue9-ue10-1785385295,STRONG_40,2,8.0,2.0,8.368236286805406,3.3472945147221624,3.3485646429200213,1.0,1.0,0.0,10.968666763513513,59.879414,1.0,1.0,1,"{""ue1"": {""delivered_bps"": 390685.0787960777, ""delivery_ratio"": 0.8532985204920306, ""offered_bps"": 457852.75541178737}, ""ue10"": {""delivered_bps"": 95993.11173217147, ""delivery_ratio"": 1.0, ""jitter_ms"": 10.73486972972973, ""loss_percent"": 0.0, ""offered_bps"": 95993.11173217147, ""rtt_p95_ms"": 59.879414}, ""ue2"": {""delivered_bps"": 484255.5394408434, ""delivery_ratio"": 1.0, ""offered_bps"": 411339.0700904446}, ""ue3"": {""delivered_bps"": 446023.99668723554, ""delivery_ratio"": 0.9010036253194484, ""offered_bps"": 495030.1909485646}, ""ue4"": {""delivered_bps"": 377978.5719118731, ""delivery_ratio"": 1.0, ""offered_bps"": 337422.1691699766}, ""ue5"": {""delivered_bps"": 556701.8324695512, ""delivery_ratio"": 1.0, ""offered_bps"": 502463.6400761624}, ""ue6"": {""delivered_bps"": 422019.26075989695, ""delivery_ratio"": 0.8221572651533544, ""offered_bps"": 513307.220706952}, ""ue7"": {""delivered_bps"": 284312.09232339804, ""delivery_ratio"": 1.0, ""offered_bps"": 260447.58601105073}, ""ue8"": {""delivered_bps"": 386588.2705311452, ""delivery_ratio"": 1.0, ""offered_bps"": 369431.8823072244}, ""ue9"": {""delivered_bps"": 97913.60075603252, ""delivery_ratio"": 1.0, ""jitter_ms"": 10.968666763513513, ""loss_percent"": 0.0, ""offered_bps"": 95993.72623140443, ""rtt_p95_ms"": 44.09889}}"
1785385333.3083038,round-1-ue9-ue10-1785385295,STRONG_40,3,8.0,2.0,8.775893355758527,3.510357342303411,3.5895745536772092,1.0,1.0,0.0,11.300936108108106,47.587791,1.0,1.0,1,"{""ue1"": {""delivered_bps"": 505647.80796071765, ""delivery_ratio"": 1.0, ""offered_bps"": 504708.62408897246}, ""ue10"": {""delivered_bps"": 95993.44968789705, ""delivery_ratio"": 1.0, ""jitter_ms"": 11.300936108108106, ""loss_percent"": 0.0, ""offered_bps"": 95993.44968789705, ""rtt_p95_ms"": 47.587791}, ""ue2"": {""delivered_bps"": 420386.3508806903, ""delivery_ratio"": 1.0, ""offered_bps"": 396310.0613127499}, ""ue3"": {""delivered_bps"": 531059.8188171523, ""delivery_ratio"": 1.0, ""offered_bps"": 525750.3542281373}, ""ue4"": {""delivered_bps"": 411985.0248733678, ""delivery_ratio"": 0.9172493261992376, ""offered_bps"": 449152.7146501056}, ""ue5"": {""delivered_bps"": 505647.80796071765, ""delivery_ratio"": 1.0, ""offered_bps"": 465934.2774553269}, ""ue6"": {""delivered_bps"": 475723.0848489213, ""delivery_ratio"": 1.0, ""offered_bps"": 394413.2296870171}, ""ue7"": {""delivered_bps"": 280204.22550136613, ""delivery_ratio"": 1.0, ""offered_bps"": 269948.2530342488}, ""ue8"": {""delivered_bps"": 458920.4328342763, ""delivery_ratio"": 0.9103038631053896, ""offered_bps"": 504139.82784685295}, ""ue9"": {""delivered_bps"": 95993.6776450934, ""delivery_ratio"": 1.0, ""jitter_ms"": 10.72396408053692, ""loss_percent"": 0.0, ""offered_bps"": 95993.6776450934, ""rtt_p95_ms"": 45.577606}}"
1785385334.3520808,round-1-ue9-ue10-1785385295,STRONG_40,4,8.0,2.0,7.732394449475952,3.0929577797903804,3.5895745536772092,1.0,1.0,0.0,11.67056026845637,83.358288,1.0,1.0,1,"{""ue1"": {""delivered_bps"": 505647.80796071765, ""delivery_ratio"": 0.9478654732886076, ""offered_bps"": 533459.4646710559}, ""ue10"": {""delivered_bps"": 95993.48772538535, ""delivery_ratio"": 1.0, ""jitter_ms"": 11.67056026845637, ""loss_percent"": 0.0, ""offered_bps"": 95993.48772538535, ""rtt_p95_ms"": 83.358288}, ""ue2"": {""delivered_bps"": 420386.3508806903, ""delivery_ratio"": 1.0, ""offered_bps"": 387709.539825287}, ""ue3"": {""delivered_bps"": 531059.8188171523, ""delivery_ratio"": 0.9843761147150145, ""offered_bps"": 539488.728828918}, ""ue4"": {""delivered_bps"": 411985.0248733678, ""delivery_ratio"": 1.0, ""offered_bps"": 271852.9279764618}, ""ue5"": {""delivered_bps"": 505647.80796071765, ""delivery_ratio"": 1.0, ""offered_bps"": 422256.1100524715}, ""ue6"": {""delivered_bps"": 475723.0848489213, ""delivery_ratio"": 1.0, ""offered_bps"": 266813.0920856564}, ""ue7"": {""delivered_bps"": 280204.22550136613, ""delivery_ratio"": 0.9629016764755929, ""offered_bps"": 290999.8313918904}, ""ue8"": {""delivered_bps"": 458920.4328342763, ""delivery_ratio"": 1.0, ""offered_bps"": 380378.08495863935}, ""ue9"": {""delivered_bps"": 95993.58485297459, ""delivery_ratio"": 1.0, ""jitter_ms"": 11.251165739999998, ""loss_percent"": 0.0, ""offered_bps"": 95993.58485297459, ""rtt_p95_ms"": 49.480893}}"
1785385335.3898938,round-1-ue9-ue10-1785385295,STRONG_40,5,8.0,2.0,8.401140628465692,3.360456251386277,3.382776644348958,1.0,1.0,0.0,11.293352798657716,49.586534,1.0,1.0,1,"{""ue1"": {""delivered_bps"": 560695.8805682157, ""delivery_ratio"": 1.0, ""offered_bps"": 539122.2361683126}, ""ue10"": {""delivered_bps"": 94071.90125659462, ""delivery_ratio"": 1.0, ""jitter_ms"": 10.728548925675678, ""loss_percent"": 0.0, ""offered_bps"": 95991.73597611695, ""rtt_p95_ms"": 47.345973}, ""ue2"": {""delivered_bps"": 424472.5004107678, ""delivery_ratio"": 0.998223055038603, ""offered_bps"": 425228.10735357413}, ""ue3"": {""delivered_bps"": 560695.8805682157, ""delivery_ratio"": 1.0, ""offered_bps"": 534382.7217952713}, ""ue4"": {""delivered_bps"": 305458.9778380815, ""delivery_ratio"": 0.9809313384774186, ""offered_bps"": 311396.8999218728}, ""ue5"": {""delivered_bps"": 420170.03601457743, ""delivery_ratio"": 1.0, ""offered_bps"": 376166.6636526012}, ""ue6"": {""delivered_bps"": 343765.3058264679, ""delivery_ratio"": 0.8949476791435798, ""offered_bps"": 384117.7689353127}, ""ue7"": {""delivered_bps"": 326043.63091576553, ""delivery_ratio"": 1.0, ""offered_bps"": 321744.7772037083}, ""ue8"": {""delivered_bps"": 441474.43220686587, ""delivery_ratio"": 0.9427230160019424, ""offered_bps"": 468297.07635562407}, ""ue9"": {""delivered_bps"": 95992.66212646414, ""delivery_ratio"": 1.0, ""jitter_ms"": 11.293352798657716, ""loss_percent"": 0.0, ""offered_bps"": 95992.66212646414, ""rtt_p95_ms"": 49.586534}}"
1785385343.4610598,round-2-ue9-1785385336,EQUAL_100,0,8.0,1.0,7.59403577638827,7.59403577638827,8.081901167051317,1.0,1.0,0.0,13.110291053333334,77.823259,1.0,0.0,1,"{""ue1"": {""delivered_bps"": 692730.1567231104, ""delivery_ratio"": 1.0, ""offered_bps"": 667969.6740643235}, ""ue2"": {""delivered_bps"": 1364938.1165462325, ""delivery_ratio"": 1.0, ""offered_bps"": 1350000.0}, ""ue3"": {""delivered_bps"": 688425.6959308322, ""delivery_ratio"": 1.0, ""offered_bps"": 651746.277150567}, ""ue4"": {""delivered_bps"": 1118191.7023569008, ""delivery_ratio"": 1.0, ""offered_bps"": 1043427.6765052612}, ""ue5"": {""delivered_bps"": 871441.2877393233, ""delivery_ratio"": 0.9809398433678145, ""offered_bps"": 888373.8321276105}, ""ue6"": {""delivered_bps"": 1084172.0605562185, ""delivery_ratio"": 1.0, ""offered_bps"": 808791.1952287841}, ""ue7"": {""delivered_bps"": 1403262.219139193, ""delivery_ratio"": 1.0, ""offered_bps"": 1340783.9778957623}, ""ue8"": {""delivered_bps"": 858739.9280595061, ""delivery_ratio"": 1.0, ""offered_bps"": 842943.1434159601}, ""ue9"": {""delivered_bps"": 97913.0007743361, ""delivery_ratio"": 1.0, ""jitter_ms"": 13.110291053333334, ""loss_percent"": 0.0, ""offered_bps"": 95993.138014055, ""rtt_p95_ms"": 77.823259}}"
1785385344.4979336,round-2-ue9-1785385336,EQUAL_100,1,8.0,1.0,6.923135054623058,6.923135054623058,8.081901167051317,1.0,1.0,0.0,12.2542575472973,77.823259,1.0,0.0,1,"{""ue1"": {""delivered_bps"": 692730.1567231104, ""delivery_ratio"": 0.9339220168064992, ""offered_bps"": 741743.0409145587}, ""ue2"": {""delivered_bps"": 1364938.1165462325, ""delivery_ratio"": 1.0, ""offered_bps"": 866475.7315510408}, ""ue3"": {""delivered_bps"": 688425.6959308322, ""delivery_ratio"": 1.0, ""offered_bps"": 687870.0177566739}, ""ue4"": {""delivered_bps"": 1118191.7023569008, ""delivery_ratio"": 1.0, ""offered_bps"": 692495.2410476116}, ""ue5"": {""delivered_bps"": 871441.2877393233, ""delivery_ratio"": 0.8695783552767907, ""offered_bps"": 1002142.3399642229}, ""ue6"": {""delivered_bps"": 1084172.0605562185, ""delivery_ratio"": 1.0, ""offered_bps"": 889255.3838015368}, ""ue7"": {""delivered_bps"": 1403262.219139193, ""delivery_ratio"": 1.0, ""offered_bps"": 1302104.519523151}, ""ue8"": {""delivered_bps"": 858739.9280595061, ""delivery_ratio"": 1.0, ""offered_bps"": 741048.7800642626}, ""ue9"": {""delivered_bps"": 94073.70649777459, ""delivery_ratio"": 1.0, ""jitter_ms"": 12.2542575472973, ""loss_percent"": 0.0, ""offered_bps"": 95993.57805895367, ""rtt_p95_ms"": 77.823259}}"
1785385345.5389378,round-2-ue9-1785385336,EQUAL_100,2,8.0,1.0,8.066743074378998,8.066743074378998,7.819222558415358,0.9693159291573578,1.0,0.0,12.33046379194631,71.312644,1.0,0.0,1,"{""ue1"": {""delivered_bps"": 837098.8906440086, ""delivery_ratio"": 0.9732038282870294, ""offered_bps"": 860147.5521499088}, ""ue2"": {""delivered_bps"": 845496.5521228601, ""delivery_ratio"": 1.0, ""offered_bps"": 750294.1044669307}, ""ue3"": {""delivered_bps"": 760476.2279791165, ""delivery_ratio"": 0.9925491640826536, ""offered_bps"": 766184.9462963112}, ""ue4"": {""delivered_bps"": 1066746.9398856673, ""delivery_ratio"": 0.7901829184338276, ""offered_bps"": 1350000.0}, ""ue5"": {""delivered_bps"": 1100757.4688750156, ""delivery_ratio"": 0.9866154461558234, ""offered_bps"": 1115690.4882889548}, ""ue6"": {""delivered_bps"": 956125.7448906822, ""delivery_ratio"": 1.0, ""offered_bps"": 940473.5912739495}, ""ue7"": {""delivered_bps"": 1321799.9145440608, ""delivery_ratio"": 1.0, ""offered_bps"": 1236595.9489852134}, ""ue8"": {""delivered_bps"": 930720.8194739472, ""delivery_ratio"": 0.8886380809203237, ""offered_bps"": 1047356.4429177289}, ""ue9"": {""delivered_bps"": 95993.30348297885, ""delivery_ratio"": 1.0, ""jitter_ms"": 12.33046379194631, ""loss_percent"": 0.0, ""offered_bps"": 95993.30348297885, ""rtt_p95_ms"": 71.312644}}"
1785385346.5804389,round-2-ue9-1785385336,EQUAL_100,3,8.0,1.0,8.428437262966543,8.428437262966543,7.819222558415358,0.9277191387271759,1.0,0.0,12.49290248993289,77.961351,1.0,0.0,1,"{""ue1"": {""delivered_bps"": 837098.8906440086, ""delivery_ratio"": 0.8348094565726584, ""offered_bps"": 1002742.4630295272}, ""ue2"": {""delivered_bps"": 845496.5521228601, ""delivery_ratio"": 1.0, ""offered_bps"": 689890.0322822918}, ""ue3"": {""delivered_bps"": 760476.2279791165, ""delivery_ratio"": 0.8680632599635211, ""offered_bps"": 876060.8391732583}, ""ue4"": {""delivered_bps"": 1066746.9398856673, ""delivery_ratio"": 0.854692653515776, ""offered_bps"": 1248105.8957247457}, ""ue5"": {""delivered_bps"": 1100757.4688750156, ""delivery_ratio"": 0.9047034067126442, ""offered_bps"": 1216705.3431077031}, ""ue6"": {""delivered_bps"": 956125.7448906822, ""delivery_ratio"": 1.0, ""offered_bps"": 906607.1430397776}, ""ue7"": {""delivered_bps"": 1321799.9145440608, ""delivery_ratio"": 1.0, ""offered_bps"": 1150016.9491316497}, ""ue8"": {""delivered_bps"": 930720.8194739472, ""delivery_ratio"": 0.6954455954539536, ""offered_bps"": 1338308.5974775888}, ""ue9"": {""delivered_bps"": 97912.958101146, ""delivery_ratio"": 1.0, ""jitter_ms"": 12.49290248993289, ""loss_percent"": 0.0, ""offered_bps"": 95993.09617759411, ""rtt_p95_ms"": 77.961351}}"
1785385347.6309855,round-2-ue9-1785385336,EQUAL_100,4,8.0,1.0,9.045221762950836,9.045221762950836,9.092430756696661,1.0,1.0,0.0,14.391557653333336,96.883869,1.0,0.0,1,"{""ue1"": {""delivered_bps"": 1117722.237456164, ""delivery_ratio"": 0.9762867653103395, ""offered_bps"": 1144870.828092057}, ""ue2"": {""delivered_bps"": 1028402.1878777529, ""delivery_ratio"": 0.7979447589383187, ""offered_bps"": 1288813.7635568436}, ""ue3"": {""delivered_bps"": 979125.6077212967, ""delivery_ratio"": 0.9765037218612067, ""offered_bps"": 1002684.9727260565}, ""ue4"": {""delivered_bps"": 1139027.5704979233, ""delivery_ratio"": 1.0, ""offered_bps"": 944967.3941333352}, ""ue5"": {""delivered_bps"": 1309262.2998999075, ""delivery_ratio"": 1.0, ""offered_bps"": 1294201.9671461894}, ""ue6"": {""delivered_bps"": 1105022.2116039442, ""delivery_ratio"": 0.9117638245231514, ""offered_bps"": 1211961.016529545}, ""ue7"": {""delivered_bps"": 1143122.2891606037, ""delivery_ratio"": 1.0, ""offered_bps"": 1050137.456486337}, ""ue8"": {""delivered_bps"": 1270746.3524790695, ""delivery_ratio"": 1.0, ""offered_bps"": 1107584.3642804716}, ""ue9"": {""delivered_bps"": 95993.52947279262, ""delivery_ratio"": 1.0, ""jitter_ms"": 14.391557653333336, ""loss_percent"": 0.0, ""offered_bps"": 95993.52947279262, ""rtt_p95_ms"": 96.883869}}"
1785385348.6744618,round-2-ue9-1785385336,EQUAL_100,5,8.0,1.0,8.336643233427392,8.336643233427392,9.092430756696661,1.0,1.0,0.0,14.028989709459454,83.88331,1.0,0.0,1,"{""ue1"": {""delivered_bps"": 1117722.237456164, ""delivery_ratio"": 0.8857057492422417, ""offered_bps"": 1261956.624321816}, ""ue2"": {""delivered_bps"": 1028402.1878777529, ""delivery_ratio"": 1.0, ""offered_bps"": 883464.0055605463}, ""ue3"": {""delivered_bps"": 979125.6077212967, ""delivery_ratio"": 0.8672963110360523, ""offered_bps"": 1128940.1272232505}, ""ue4"": {""delivered_bps"": 1139027.5704979233, ""delivery_ratio"": 1.0, ""offered_bps"": 762730.401504594}, ""ue5"": {""delivered_bps"": 1309262.2998999075, ""delivery_ratio"": 0.977188451798152, ""offered_bps"": 1339825.8007354643}, ""ue6"": {""delivered_bps"": 1105022.2116039442, ""delivery_ratio"": 0.8693111440115698, ""offered_bps"": 1271146.952637291}, ""ue7"": {""delivered_bps"": 1143122.2891606037, ""delivery_ratio"": 1.0, ""offered_bps"": 945810.2304799}, ""ue8"": {""delivered_bps"": 1270746.3524790695, ""delivery_ratio"": 1.0, ""offered_bps"": 742769.0909645302}, ""ue9"": {""delivered_bps"": 95993.26021606308, ""delivery_ratio"": 1.0, ""jitter_ms"": 14.028989709459454, ""loss_percent"": 0.0, ""offered_bps"": 95993.26021606308, ""rtt_p95_ms"": 83.88331}}"
1785385352.7184348,round-2-ue9-1785385336,LIGHT_85,0,8.0,1.0,8.344236622660446,7.092601129261378,8.019884538291834,1.0,1.0,0.0,11.048855886666665,62.448636,1.0,0.0,1,"{""ue1"": {""delivered_bps"": 1279926.890318966, ""delivery_ratio"": 1.0, ""offered_bps"": 1022893.2637797401}, ""ue2"": {""delivered_bps"": 858221.7991616228, ""delivery_ratio"": 1.0, ""offered_bps"": 759315.325497392}, ""ue3"": {""delivered_bps"": 1283110.8079560606, ""delivery_ratio"": 1.0, ""offered_bps"": 1135492.6232053933}, ""ue4"": {""delivered_bps"": 977470.7143810963, ""delivery_ratio"": 1.0, ""offered_bps"": 938702.6904411397}, ""ue5"": {""delivered_bps"": 1241399.8869515099, ""delivery_ratio"": 1.0, ""offered_bps"": 989896.8483992991}, ""ue6"": {""delivered_bps"": 854317.9001493058, ""delivery_ratio"": 0.9910001886737108, ""offered_bps"": 862076.4253260824}, ""ue7"": {""delivered_bps"": 705341.7539262054, ""delivery_ratio"": 1.0, ""offered_bps"": 553473.0045979607}, ""ue8"": {""delivered_bps"": 820094.7854470679, ""delivery_ratio"": 0.9871728553632438, ""offered_bps"": 830750.9480143705}, ""ue9"": {""delivered_bps"": 97913.18815384834, ""delivery_ratio"": 1.0, ""jitter_ms"": 11.048855886666665, ""loss_percent"": 0.0, ""offered_bps"": 95993.32171945916, ""rtt_p95_ms"": 62.448636}}"
1785385353.7698765,round-2-ue9-1785385336,LIGHT_85,1,8.0,1.0,8.328093504722188,7.07887947901386,7.705021933270149,1.0,1.0,0.0,11.652199315436235,77.885802,1.0,0.0,1,"{""ue1"": {""delivered_bps"": 1007737.4723439207, ""delivery_ratio"": 1.0, ""offered_bps"": 785757.3261500181}, ""ue2"": {""delivered_bps"": 922666.3343055965, ""delivery_ratio"": 1.0, ""offered_bps"": 691158.2664665258}, ""ue3"": {""delivered_bps"": 1161066.38488936, ""delivery_ratio"": 1.0, ""offered_bps"": 1004579.7962393048}, ""ue4"": {""delivered_bps"": 1088915.3684222577, ""delivery_ratio"": 0.9489458548342116, ""offered_bps"": 1147500.0}, ""ue5"": {""delivered_bps"": 986418.6715599411, ""delivery_ratio"": 1.0, ""offered_bps"": 799100.6634954546}, ""ue6"": {""delivered_bps"": 1046069.7004802806, ""delivery_ratio"": 0.9116075821178915, ""offered_bps"": 1147500.0}, ""ue7"": {""delivered_bps"": 582185.7196075523, ""delivery_ratio"": 1.0, ""offered_bps"": 573735.9486289745}, ""ue8"": {""delivered_bps"": 909962.2816612393, ""delivery_ratio"": 0.9789303969564043, ""offered_bps"": 929547.4780335824}, ""ue9"": {""delivered_bps"": 97912.49608418065, ""delivery_ratio"": 1.0, ""jitter_ms"": 11.652199315436235, ""loss_percent"": 0.0, ""offered_bps"": 95992.64321978495, ""rtt_p95_ms"": 77.885802}}"
1785385354.808309,round-2-ue9-1785385336,LIGHT_85,2,8.0,1.0,7.627351294623855,6.483248600430278,7.705021933270149,1.0,1.0,0.0,12.481827513333329,78.012362,1.0,0.0,1,"{""ue1"": {""delivered_bps"": 1007737.4723439207, ""delivery_ratio"": 1.0, ""offered_bps"": 673155.1883439141}, ""ue2"": {""delivered_bps"": 922666.3343055965, ""delivery_ratio"": 1.0, ""offered_bps"": 596104.8994644984}, ""ue3"": {""delivered_bps"": 1161066.38488936, ""delivery_ratio"": 1.0, ""offered_bps"": 902303.392125552}, ""ue4"": {""delivered_bps"": 1088915.3684222577, ""delivery_ratio"": 1.0, ""offered_bps"": 963868.5480556117}, ""ue5"": {""delivered_bps"": 986418.6715599411, ""delivery_ratio"": 1.0, ""offered_bps"": 706668.3791055165}, ""ue6"": {""delivered_bps"": 1046069.7004802806, ""delivery_ratio"": 0.95702279289722, ""offered_bps"": 1093045.754232756}, ""ue7"": {""delivered_bps"": 582185.7196075523, ""delivery_ratio"": 0.9412028942449202, ""offered_bps"": 618554.9610688465}, ""ue8"": {""delivered_bps"": 909962.2816612393, ""delivery_ratio"": 0.9789303969564043, ""offered_bps"": 929547.4780335824}, ""ue9"": {""delivered_bps"": 94073.46198697825, ""delivery_ratio"": 1.0, ""jitter_ms"": 12.481827513333329, ""loss_percent"": 0.0, ""offered_bps"": 95993.32855814106, ""rtt_p95_ms"": 78.012362}}"
1785385355.8439848,round-2-ue9-1785385336,LIGHT_85,3,8.0,1.0,7.173308068131854,6.097311857912076,6.962466469672736,1.0,1.0,0.0,12.226715926666664,82.827621,1.0,0.0,1,"{""ue1"": {""delivered_bps"": 760593.8846888177, ""delivery_ratio"": 1.0, ""offered_bps"": 591129.8346786276}, ""ue2"": {""delivered_bps"": 671260.9386798919, ""delivery_ratio"": 1.0, ""offered_bps"": 614772.212196412}, ""ue3"": {""delivered_bps"": 994588.93031911, ""delivery_ratio"": 1.0, ""offered_bps"": 792965.785420377}, ""ue4"": {""delivered_bps"": 883942.6216095411, ""delivery_ratio"": 0.8617274585387654, ""offered_bps"": 1025779.8017814659}, ""ue5"": {""delivered_bps"": 786210.714881653, ""delivery_ratio"": 1.0, ""offered_bps"": 629780.5099598475}, ""ue6"": {""delivered_bps"": 1164855.8616179992, ""delivery_ratio"": 1.0, ""offered_bps"": 1034474.3245664032}, ""ue7"": {""delivered_bps"": 625698.576532073, ""delivery_ratio"": 0.91483409207134, ""offered_bps"": 683947.5943833542}, ""ue8"": {""delivered_bps"": 1075314.9413436514, ""delivery_ratio"": 1.0, ""offered_bps"": 724461.7949255881}, ""ue9"": {""delivered_bps"": 97913.36422741586, ""delivery_ratio"": 1.0, ""jitter_ms"": 12.226715926666664, ""loss_percent"": 0.0, ""offered_bps"": 95993.49434060378, ""rtt_p95_ms"": 82.827621}}"
1785385356.8863292,round-2-ue9-1785385336,LIGHT_85,4,8.0,1.0,7.108627587515035,6.04233344938778,6.962466469672736,1.0,1.0,0.0,12.120920100671142,51.145548,1.0,0.0,1,"{""ue1"": {""delivered_bps"": 760593.8846888177, ""delivery_ratio"": 1.0, ""offered_bps"": 553880.1383427569}, ""ue2"": {""delivered_bps"": 671260.9386798919, ""delivery_ratio"": 0.9339910752800218, ""offered_bps"": 718701.6626241741}, ""ue3"": {""delivered_bps"": 994588.93031911, ""delivery_ratio"": 1.0, ""offered_bps"": 691319.2789486892}, ""ue4"": {""delivered_bps"": 883942.6216095411, ""delivery_ratio"": 1.0, ""offered_bps"": 768761.9483702374}, ""ue5"": {""delivered_bps"": 786210.714881653, ""delivery_ratio"": 1.0, ""offered_bps"": 576759.7185256638}, ""ue6"": {""delivered_bps"": 1164855.8616179992, ""delivery_ratio"": 1.0, ""offered_bps"": 821310.274791895}, ""ue7"": {""delivered_bps"": 625698.576532073, ""delivery_ratio"": 0.8188695540275912, ""offered_bps"": 764100.4277843629}, ""ue8"": {""delivered_bps"": 1075314.9413436514, ""delivery_ratio"": 0.9370936308005676, ""offered_bps"": 1147500.0}, ""ue9"": {""delivered_bps"": 95993.46600244475, ""delivery_ratio"": 1.0, ""jitter_ms"": 12.120920100671142, ""loss_percent"": 0.0, ""offered_bps"": 95993.46600244475, ""rtt_p95_ms"": 51.145548}}"
1785385357.9206796,round-2-ue9-1785385336,LIGHT_85,5,8.0,1.0,6.899713650441134,5.864756602874965,6.323026727890195,1.0,1.0,0.0,12.474913463087244,67.362723,1.0,0.0,1,"{""ue1"": {""delivered_bps"": 598950.6654119103, ""delivery_ratio"": 1.0, ""offered_bps"": 567840.7182874632}, ""ue2"": {""delivered_bps"": 696685.3097572642, ""delivery_ratio"": 0.9347604755189325, ""offered_bps"": 745308.9085420511}, ""ue3"": {""delivered_bps"": 773317.9740909105, ""delivery_ratio"": 1.0, ""offered_bps"": 611112.6264432152}, ""ue4"": {""delivered_bps"": 934986.4983618039, ""delivery_ratio"": 1.0, ""offered_bps"": 727954.7886911491}, ""ue5"": {""delivered_bps"": 628867.8015922691, ""delivery_ratio"": 1.0, ""offered_bps"": 553356.009834623}, ""ue6"": {""delivered_bps"": 964699.6540682057, ""delivery_ratio"": 1.0, ""offered_bps"": 895121.4926127665}, ""ue7"": {""delivered_bps"": 752215.994079203, ""delivery_ratio"": 0.8830085109812783, ""offered_bps"": 851878.5320010937}, ""ue8"": {""delivered_bps"": 973302.8305286271, ""delivery_ratio"": 1.0, ""offered_bps"": 912183.5264626023}, ""ue9"": {""delivered_bps"": 94073.55011935096, ""delivery_ratio"": 1.0, ""jitter_ms"": 12.474913463087244, ""loss_percent"": 0.0, ""offered_bps"": 95993.41848913363, ""rtt_p95_ms"": 67.362723}}"
1785385361.9613893,round-2-ue9-1785385336,MEDIUM_70,0,8.0,1.0,8.37372589794664,5.861608128562648,5.48304872028872,0.9354171415128776,1.0,0.0,11.201877344594598,41.346334,1.0,0.0,1,"{""ue1"": {""delivered_bps"": 685649.102975691, ""delivery_ratio"": 0.8553517964692743, ""offered_bps"": 801598.9512220784}, ""ue2"": {""delivered_bps"": 637358.771529969, ""delivery_ratio"": 0.6744537264867396, ""offered_bps"": 945000.0}, ""ue3"": {""delivered_bps"": 492679.7864629647, ""delivery_ratio"": 0.9183457218944266, ""offered_bps"": 536486.1780448337}, ""ue4"": {""delivered_bps"": 594732.7135540234, ""delivery_ratio"": 0.9256233769085487, ""offered_bps"": 642521.2763536144}, ""ue5"": {""delivered_bps"": 548010.4578146237, ""delivery_ratio"": 0.8809530400340029, ""offered_bps"": 622065.4596906456}, ""ue6"": {""delivered_bps"": 769129.1333717126, ""delivery_ratio"": 1.0, ""offered_bps"": 673803.665683712}, ""ue7"": {""delivered_bps"": 901107.5052561318, ""delivery_ratio"": 0.9703447638021726, ""offered_bps"": 928646.7437874932}, ""ue8"": {""delivered_bps"": 854381.2493236036, ""delivery_ratio"": 1.0, ""offered_bps"": 711485.8537802703}, ""ue9"": {""delivered_bps"": 95993.17135809803, ""delivery_ratio"": 1.0, ""jitter_ms"": 11.201877344594598, ""loss_percent"": 0.0, ""offered_bps"": 95993.17135809803, ""rtt_p95_ms"": 41.346334}}"
1785385362.9985204,round-2-ue9-1785385336,MEDIUM_70,1,8.0,1.0,9.01275835970308,6.308930851792153,6.343401851381727,1.0,1.0,0.0,11.903329628378376,54.191149,1.0,0.0,1,"{""ue1"": {""delivered_bps"": 879957.4824214485, ""delivery_ratio"": 0.995993576050921, ""offered_bps"": 883497.1465483226}, ""ue2"": {""delivered_bps"": 824625.6407271173, ""delivery_ratio"": 1.0, ""offered_bps"": 636063.0301489196}, ""ue3"": {""delivered_bps"": 599006.2862292684, ""delivery_ratio"": 0.9764600441618732, ""offered_bps"": 613446.7967334134}, ""ue4"": {""delivered_bps"": 760689.8236489573, ""delivery_ratio"": 0.924506452131348, ""offered_bps"": 822806.3978301834}, ""ue5"": {""delivered_bps"": 692654.0183009577, ""delivery_ratio"": 0.9870940445093573, ""offered_bps"": 701710.2596797114}, ""ue6"": {""delivered_bps"": 747981.8600067329, ""delivery_ratio"": 0.9816313983376648, ""offered_bps"": 761978.3365460766}, ""ue7"": {""delivered_bps"": 973397.2150882289, ""delivery_ratio"": 1.0, ""offered_bps"": 944428.884305527}, ""ue8"": {""delivered_bps"": 865089.524959016, ""delivery_ratio"": 0.9154386507502815, ""offered_bps"": 945000.0}, ""ue9"": {""delivered_bps"": 95993.54203277986, ""delivery_ratio"": 1.0, ""jitter_ms"": 11.903329628378376, ""loss_percent"": 0.0, ""offered_bps"": 95993.54203277986, ""rtt_p95_ms"": 54.191149}}"
1785385364.0449688,round-2-ue9-1785385336,MEDIUM_70,2,8.0,1.0,9.084181534742134,6.358927074319494,6.343401851381727,0.9975585153350058,1.0,0.0,12.173070295302008,70.290782,1.0,0.0,1,"{""ue1"": {""delivered_bps"": 879957.4824214485, ""delivery_ratio"": 0.9424756623777195, ""offered_bps"": 933666.0006704604}, ""ue2"": {""delivered_bps"": 824625.6407271173, ""delivery_ratio"": 0.992271019014173, ""offered_bps"": 831048.8011091845}, ""ue3"": {""delivered_bps"": 599006.2862292684, ""delivery_ratio"": 0.8531702633731617, ""offered_bps"": 702094.6602862008}, ""ue4"": {""delivered_bps"": 760689.8236489573, ""delivery_ratio"": 0.9026030147712963, ""offered_bps"": 842773.4133390887}, ""ue5"": {""delivered_bps"": 692654.0183009577, ""delivery_ratio"": 0.8866895098765883, ""offered_bps"": 781168.6171829901}, ""ue6"": {""delivered_bps"": 747981.8600067329, ""delivery_ratio"": 0.9139063606952235, ""offered_bps"": 818444.7468313174}, ""ue7"": {""delivered_bps"": 973397.2150882289, ""delivery_ratio"": 1.0, ""offered_bps"": 938495.0687509171}, ""ue8"": {""delivered_bps"": 865089.524959016, ""delivery_ratio"": 1.0, ""offered_bps"": 511235.76614933484}, ""ue9"": {""delivered_bps"": 95993.03386994111, ""delivery_ratio"": 1.0, ""jitter_ms"": 12.173070295302008, ""loss_percent"": 0.0, ""offered_bps"": 95993.03386994111, ""rtt_p95_ms"": 70.290782}}"
1785385365.0851817,round-2-ue9-1785385336,MEDIUM_70,3,8.0,1.0,9.260903473105582,6.482632431173908,6.686735584336457,1.0,1.0,0.0,13.032898539999994,89.32787,1.0,0.0,1,"{""ue1"": {""delivered_bps"": 977818.0005593952, ""delivery_ratio"": 1.0, ""offered_bps"": 943421.2592890286}, ""ue2"": {""delivered_bps"": 828820.6294497969, ""delivery_ratio"": 1.0, ""offered_bps"": 764677.800514521}, ""ue3"": {""delivered_bps"": 777786.6795707488, ""delivery_ratio"": 0.983947710518624, ""offered_bps"": 790475.6231007329}, ""ue4"": {""delivered_bps"": 931092.55299435, ""delivery_ratio"": 0.985283124861746, ""offered_bps"": 945000.0}, ""ue5"": {""delivered_bps"": 850343.1386878057, ""delivery_ratio"": 0.9982397020222716, ""offered_bps"": 851842.6355565187}, ""ue6"": {""delivered_bps"": 735161.7100668484, ""delivery_ratio"": 1.0, ""offered_bps"": 592020.7452106173}, ""ue7"": {""delivered_bps"": 965112.519269448, ""delivery_ratio"": 1.0, ""offered_bps"": 911358.2451222038}, ""ue8"": {""delivered_bps"": 620600.3537380643, ""delivery_ratio"": 0.9075278907143566, ""offered_bps"": 683836.1223802846}, ""ue9"": {""delivered_bps"": 97913.04992149645, ""delivery_ratio"": 1.0, ""jitter_ms"": 13.032898539999994, ""loss_percent"": 0.0, ""offered_bps"": 95993.18619754554, ""rtt_p95_ms"": 89.32787}}"
1785385366.1253858,round-2-ue9-1785385336,MEDIUM_70,4,8.0,1.0,9.030274095846316,6.321191867092421,6.686735584336457,1.0,1.0,0.0,13.35756118120805,75.534003,1.0,0.0,1,"{""ue1"": {""delivered_bps"": 977818.0005593952, ""delivery_ratio"": 1.0, ""offered_bps"": 911079.5889845374}, ""ue2"": {""delivered_bps"": 828820.6294497969, ""delivery_ratio"": 1.0, ""offered_bps"": 823829.8554981604}, ""ue3"": {""delivered_bps"": 777786.6795707488, ""delivery_ratio"": 0.8975005967972142, ""offered_bps"": 866614.1084990118}, ""ue4"": {""delivered_bps"": 931092.55299435, ""delivery_ratio"": 1.0, ""offered_bps"": 598508.3581984477}, ""ue5"": {""delivered_bps"": 850343.1386878057, ""delivery_ratio"": 0.9385204475633966, ""offered_bps"": 906046.4701600074}, ""ue6"": {""delivered_bps"": 735161.7100668484, ""delivery_ratio"": 0.872068050257701, ""offered_bps"": 843009.5677161937}, ""ue7"": {""delivered_bps"": 965112.519269448, ""delivery_ratio"": 1.0, ""offered_bps"": 865442.8760242368}, ""ue8"": {""delivered_bps"": 620600.3537380643, ""delivery_ratio"": 1.0, ""offered_bps"": 506661.0420118255}, ""ue9"": {""delivered_bps"": 94073.54928708622, ""delivery_ratio"": 1.0, ""jitter_ms"": 13.35756118120805, ""loss_percent"": 0.0, ""offered_bps"": 95993.4176398839, ""rtt_p95_ms"": 75.534003}}"
1785385367.1657035,round-2-ue9-1785385336,MEDIUM_70,5,8.0,1.0,9.084137008619367,6.358895906033555,6.617473940992381,1.0,1.0,0.0,12.908733653333325,77.933066,1.0,0.0,1,"{""ue1"": {""delivered_bps"": 914090.0895275754, ""delivery_ratio"": 1.0, ""offered_bps"": 842216.877472207}, ""ue2"": {""delivered_bps"": 739472.2951093888, ""delivery_ratio"": 1.0, ""offered_bps"": 593265.8487855815}, ""ue3"": {""delivered_bps"": 934124.5900761854, ""delivery_ratio"": 1.0, ""offered_bps"": 920253.815435262}, ""ue4"": {""delivered_bps"": 701351.5371765404, ""delivery_ratio"": 0.9400341451008417, ""offered_bps"": 746091.5551118659}, ""ue5"": {""delivered_bps"": 960815.9214780077, ""delivery_ratio"": 1.0, ""offered_bps"": 937929.9574001861}, ""ue6"": {""delivered_bps"": 850142.1080440428, ""delivery_ratio"": 1.0, ""offered_bps"": 786234.0726354708}, ""ue7"": {""delivered_bps"": 871460.7688714276, ""delivery_ratio"": 1.0, ""offered_bps"": 804820.5997862379}, ""ue8"": {""delivered_bps"": 646016.6307092133, ""delivery_ratio"": 0.8872841029449404, ""offered_bps"": 728083.1794067444}, ""ue9"": {""delivered_bps"": 97912.7940194292, ""delivery_ratio"": 1.0, ""jitter_ms"": 12.908733653333325, ""loss_percent"": 0.0, ""offered_bps"": 95992.93531316589, ""rtt_p95_ms"": 77.933066}}"
1785385371.2164648,round-2-ue9-1785385336,STRONG_40,0,8.0,1.0,7.973452205840901,3.1893808823363603,3.315904353418548,1.0,1.0,0.0,10.943653221476515,39.011715,1.0,0.0,1,"{""ue1"": {""delivered_bps"": 313895.3318368879, ""delivery_ratio"": 1.0, ""offered_bps"": 278122.2044031079}, ""ue2"": {""delivered_bps"": 433131.728081711, ""delivery_ratio"": 0.9121956572877598, ""offered_bps"": 474823.27351737866}, ""ue3"": {""delivered_bps"": 514056.99352342816, ""delivery_ratio"": 1.0, ""offered_bps"": 472631.10820770083}, ""ue4"": {""delivered_bps"": 411616.7089041839, ""delivery_ratio"": 1.0, ""offered_bps"": 378644.00349250314}, ""ue5"": {""delivered_bps"": 505450.9858524173, ""delivery_ratio"": 1.0, ""offered_bps"": 465723.54268314975}, ""ue6"": {""delivered_bps"": 449927.83970728976, ""delivery_ratio"": 0.9331168083681679, ""offered_bps"": 482177.4033779569}, ""ue7"": {""delivered_bps"": 335410.35101441504, ""delivery_ratio"": 1.0, ""offered_bps"": 304072.79368566256}, ""ue8"": {""delivered_bps"": 352414.41449821525, ""delivery_ratio"": 1.0, ""offered_bps"": 333186.55296890065}, ""ue9"": {""delivered_bps"": 95993.45371066172, ""delivery_ratio"": 1.0, ""jitter_ms"": 10.943653221476515, ""loss_percent"": 0.0, ""offered_bps"": 95993.45371066172, ""rtt_p95_ms"": 39.011715}}"
1785385372.2589064,round-2-ue9-1785385336,STRONG_40,1,8.0,1.0,7.644767028875117,3.057906811550047,3.315904353418548,1.0,1.0,0.0,10.83565555405406,40.212354,1.0,0.0,1,"{""ue1"": {""delivered_bps"": 313895.3318368879, ""delivery_ratio"": 1.0, ""offered_bps"": 260637.43150023016}, ""ue2"": {""delivered_bps"": 433131.728081711, ""delivery_ratio"": 1.0, ""offered_bps"": 288018.62249712384}, ""ue3"": {""delivered_bps"": 514056.99352342816, ""delivery_ratio"": 1.0, ""offered_bps"": 424486.8882947828}, ""ue4"": {""delivered_bps"": 411616.7089041839, ""delivery_ratio"": 0.7622531646373776, ""offered_bps"": 540000.0}, ""ue5"": {""delivered_bps"": 505450.9858524173, ""delivery_ratio"": 1.0, ""offered_bps"": 422018.4534904318}, ""ue6"": {""delivered_bps"": 449927.83970728976, ""delivery_ratio"": 0.9443243274951079, ""offered_bps"": 476454.7800020758}, ""ue7"": {""delivered_bps"": 335410.35101441504, ""delivery_ratio"": 1.0, ""offered_bps"": 278276.5277488459}, ""ue8"": {""delivered_bps"": 352414.41449821525, ""delivery_ratio"": 0.9576111535440381, ""offered_bps"": 368014.1080165568}, ""ue9"": {""delivered_bps"": 95993.13975724168, ""delivery_ratio"": 1.0, ""jitter_ms"": 10.83565555405406, ""loss_percent"": 0.0, ""offered_bps"": 95993.13975724168, ""rtt_p95_ms"": 40.212354}}"
1785385373.2966218,round-2-ue9-1785385336,STRONG_40,2,8.0,1.0,7.969293976284738,3.1877175905138952,3.2786939944340143,1.0,1.0,0.0,11.664531893333333,46.323361,1.0,0.0,1,"{""ue1"": {""delivered_bps"": 280189.2260137513, ""delivery_ratio"": 1.0, ""offered_bps"": 267258.840449669}, ""ue2"": {""delivered_bps"": 348020.3013462637, ""delivery_ratio"": 0.927960457232197, ""offered_bps"": 375037.85709177156}, ""ue3"": {""delivered_bps"": 420363.8473661477, ""delivery_ratio"": 1.0, ""offered_bps"": 373036.7768225888}, ""ue4"": {""delivered_bps"": 548249.1868465532, ""delivery_ratio"": 1.0, ""offered_bps"": 509707.5460195031}, ""ue5"": {""delivered_bps"": 420363.8473661477, ""delivery_ratio"": 1.0, ""offered_bps"": 375922.75049674686}, ""ue6"": {""delivered_bps"": 531239.4125888366, ""delivery_ratio"": 0.9837766899793271, ""offered_bps"": 540000.0}, ""ue7"": {""delivered_bps"": 284285.65330441494, ""delivery_ratio"": 1.0, ""offered_bps"": 263298.0582232107}, ""ue8"": {""delivered_bps"": 445982.5196018996, ""delivery_ratio"": 0.9224887884277493, ""offered_bps"": 483455.7614104051}, ""ue9"": {""delivered_bps"": 97912.68131899649, ""delivery_ratio"": 1.0, ""jitter_ms"": 11.664531893333333, ""loss_percent"": 0.0, ""offered_bps"": 95992.82482254558, ""rtt_p95_ms"": 46.323361}}"
1785385374.336162,round-2-ue9-1785385336,STRONG_40,3,8.0,1.0,7.64468750200485,3.057875000801941,3.2786939944340143,1.0,1.0,0.0,10.859776999999996,50.546285,1.0,0.0,1,"{""ue1"": {""delivered_bps"": 280189.2260137513, ""delivery_ratio"": 0.9439151684957092, ""offered_bps"": 296837.29572889576}, ""ue2"": {""delivered_bps"": 348020.3013462637, ""delivery_ratio"": 0.9936339180550244, ""offered_bps"": 350250.0216855433}, ""ue3"": {""delivered_bps"": 420363.8473661477, ""delivery_ratio"": 1.0, ""offered_bps"": 325218.57329329435}, ""ue4"": {""delivered_bps"": 548249.1868465532, ""delivery_ratio"": 1.0, ""offered_bps"": 495790.79290509823}, ""ue5"": {""delivered_bps"": 420363.8473661477, ""delivery_ratio"": 1.0, ""offered_bps"": 332447.16559552355}, ""ue6"": {""delivered_bps"": 531239.4125888366, ""delivery_ratio"": 1.0, ""offered_bps"": 456863.1417032025}, ""ue7"": {""delivered_bps"": 284285.65330441494, ""delivery_ratio"": 1.0, ""offered_bps"": 260468.00989038293}, ""ue8"": {""delivered_bps"": 445982.5196018996, ""delivery_ratio"": 0.8258935548183326, ""offered_bps"": 540000.0}, ""ue9"": {""delivered_bps"": 94073.3967200691, ""delivery_ratio"": 1.0, ""jitter_ms"": 10.859776999999996, ""loss_percent"": 0.0, ""offered_bps"": 95993.26195925417, ""rtt_p95_ms"": 50.546285}}"
1785385375.3857167,round-2-ue9-1785385336,STRONG_40,4,8.0,1.0,7.661795746219164,3.064718298487666,3.215953783696889,1.0,1.0,0.0,11.932546785234896,50.546285,1.0,0.0,1,"{""ue1"": {""delivered_bps"": 335158.4599262362, ""delivery_ratio"": 0.9735706479101178, ""offered_bps"": 344256.9480147051}, ""ue2"": {""delivered_bps"": 377767.0085897291, ""delivery_ratio"": 1.0, ""offered_bps"": 371080.1569733595}, ""ue3"": {""delivered_bps"": 324746.23575959436, ""delivery_ratio"": 1.0, ""offered_bps"": 287509.45433214155}, ""ue4"": {""delivered_bps"": 479778.01586291136, ""delivery_ratio"": 1.0, ""offered_bps"": 417514.1700087468}, ""ue5"": {""delivered_bps"": 331063.944739354, ""delivery_ratio"": 1.0, ""offered_bps"": 296286.3010334439}, ""ue6"": {""delivered_bps"": 522386.5645264042, ""delivery_ratio"": 0.9709273993505478, ""offered_bps"": 538028.4508149918}, ""ue7"": {""delivered_bps"": 280058.4411027629, ""delivery_ratio"": 1.0, ""offered_bps"": 270042.8173102773}, ""ue8"": {""delivered_bps"": 564995.1131898972, ""delivery_ratio"": 1.0, ""offered_bps"": 540000.0}, ""ue9"": {""delivered_bps"": 95993.73275726046, ""delivery_ratio"": 1.0, ""jitter_ms"": 11.932546785234896, ""loss_percent"": 0.0, ""offered_bps"": 95993.73275726046, ""rtt_p95_ms"": 50.546285}}"
1785385376.4249222,round-2-ue9-1785385336,STRONG_40,5,8.0,1.0,6.943167652847272,2.777267061138909,3.215953783696889,1.0,1.0,0.0,11.147393858108108,46.5493,1.0,0.0,1,"{""ue1"": {""delivered_bps"": 335158.4599262362, ""delivery_ratio"": 0.8351615898943174, ""offered_bps"": 401309.715367355}, ""ue2"": {""delivered_bps"": 377767.0085897291, ""delivery_ratio"": 0.8821905516098681, ""offered_bps"": 428214.7523574808}, ""ue3"": {""delivered_bps"": 324746.23575959436, ""delivery_ratio"": 1.0, ""offered_bps"": 264999.1769192369}, ""ue4"": {""delivered_bps"": 479778.01586291136, ""delivery_ratio"": 1.0, ""offered_bps"": 309922.2079657448}, ""ue5"": {""delivered_bps"": 331063.944739354, ""delivery_ratio"": 1.0, ""offered_bps"": 271370.15290655283}, ""ue6"": {""delivered_bps"": 522386.5645264042, ""delivery_ratio"": 1.0, ""offered_bps"": 312146.6517033917}, ""ue7"": {""delivered_bps"": 280058.4411027629, ""delivery_ratio"": 0.9618643518828097, ""offered_bps"": 291162.09635439765}, ""ue8"": {""delivered_bps"": 564995.1131898972, ""delivery_ratio"": 1.0, ""offered_bps"": 498142.30756474973}, ""ue9"": {""delivered_bps"": 95993.1052063999, ""delivery_ratio"": 1.0, ""jitter_ms"": 11.147393858108108, ""loss_percent"": 0.0, ""offered_bps"": 95993.1052063999, ""rtt_p95_ms"": 46.5493}}"
1785385384.5113065,round-2-ue10-1785385377,EQUAL_100,0,8.0,1.0,8.553250194645118,8.553250194645118,8.812139889036963,1.0,1.0,0.0,12.701017006711409,78.831227,0.0,1.0,1,"{""ue1"": {""delivered_bps"": 1186014.0798422361, ""delivery_ratio"": 1.0, ""offered_bps"": 923903.1717244766}, ""ue10"": {""delivered_bps"": 95993.7219404311, ""delivery_ratio"": 1.0, ""jitter_ms"": 12.701017006711409, ""loss_percent"": 0.0, ""offered_bps"": 95993.7219404311, ""rtt_p95_ms"": 78.831227}, ""ue2"": {""delivered_bps"": 1041557.032157844, ""delivery_ratio"": 0.9407020633573547, ""offered_bps"": 1107212.4456074212}, ""ue3"": {""delivered_bps"": 1232730.5379354802, ""delivery_ratio"": 0.9375921122431561, ""offered_bps"": 1314783.3923071472}, ""ue4"": {""delivered_bps"": 926609.7471285851, ""delivery_ratio"": 0.741261368108694, ""offered_bps"": 1250044.5686152535}, ""ue5"": {""delivered_bps"": 1100980.5268403208, ""delivery_ratio"": 0.9045536058391547, ""offered_bps"": 1217153.4331776178}, ""ue6"": {""delivered_bps"": 790552.062628766, ""delivery_ratio"": 1.0, ""offered_bps"": 725063.1121389179}, ""ue7"": {""delivered_bps"": 1356081.1858460668, ""delivery_ratio"": 1.0, ""offered_bps"": 1349205.2470821925}, ""ue8"": {""delivered_bps"": 1177614.716657663, ""delivery_ratio"": 1.0, ""offered_bps"": 665884.8239920906}}"
1785385385.5554695,round-2-ue10-1785385377,EQUAL_100,1,8.0,1.0,8.831450792318732,8.831450792318732,9.067782620960742,1.0,1.0,0.0,12.667941825503354,69.977565,0.0,1.0,1,"{""ue1"": {""delivered_bps"": 897126.674258826, ""delivery_ratio"": 1.0, ""offered_bps"": 791518.7108764292}, ""ue10"": {""delivered_bps"": 97913.484999113, ""delivery_ratio"": 1.0, ""jitter_ms"": 12.667941825503354, ""loss_percent"": 0.0, ""offered_bps"": 95993.61274422843, ""rtt_p95_ms"": 69.977565}, ""ue2"": {""delivered_bps"": 1024847.4458502909, ""delivery_ratio"": 1.0, ""offered_bps"": 862288.9103090231}, ""ue3"": {""delivered_bps"": 1386676.9463453332, ""delivery_ratio"": 1.0, ""offered_bps"": 1348801.845754869}, ""ue4"": {""delivered_bps"": 1139854.9645876002, ""delivery_ratio"": 1.0, ""offered_bps"": 931011.5136672326}, ""ue5"": {""delivered_bps"": 1310213.3531639655, ""delivery_ratio"": 1.0, ""offered_bps"": 1294522.7608777876}, ""ue6"": {""delivered_bps"": 1084500.0930951438, ""delivery_ratio"": 0.8033334022926991, ""offered_bps"": 1350000.0}, ""ue7"": {""delivered_bps"": 1403900.0625821245, ""delivery_ratio"": 1.0, ""offered_bps"": 1340635.717900052}, ""ue8"": {""delivered_bps"": 820663.0810774582, ""delivery_ratio"": 0.8991879677428171, ""offered_bps"": 912671.3329333402}}"
1785385386.5899622,round-2-ue10-1785385377,EQUAL_100,2,8.0,1.0,9.243953037125115,9.243953037125115,9.067782620960742,0.9809420909586143,1.0,0.0,14.50912674324324,95.288681,0.0,1.0,1,"{""ue1"": {""delivered_bps"": 897126.674258826, ""delivery_ratio"": 1.0, ""offered_bps"": 695188.9484593831}, ""ue10"": {""delivered_bps"": 92153.9693725771, ""delivery_ratio"": 1.0, ""jitter_ms"": 14.50912674324324, ""loss_percent"": 0.0, ""offered_bps"": 95993.71809643449, ""rtt_p95_ms"": 95.288681}, ""ue2"": {""delivered_bps"": 1024847.4458502909, ""delivery_ratio"": 0.9397525714170277, ""offered_bps"": 1090550.296983972}, ""ue3"": {""delivered_bps"": 1386676.9463453332, ""delivery_ratio"": 1.0, ""offered_bps"": 1335697.9057387377}, ""ue4"": {""delivered_bps"": 1139854.9645876002, ""delivery_ratio"": 0.9084713444197369, ""offered_bps"": 1254695.5625943863}, ""ue5"": {""delivered_bps"": 1310213.3531639655, ""delivery_ratio"": 0.977793335015583, ""offered_bps"": 1339969.6093685122}, ""ue6"": {""delivered_bps"": 1084500.0930951438, ""delivery_ratio"": 0.815997069234619, ""offered_bps"": 1329049.00517887}, ""ue7"": {""delivered_bps"": 1403900.0625821245, ""delivery_ratio"": 1.0, ""offered_bps"": 1301795.6899364518}, ""ue8"": {""delivered_bps"": 820663.0810774582, ""delivery_ratio"": 0.9148913873688842, ""offered_bps"": 897006.018864802}}"
1785385387.6354897,round-2-ue10-1785385377,EQUAL_100,3,8.0,1.0,8.417766035307467,8.417766035307467,8.589372517328318,1.0,1.0,0.0,14.738774718120814,125.58565,0.0,1.0,0,"{""ue1"": {""delivered_bps"": 705112.4552129981, ""delivery_ratio"": 1.0, ""offered_bps"": 651572.8117988409}, ""ue10"": {""delivered_bps"": 97913.23497604283, ""delivery_ratio"": 1.0, ""jitter_ms"": 14.738774718120814, ""loss_percent"": 0.0, ""offered_bps"": 95993.36762357141, ""rtt_p95_ms"": 125.58565}, ""ue2"": {""delivered_bps"": 973262.3154774808, ""delivery_ratio"": 1.0, ""offered_bps"": 780058.0413969824}, ""ue3"": {""delivered_bps"": 752287.8932679088, ""delivery_ratio"": 0.5889996985661412, ""offered_bps"": 1277229.6744790801}, ""ue4"": {""delivered_bps"": 1100677.5836262966, ""delivery_ratio"": 1.0, ""offered_bps"": 862058.88941642}, ""ue5"": {""delivered_bps"": 1402619.5804395205, ""delivery_ratio"": 1.0, ""offered_bps"": 1348559.3460150755}, ""ue6"": {""delivered_bps"": 1169325.4833149477, ""delivery_ratio"": 1.0, ""offered_bps"": 921376.1728285195}, ""ue7"": {""delivered_bps"": 1321703.9875865646, ""delivery_ratio"": 1.0, ""offered_bps"": 1236118.0173900735}, ""ue8"": {""delivered_bps"": 1164383.2184026008, ""delivery_ratio"": 0.8684287188303218, ""offered_bps"": 1340793.0819824766}}"
1785385388.6716623,round-2-ue10-1785385377,EQUAL_100,4,8.0,1.0,8.677425102316159,8.677425102316159,8.589372517328318,0.9898526828005306,1.0,0.0,12.202777593333334,137.543564,0.0,1.0,0,"{""ue1"": {""delivered_bps"": 705112.4552129981, ""delivery_ratio"": 1.0, ""offered_bps"": 668217.8662615533}, ""ue10"": {""delivered_bps"": 95993.5341660259, ""delivery_ratio"": 1.0, ""jitter_ms"": 12.202777593333334, ""loss_percent"": 0.0, ""offered_bps"": 95993.5341660259, ""rtt_p95_ms"": 137.543564}, ""ue2"": {""delivered_bps"": 973262.3154774808, ""delivery_ratio"": 0.9060633565946989, ""offered_bps"": 1074165.849875376}, ""ue3"": {""delivered_bps"": 752287.8932679088, ""delivery_ratio"": 0.6368165971173548, ""offered_bps"": 1181325.82704856}, ""ue4"": {""delivered_bps"": 1100677.5836262966, ""delivery_ratio"": 1.0, ""offered_bps"": 834844.8140942424}, ""ue5"": {""delivered_bps"": 1402619.5804395205, ""delivery_ratio"": 1.0, ""offered_bps"": 1319363.619139189}, ""ue6"": {""delivered_bps"": 1169325.4833149477, ""delivery_ratio"": 0.866167024677739, ""offered_bps"": 1350000.0}, ""ue7"": {""delivered_bps"": 1321703.9875865646, ""delivery_ratio"": 1.0, ""offered_bps"": 1149470.3136770278}, ""ue8"": {""delivered_bps"": 1164383.2184026008, ""delivery_ratio"": 1.0, ""offered_bps"": 1100036.81222021}}"
1785385389.7177877,round-2-ue10-1785385377,EQUAL_100,5,8.0,1.0,8.369804820632096,8.369804820632096,9.489351531125113,1.0,1.0,0.0,12.625131255033553,103.721797,0.0,1.0,1,"{""ue1"": {""delivered_bps"": 739531.2809188379, ""delivery_ratio"": 0.9963445834913389, ""offered_bps"": 742244.4936945518}, ""ue10"": {""delivered_bps"": 95993.50855438701, ""delivery_ratio"": 1.0, ""jitter_ms"": 12.625131255033553, ""loss_percent"": 0.0, ""offered_bps"": 95993.50855438701, ""rtt_p95_ms"": 103.721797}, ""ue2"": {""delivered_bps"": 1152005.876778327, ""delivery_ratio"": 1.0, ""offered_bps"": 1138014.6771368203}, ""ue3"": {""delivered_bps"": 1777741.269882275, ""delivery_ratio"": 1.0, ""offered_bps"": 1060933.571020821}, ""ue4"": {""delivered_bps"": 1007344.1892984867, ""delivery_ratio"": 0.91650808920567, ""offered_bps"": 1099111.0729546791}, ""ue5"": {""delivered_bps"": 1339288.5259310596, ""delivery_ratio"": 1.0, ""offered_bps"": 1255554.044615288}, ""ue6"": {""delivered_bps"": 1250158.8797299769, ""delivery_ratio"": 1.0, ""offered_bps"": 1049729.9868989303}, ""ue7"": {""delivered_bps"": 1143606.4755477456, ""delivery_ratio"": 1.0, ""offered_bps"": 1049531.5964665164}, ""ue8"": {""delivered_bps"": 1079675.0330384066, ""delivery_ratio"": 1.0, ""offered_bps"": 974685.3778444896}}"
1785385393.7609658,round-2-ue10-1785385377,LIGHT_85,0,8.0,1.0,7.037650423645713,5.982002860098857,6.515485929156568,1.0,1.0,0.0,11.79303722,55.48347,0.0,1.0,1,"{""ue1"": {""delivered_bps"": 1066832.181807932, ""delivery_ratio"": 0.9941663044528565, ""offered_bps"": 1073092.2754368219}, ""ue10"": {""delivered_bps"": 95992.925032879, ""delivery_ratio"": 1.0, ""jitter_ms"": 11.79303722, ""loss_percent"": 0.0, ""offered_bps"": 95992.925032879, ""rtt_p95_ms"": 55.48347}, ""ue2"": {""delivered_bps"": 1024424.7607513672, ""delivery_ratio"": 1.0, ""offered_bps"": 913581.2212086804}, ""ue3"": {""delivered_bps"": 621346.3027835103, ""delivery_ratio"": 1.0, ""offered_bps"": 554059.7703166691}, ""ue4"": {""delivered_bps"": 645597.3968317003, ""delivery_ratio"": 0.8104914693469755, ""offered_bps"": 796550.5144080879}, ""ue5"": {""delivered_bps"": 781841.8348319876, ""delivery_ratio"": 1.0, ""offered_bps"": 706224.4895481585}, ""ue6"": {""delivered_bps"": 781841.8348319876, ""delivery_ratio"": 0.9980510427910182, ""offered_bps"": 783368.5866862998}, ""ue7"": {""delivered_bps"": 645805.3547621928, ""delivery_ratio"": 1.0, ""offered_bps"": 559450.589846056}, ""ue8"": {""delivered_bps"": 947796.2625558904, ""delivery_ratio"": 1.0, ""offered_bps"": 595675.4126480831}}"
1785385394.7953105,round-2-ue10-1785385377,LIGHT_85,1,8.0,1.0,7.2110031321275985,6.1293526623084595,6.515485929156568,1.0,1.0,0.0,12.037838166666665,65.345286,0.0,1.0,1,"{""ue1"": {""delivered_bps"": 1066832.181807932, ""delivery_ratio"": 0.9408797580366044, ""offered_bps"": 1133866.6526678826}, ""ue10"": {""delivered_bps"": 97913.58744328898, ""delivery_ratio"": 1.0, ""jitter_ms"": 12.037838166666665, ""loss_percent"": 0.0, ""offered_bps"": 95993.71317969509, ""rtt_p95_ms"": 65.345286}, ""ue2"": {""delivered_bps"": 1024424.7607513672, ""delivery_ratio"": 1.0, ""offered_bps"": 823757.6924991307}, ""ue3"": {""delivered_bps"": 621346.3027835103, ""delivery_ratio"": 1.0, ""offered_bps"": 554059.7703166691}, ""ue4"": {""delivered_bps"": 645597.3968317003, ""delivery_ratio"": 0.6506614992506563, ""offered_bps"": 992216.9938980743}, ""ue5"": {""delivered_bps"": 781841.8348319876, ""delivery_ratio"": 1.0, ""offered_bps"": 576555.1740204374}, ""ue6"": {""delivered_bps"": 781841.8348319876, ""delivery_ratio"": 0.9901543011756031, ""offered_bps"": 789616.1577076546}, ""ue7"": {""delivered_bps"": 645805.3547621928, ""delivery_ratio"": 1.0, ""offered_bps"": 553516.1650691408}, ""ue8"": {""delivered_bps"": 947796.2625558904, ""delivery_ratio"": 1.0, ""offered_bps"": 705764.0561294694}}"
1785385395.8319492,round-2-ue10-1785385377,LIGHT_85,2,8.0,1.0,7.387950895383291,6.279758261075797,6.521545879291437,1.0,1.0,0.0,12.460331074324326,69.545608,0.0,1.0,1,"{""ue1"": {""delivered_bps"": 1186468.2029312311, ""delivery_ratio"": 1.0, ""offered_bps"": 1106095.894907164}, ""ue10"": {""delivered_bps"": 92154.01043720507, ""delivery_ratio"": 1.0, ""jitter_ms"": 12.460331074324326, ""loss_percent"": 0.0, ""offered_bps"": 95993.76087208862, ""rtt_p95_ms"": 69.545608}, ""ue2"": {""delivered_bps"": 943977.7671163469, ""delivery_ratio"": 1.0, ""offered_bps"": 580166.2604816377}, ""ue3"": {""delivered_bps"": 594886.6087257229, ""delivery_ratio"": 0.9126226318686491, ""offered_bps"": 651842.9282294448}, ""ue4"": {""delivered_bps"": 931057.8011529408, ""delivery_ratio"": 1.0, ""offered_bps"": 928188.4813376202}, ""ue5"": {""delivered_bps"": 629121.1174847512, ""delivery_ratio"": 1.0, ""offered_bps"": 553318.0290642957}, ""ue6"": {""delivered_bps"": 973694.8892006506, ""delivery_ratio"": 0.8991974267006705, ""offered_bps"": 1082848.8386286043}, ""ue7"": {""delivered_bps"": 582178.7078586502, ""delivery_ratio"": 1.0, ""offered_bps"": 573928.5793770001}, ""ue8"": {""delivered_bps"": 680160.7848211424, ""delivery_ratio"": 0.8466353244481553, ""offered_bps"": 803369.2490500293}}"
1785385396.8674488,round-2-ue10-1785385377,LIGHT_85,3,8.0,1.0,7.794025322863409,6.624921524433898,6.521545879291437,0.9843959441993096,1.0,0.0,12.622712135135137,64.563654,0.0,1.0,1,"{""ue1"": {""delivered_bps"": 1186468.2029312311, ""delivery_ratio"": 1.0, ""offered_bps"": 1022367.0022847855}, ""ue10"": {""delivered_bps"": 95993.6439878157, ""delivery_ratio"": 1.0, ""jitter_ms"": 12.622712135135137, ""loss_percent"": 0.0, ""offered_bps"": 95993.6439878157, ""rtt_p95_ms"": 64.563654}, ""ue2"": {""delivered_bps"": 943977.7671163469, ""delivery_ratio"": 1.0, ""offered_bps"": 822579.2105630242}, ""ue3"": {""delivered_bps"": 594886.6087257229, ""delivery_ratio"": 0.7980844725184347, ""offered_bps"": 745393.0369657477}, ""ue4"": {""delivered_bps"": 931057.8011529408, ""delivery_ratio"": 1.0, ""offered_bps"": 845519.1128396058}, ""ue5"": {""delivered_bps"": 629121.1174847512, ""delivery_ratio"": 1.0, ""offered_bps"": 562238.3094384057}, ""ue6"": {""delivered_bps"": 973694.8892006506, ""delivery_ratio"": 0.9070678113481365, ""offered_bps"": 1073453.249050354}, ""ue7"": {""delivered_bps"": 582178.7078586502, ""delivery_ratio"": 0.9406994927321618, ""offered_bps"": 618878.5179077475}, ""ue8"": {""delivered_bps"": 680160.7848211424, ""delivery_ratio"": 0.7278392911184426, ""offered_bps"": 934493.0853842276}}"
1785385397.9021006,round-2-ue10-1785385377,LIGHT_85,4,8.0,1.0,8.504797745657212,7.229078083808631,6.515598300649833,0.9013041808530443,1.0,0.0,12.544121047297299,56.271427,0.0,1.0,1,"{""ue1"": {""delivered_bps"": 1109523.6517523455, ""delivery_ratio"": 1.0, ""offered_bps"": 908826.8691825522}, ""ue10"": {""delivered_bps"": 97913.40074611959, ""delivery_ratio"": 1.0, ""jitter_ms"": 12.544121047297299, ""loss_percent"": 0.0, ""offered_bps"": 95993.5301432545, ""rtt_p95_ms"": 56.271427}, ""ue2"": {""delivered_bps"": 730811.2908921471, ""delivery_ratio"": 0.8781370869408694, ""offered_bps"": 832229.1607544384}, ""ue3"": {""delivered_bps"": 731015.3018604682, ""delivery_ratio"": 0.8569037550467125, ""offered_bps"": 853089.1568104032}, ""ue4"": {""delivered_bps"": 922425.5927265071, ""delivery_ratio"": 0.8038567256875879, ""offered_bps"": 1147500.0}, ""ue5"": {""delivered_bps"": 586335.5233851727, ""delivery_ratio"": 0.9734117394491868, ""offered_bps"": 602350.9884080046}, ""ue6"": {""delivered_bps"": 905412.6780545476, ""delivery_ratio"": 0.8596687450566943, ""offered_bps"": 1053211.1156313315}, ""ue7"": {""delivered_bps"": 624657.5837090317, ""delivery_ratio"": 0.9127472856502246, ""offered_bps"": 684370.7930219009}, ""ue8"": {""delivered_bps"": 905416.6782696127, ""delivery_ratio"": 0.7890341422828869, ""offered_bps"": 1147500.0}}"
1785385398.9408677,round-2-ue10-1785385377,LIGHT_85,5,8.0,1.0,7.648008436466594,6.500807170996604,6.515598300649833,1.0,1.0,0.0,12.704829539999999,64.563654,0.0,1.0,1,"{""ue1"": {""delivered_bps"": 1109523.6517523455, ""delivery_ratio"": 1.0, ""offered_bps"": 785104.4792528885}, ""ue10"": {""delivered_bps"": 95993.60085468554, ""delivery_ratio"": 1.0, ""jitter_ms"": 12.704829539999999, ""loss_percent"": 0.0, ""offered_bps"": 95993.60085468554, ""rtt_p95_ms"": 64.563654}, ""ue2"": {""delivered_bps"": 730811.2908921471, ""delivery_ratio"": 0.789321158519116, ""offered_bps"": 925873.179762795}, ""ue3"": {""delivered_bps"": 731015.3018604682, ""delivery_ratio"": 0.7611956616179947, ""offered_bps"": 960351.3770777737}, ""ue4"": {""delivered_bps"": 922425.5927265071, ""delivery_ratio"": 0.9381982993830494, ""offered_bps"": 983188.3018047311}, ""ue5"": {""delivered_bps"": 586335.5233851727, ""delivery_ratio"": 0.8760273208623268, ""offered_bps"": 669311.9146192919}, ""ue6"": {""delivered_bps"": 905412.6780545476, ""delivery_ratio"": 1.0, ""offered_bps"": 565479.6828428503}, ""ue7"": {""delivered_bps"": 624657.5837090317, ""delivery_ratio"": 0.8169892141530545, ""offered_bps"": 764584.8597359923}, ""ue8"": {""delivered_bps"": 905416.6782696127, ""delivery_ratio"": 1.0, ""offered_bps"": 846913.3759002821}}"
1785385402.9816585,round-2-ue10-1785385377,MEDIUM_70,0,8.0,1.0,8.292823131621066,5.804976192134745,6.067490224029487,1.0,1.0,0.0,12.418369168918913,66.190072,0.0,1.0,1,"{""ue1"": {""delivered_bps"": 487561.6412747182, ""delivery_ratio"": 1.0, ""offered_bps"": 467813.6519139697}, ""ue10"": {""delivered_bps"": 97913.17388380186, ""delivery_ratio"": 1.0, ""jitter_ms"": 12.418369168918913, ""loss_percent"": 0.0, ""offered_bps"": 95993.30772921751, ""rtt_p95_ms"": 66.190072}, ""ue2"": {""delivered_bps"": 807927.6220542003, ""delivery_ratio"": 1.0, ""offered_bps"": 799943.5201449473}, ""ue3"": {""delivered_bps"": 978076.4069647605, ""delivery_ratio"": 1.0, ""offered_bps"": 934914.1821338007}, ""ue4"": {""delivered_bps"": 867374.2566260891, ""delivery_ratio"": 1.0, ""offered_bps"": 792556.3638806666}, ""ue5"": {""delivered_bps"": 850567.8575144889, ""delivery_ratio"": 0.9981020170200366, ""offered_bps"": 852185.2906919974}, ""ue6"": {""delivered_bps"": 592353.5412591435, ""delivery_ratio"": 1.0, ""offered_bps"": 578294.084636016}, ""ue7"": {""delivered_bps"": 901407.2148270794, ""delivery_ratio"": 1.0, ""offered_bps"": 892801.6331896138}, ""ue8"": {""delivered_bps"": 582221.6835090074, ""delivery_ratio"": 1.0, ""offered_bps"": 486467.4655437341}}"
1785385404.0235393,round-2-ue10-1785385377,MEDIUM_70,1,8.0,1.0,9.364675639773283,6.555272947841298,6.067490224029487,0.9255892580380741,1.0,0.0,12.139492766666663,50.942695,0.0,1.0,1,"{""ue1"": {""delivered_bps"": 487561.6412747182, ""delivery_ratio"": 0.9381667328279484, ""offered_bps"": 519696.1523087099}, ""ue10"": {""delivered_bps"": 97913.63344521611, ""delivery_ratio"": 1.0, ""jitter_ms"": 12.139492766666663, ""loss_percent"": 0.0, ""offered_bps"": 95993.75827962364, ""rtt_p95_ms"": 50.942695}, ""ue2"": {""delivered_bps"": 807927.6220542003, ""delivery_ratio"": 0.9270343575585714, ""offered_bps"": 871518.5316129496}, ""ue3"": {""delivered_bps"": 978076.4069647605, ""delivery_ratio"": 1.0, ""offered_bps"": 893921.6989039686}, ""ue4"": {""delivered_bps"": 867374.2566260891, ""delivery_ratio"": 0.9831456937101932, ""offered_bps"": 882243.8649482295}, ""ue5"": {""delivered_bps"": 850567.8575144889, ""delivery_ratio"": 0.9385215129356905, ""offered_bps"": 906284.8808376453}, ""ue6"": {""delivered_bps"": 592353.5412591435, ""delivery_ratio"": 0.7921415115132525, ""offered_bps"": 747787.526154957}, ""ue7"": {""delivered_bps"": 901407.2148270794, ""delivery_ratio"": 0.9705175477289212, ""offered_bps"": 928790.2284059008}, ""ue8"": {""delivered_bps"": 582221.6835090074, ""delivery_ratio"": 0.7232297389395532, ""offered_bps"": 805030.0646689377}}"
1785385405.0710652,round-2-ue10-1785385377,MEDIUM_70,2,8.0,1.0,9.251821585380826,6.476275109766578,6.795769731768491,1.0,1.0,0.0,12.71784798666667,54.916787,0.0,1.0,1,"{""ue1"": {""delivered_bps"": 586210.9873304204, ""delivery_ratio"": 0.9725488906562008, ""offered_bps"": 602757.3451190619}, ""ue10"": {""delivered_bps"": 94073.67732461746, ""delivery_ratio"": 1.0, ""jitter_ms"": 12.71784798666667, ""loss_percent"": 0.0, ""offered_bps"": 95993.54829042598, ""rtt_p95_ms"": 54.916787}, ""ue2"": {""delivered_bps"": 739262.702987471, ""delivery_ratio"": 1.0, ""offered_bps"": 551629.7607047064}, ""ue3"": {""delivered_bps"": 896617.7358476623, ""delivery_ratio"": 1.0, ""offered_bps"": 826725.7857444983}, ""ue4"": {""delivered_bps"": 948273.5397470709, ""delivery_ratio"": 1.0, ""offered_bps"": 929218.0638319256}, ""ue5"": {""delivered_bps"": 964846.9100907646, ""delivery_ratio"": 1.0, ""offered_bps"": 938030.2721866826}, ""ue6"": {""delivered_bps"": 828800.496243894, ""delivery_ratio"": 0.9828680504648177, ""offered_bps"": 843246.960618913}, ""ue7"": {""delivered_bps"": 973245.5774946635, ""delivery_ratio"": 1.0, ""offered_bps"": 944457.2241681833}, ""ue8"": {""delivered_bps"": 858511.782026544, ""delivery_ratio"": 1.0, ""offered_bps"": 840209.6973926076}}"
1785385406.1079175,round-2-ue10-1785385377,MEDIUM_70,3,8.0,1.0,8.898987666581801,6.22929136660726,6.795769731768491,1.0,1.0,0.0,14.291668167785234,74.904913,0.0,1.0,1,"{""ue1"": {""delivered_bps"": 586210.9873304204, ""delivery_ratio"": 0.8342837166002627, ""offered_bps"": 702651.8385367176}, ""ue10"": {""delivered_bps"": 95993.63039975808, ""delivery_ratio"": 1.0, ""jitter_ms"": 14.291668167785234, ""loss_percent"": 0.0, ""offered_bps"": 95993.63039975808, ""rtt_p95_ms"": 74.904913}, ""ue2"": {""delivered_bps"": 739262.702987471, ""delivery_ratio"": 1.0, ""offered_bps"": 697764.2470882062}, ""ue3"": {""delivered_bps"": 896617.7358476623, ""delivery_ratio"": 1.0, ""offered_bps"": 742416.6808943123}, ""ue4"": {""delivered_bps"": 948273.5397470709, ""delivery_ratio"": 1.0, ""offered_bps"": 856643.0684504017}, ""ue5"": {""delivered_bps"": 964846.9100907646, ""delivery_ratio"": 1.0, ""offered_bps"": 943971.7894999052}, ""ue6"": {""delivered_bps"": 828800.496243894, ""delivery_ratio"": 0.9750018028576538, ""offered_bps"": 850050.2192044617}, ""ue7"": {""delivered_bps"": 973245.5774946635, ""delivery_ratio"": 1.0, ""offered_bps"": 938395.4079205054}, ""ue8"": {""delivered_bps"": 858511.782026544, ""delivery_ratio"": 1.0, ""offered_bps"": 497398.1150127504}}"
1785385407.1450908,round-2-ue10-1785385377,MEDIUM_70,4,8.0,1.0,8.536680424329393,5.975676297030574,6.372560781834832,1.0,0.9933333333333333,0.6666666666666666,14.079698863945572,94.866599,0.0,1.0,1,"{""ue1"": {""delivered_bps"": 786211.3708663746, ""delivery_ratio"": 0.9802233162254811, ""offered_bps"": 802073.7293760946}, ""ue10"": {""delivered_bps"": 94073.41827128008, ""delivery_ratio"": 0.9933333333333333, ""jitter_ms"": 14.079698863945572, ""loss_percent"": 0.6666666666666666, ""offered_bps"": 95993.2839502858, ""rtt_p95_ms"": 94.866599}, ""ue2"": {""delivered_bps"": 730886.1705978052, ""delivery_ratio"": 1.0, ""offered_bps"": 705060.9241997659}, ""ue3"": {""delivered_bps"": 730886.1705978052, ""delivery_ratio"": 1.0, ""offered_bps"": 652372.8183386709}, ""ue4"": {""delivered_bps"": 939268.5594066682, ""delivery_ratio"": 0.9939349834991198, ""offered_bps"": 945000.0}, ""ue5"": {""delivered_bps"": 975424.1157160635, ""delivery_ratio"": 1.0, ""offered_bps"": 923460.2407717855}, ""ue6"": {""delivered_bps"": 701181.8214042344, ""delivery_ratio"": 1.0, ""offered_bps"": 492508.5309032086}, ""ue7"": {""delivered_bps"": 964881.4114647842, ""delivery_ratio"": 1.0, ""offered_bps"": 911154.7975141408}, ""ue8"": {""delivered_bps"": 543821.161781097, ""delivery_ratio"": 0.9995880964986446, ""offered_bps"": 544045.255926909}}"
1785385408.1865945,round-2-ue10-1785385377,MEDIUM_70,5,8.0,1.0,8.965782396796957,6.27604767775787,6.372560781834832,1.0,1.0,0.0,14.575589369127513,88.571752,0.0,1.0,1,"{""ue1"": {""delivered_bps"": 786211.3708663746, ""delivery_ratio"": 0.8895350341229064, ""offered_bps"": 883845.3132333227}, ""ue10"": {""delivered_bps"": 97913.22362382214, ""delivery_ratio"": 1.0, ""jitter_ms"": 14.575589369127513, ""loss_percent"": 0.0, ""offered_bps"": 95993.35649394328, ""rtt_p95_ms"": 88.571752}, ""ue2"": {""delivered_bps"": 730886.1705978052, ""delivery_ratio"": 0.8494139457107447, ""offered_bps"": 860459.3488116543}, ""ue3"": {""delivered_bps"": 730886.1705978052, ""delivery_ratio"": 1.0, ""offered_bps"": 568758.29135438}, ""ue4"": {""delivered_bps"": 939268.5594066682, ""delivery_ratio"": 1.0, ""offered_bps"": 592743.6038945143}, ""ue5"": {""delivered_bps"": 975424.1157160635, ""delivery_ratio"": 1.0, ""offered_bps"": 878727.6540982219}, ""ue6"": {""delivered_bps"": 701181.8214042344, ""delivery_ratio"": 0.8125245110904046, ""offered_bps"": 862966.97740632}, ""ue7"": {""delivered_bps"": 964881.4114647842, ""delivery_ratio"": 1.0, ""offered_bps"": 865133.6565279765}, ""ue8"": {""delivered_bps"": 543821.161781097, ""delivery_ratio"": 0.7123552797102183, ""offered_bps"": 763412.83243148}}"
1785385412.2305043,round-2-ue10-1785385377,STRONG_40,0,8.0,1.0,6.791279855044546,2.7165119420178176,3.3033859796884415,1.0,1.0,0.0,10.716869175675678,41.265148,0.0,1.0,1,"{""ue1"": {""delivered_bps"": 556421.1987673251, ""delivery_ratio"": 1.0, ""offered_bps"": 481028.8577992471}, ""ue10"": {""delivered_bps"": 94073.61218881991, ""delivery_ratio"": 1.0, ""jitter_ms"": 10.716869175675678, ""loss_percent"": 0.0, ""offered_bps"": 95993.48182532644, ""rtt_p95_ms"": 41.265148}, ""ue2"": {""delivered_bps"": 425437.406065867, ""delivery_ratio"": 1.0, ""offered_bps"": 348926.71436225064}, ""ue3"": {""delivered_bps"": 275771.34814578586, ""delivery_ratio"": 1.0, ""offered_bps"": 275378.64242985833}, ""ue4"": {""delivered_bps"": 424493.6957508852, ""delivery_ratio"": 1.0, ""offered_bps"": 265724.9844685198}, ""ue5"": {""delivered_bps"": 415888.3372854578, ""delivery_ratio"": 1.0, ""offered_bps"": 332223.3393743328}, ""ue6"": {""delivered_bps"": 420191.0165181715, ""delivery_ratio"": 1.0, ""offered_bps"": 357613.0948331893}, ""ue7"": {""delivered_bps"": 420095.0459776649, ""delivery_ratio"": 1.0, ""offered_bps"": 338190.5082098833}, ""ue8"": {""delivered_bps"": 365087.9311772845, ""delivery_ratio"": 1.0, ""offered_bps"": 317425.80054053705}}"
1785385413.271427,round-2-ue10-1785385377,STRONG_40,1,8.0,1.0,7.176474040089217,2.870589616035687,2.929890144904461,1.0,1.0,0.0,11.289669677852348,47.112287,0.0,1.0,1,"{""ue1"": {""delivered_bps"": 475663.93370024796, ""delivery_ratio"": 1.0, ""offered_bps"": 427571.01943815616}, ""ue10"": {""delivered_bps"": 97913.58539166786, ""delivery_ratio"": 1.0, ""jitter_ms"": 11.289669677852348, ""loss_percent"": 0.0, ""offered_bps"": 95993.71116830183, ""rtt_p95_ms"": 47.112287}, ""ue2"": {""delivered_bps"": 428942.36863012135, ""delivery_ratio"": 0.9166806741939086, ""offered_bps"": 467929.97900530155}, ""ue3"": {""delivered_bps"": 305578.23620180757, ""delivery_ratio"": 0.9958744906587246, ""offered_bps"": 306844.12450376333}, ""ue4"": {""delivered_bps"": 280169.3850609305, ""delivery_ratio"": 1.0, ""offered_bps"": 270233.9138213476}, ""ue5"": {""delivered_bps"": 331195.09431046265, ""delivery_ratio"": 1.0, ""offered_bps"": 296114.97616643074}, ""ue6"": {""delivered_bps"": 411933.7988802773, ""delivery_ratio"": 0.9610325645896091, ""offered_bps"": 428636.67065869505}, ""ue7"": {""delivered_bps"": 335499.2384898681, ""delivery_ratio"": 1.0, ""offered_bps"": 303907.7145990325}, ""ue8"": {""delivered_bps"": 360908.0896307452, ""delivery_ratio"": 0.977140651487428, ""offered_bps"": 369351.2178429603}}"
1785385414.3233445,round-2-ue10-1785385377,STRONG_40,2,8.0,1.0,7.630155069925069,3.052062027970028,2.929890144904461,0.9599707076900972,1.0,0.0,12.075908393333338,53.392576,0.0,1.0,1,"{""ue1"": {""delivered_bps"": 475663.93370024796, ""delivery_ratio"": 1.0, ""offered_bps"": 369343.52432751626}, ""ue10"": {""delivered_bps"": 97913.15733420046, ""delivery_ratio"": 1.0, ""jitter_ms"": 12.075908393333338, ""loss_percent"": 0.0, ""offered_bps"": 95993.2915041181, ""rtt_p95_ms"": 53.392576}, ""ue2"": {""delivered_bps"": 428942.36863012135, ""delivery_ratio"": 1.0, ""offered_bps"": 405385.00511932967}, ""ue3"": {""delivered_bps"": 305578.23620180757, ""delivery_ratio"": 0.8708701784048895, ""offered_bps"": 350888.3916102321}, ""ue4"": {""delivered_bps"": 280169.3850609305, ""delivery_ratio"": 0.6367762993103161, ""offered_bps"": 439980.8619830515}, ""ue5"": {""delivered_bps"": 331195.09431046265, ""delivery_ratio"": 1.0, ""offered_bps"": 271265.57053076726}, ""ue6"": {""delivered_bps"": 411933.7988802773, ""delivery_ratio"": 0.7971834323000824, ""offered_bps"": 516736.5278675458}, ""ue7"": {""delivered_bps"": 335499.2384898681, ""delivery_ratio"": 1.0, ""offered_bps"": 278160.2465727495}, ""ue8"": {""delivered_bps"": 360908.0896307452, ""delivery_ratio"": 0.8586877424681931, ""offered_bps"": 420301.8999588359}}"
1785385415.362815,round-2-ue10-1785385377,STRONG_40,3,8.0,1.0,7.75082370509493,3.1003294820379717,3.2242728557526323,1.0,1.0,0.0,12.038321900000005,51.621955,0.0,1.0,1,"{""ue1"": {""delivered_bps"": 361012.54161962343, ""delivery_ratio"": 1.0, ""offered_bps"": 316430.13223534485}, ""ue10"": {""delivered_bps"": 94073.33473849088, ""delivery_ratio"": 1.0, ""jitter_ms"": 12.038321900000005, ""loss_percent"": 0.0, ""offered_bps"": 95993.1987127458, ""rtt_p95_ms"": 51.621955}, ""ue2"": {""delivered_bps"": 433371.90057787474, ""delivery_ratio"": 1.0, ""offered_bps"": 423215.9771913884}, ""ue3"": {""delivered_bps"": 395039.52616844943, ""delivery_ratio"": 0.9837261958426551, ""offered_bps"": 401574.6737638317}, ""ue4"": {""delivered_bps"": 441982.68029907346, ""delivery_ratio"": 1.0, ""offered_bps"": 398451.37105912424}, ""ue5"": {""delivered_bps"": 280250.4701081577, ""delivery_ratio"": 1.0, ""offered_bps"": 260374.8843263105}, ""ue6"": {""delivered_bps"": 531147.4643637534, ""delivery_ratio"": 1.0, ""offered_bps"": 500879.81630936917}, ""ue7"": {""delivered_bps"": 284347.7928007727, ""delivery_ratio"": 1.0, ""offered_bps"": 263248.12134575855}, ""ue8"": {""delivered_bps"": 497120.47981492744, ""delivery_ratio"": 0.9271963108224259, ""offered_bps"": 536154.5058068448}}"
1785385416.4061155,round-2-ue10-1785385377,STRONG_40,4,8.0,1.0,7.186780162621363,2.874712065048546,3.2242728557526323,1.0,1.0,0.0,11.446967342281882,44.301852,0.0,1.0,1,"{""ue1"": {""delivered_bps"": 361012.54161962343, ""delivery_ratio"": 1.0, ""offered_bps"": 277964.38783676364}, ""ue10"": {""delivered_bps"": 95993.84266890014, ""delivery_ratio"": 1.0, ""jitter_ms"": 11.446967342281882, ""loss_percent"": 0.0, ""offered_bps"": 95993.84266890014, ""rtt_p95_ms"": 44.301852}, ""ue2"": {""delivered_bps"": 433371.90057787474, ""delivery_ratio"": 1.0, ""offered_bps"": 388574.0347381222}, ""ue3"": {""delivered_bps"": 395039.52616844943, ""delivery_ratio"": 0.8738850534812035, ""offered_bps"": 452049.7571102426}, ""ue4"": {""delivered_bps"": 441982.68029907346, ""delivery_ratio"": 0.8184864449982842, ""offered_bps"": 540000.0}, ""ue5"": {""delivered_bps"": 280250.4701081577, ""delivery_ratio"": 1.0, ""offered_bps"": 264616.9788682505}, ""ue6"": {""delivered_bps"": 531147.4643637534, ""delivery_ratio"": 1.0, ""offered_bps"": 304897.4549105354}, ""ue7"": {""delivered_bps"": 284347.7928007727, ""delivery_ratio"": 1.0, ""offered_bps"": 260487.5566775367}, ""ue8"": {""delivered_bps"": 497120.47981492744, ""delivery_ratio"": 1.0, ""offered_bps"": 386121.89490709465}}"
1785385417.4459653,round-2-ue10-1785385377,STRONG_40,5,8.0,1.0,8.132802549045072,3.2531210196180296,3.2103092844367067,0.9868397963300026,1.0,0.0,12.49310413513514,89.745674,0.0,1.0,1,"{""ue1"": {""delivered_bps"": 284255.05119640427, ""delivery_ratio"": 1.0, ""offered_bps"": 260608.9515508593}, ""ue10"": {""delivered_bps"": 95993.64032261557, ""delivery_ratio"": 1.0, ""jitter_ms"": 12.49310413513514, ""loss_percent"": 0.0, ""offered_bps"": 95993.64032261557, ""rtt_p95_ms"": 89.745674}, ""ue2"": {""delivered_bps"": 441630.5258990854, ""delivery_ratio"": 0.9575849249513575, ""offered_bps"": 461192.02004095766}, ""ue3"": {""delivered_bps"": 492654.3555886797, ""delivery_ratio"": 0.9942832269547482, ""offered_bps"": 495486.9419828817}, ""ue4"": {""delivered_bps"": 556590.1421799682, ""delivery_ratio"": 1.0, ""offered_bps"": 522077.72656964447}, ""ue5"": {""delivered_bps"": 288559.0368303023, ""delivery_ratio"": 1.0, ""offered_bps"": 283531.3537055316}, ""ue6"": {""delivered_bps"": 382206.72424742236, ""delivery_ratio"": 0.9041418150669079, ""offered_bps"": 422728.73334493267}, ""ue7"": {""delivered_bps"": 280159.06486823363, ""delivery_ratio"": 1.0, ""offered_bps"": 270126.1401047048}, ""ue8"": {""delivered_bps"": 484254.38362661103, ""delivery_ratio"": 0.9011577637779566, ""offered_bps"": 537369.1523185171}}"
1785385425.5292814,round-2-ue9-ue10-1785385418,EQUAL_100,0,8.0,2.0,8.74917643607327,8.74917643607327,9.298279750901584,1.0,1.0,0.0,15.401418413333332,140.152127,1.0,1.0,0,"{""ue1"": {""delivered_bps"": 1398421.2924450038, ""delivery_ratio"": 1.0, ""offered_bps"": 1347624.3137971156}, ""ue10"": {""delivered_bps"": 99832.91638806382, ""delivery_ratio"": 1.0, ""jitter_ms"": 14.056771166666659, ""loss_percent"": 0.0, ""offered_bps"": 95993.18883467675, ""rtt_p95_ms"": 140.152127}, ""ue2"": {""delivered_bps"": 926561.5925088918, ""delivery_ratio"": 1.0, ""offered_bps"": 869472.1706956918}, ""ue3"": {""delivered_bps"": 909555.7657236033, ""delivery_ratio"": 1.0, ""offered_bps"": 812269.0885149231}, ""ue4"": {""delivered_bps"": 998888.3497020148, ""delivery_ratio"": 0.9881958442423853, ""offered_bps"": 1010820.2291296085}, ""ue5"": {""delivered_bps"": 1402932.7159195584, ""delivery_ratio"": 1.0, ""offered_bps"": 1348499.5957025979}, ""ue6"": {""delivered_bps"": 1319723.3494407416, ""delivery_ratio"": 1.0, ""offered_bps"": 1223276.6284750723}, ""ue7"": {""delivered_bps"": 1356010.7121930753, ""delivery_ratio"": 1.0, ""offered_bps"": 1326938.399595627}, ""ue8"": {""delivered_bps"": 986185.9729686949, ""delivery_ratio"": 1.0, ""offered_bps"": 810276.0101626324}, ""ue9"": {""delivered_bps"": 97913.03975468651, ""delivery_ratio"": 1.0, ""jitter_ms"": 15.401418413333332, ""loss_percent"": 0.0, ""offered_bps"": 95993.1762300848, ""rtt_p95_ms"": 109.712734}}"
1785385426.5789819,round-2-ue9-ue10-1785385418,EQUAL_100,1,8.0,2.0,9.47495433988328,9.47495433988328,9.298279750901584,0.9813535155269284,1.0,0.0,15.154996409395974,127.577211,1.0,1.0,0,"{""ue1"": {""delivered_bps"": 1398421.2924450038, ""delivery_ratio"": 1.0, ""offered_bps"": 1300998.6351532547}, ""ue10"": {""delivered_bps"": 94073.71284929018, ""delivery_ratio"": 1.0, ""jitter_ms"": 12.585553513513508, ""loss_percent"": 0.0, ""offered_bps"": 95993.58454009202, ""rtt_p95_ms"": 127.577211}, ""ue2"": {""delivered_bps"": 926561.5925088918, ""delivery_ratio"": 0.7890746474871861, ""offered_bps"": 1174238.1984512287}, ""ue3"": {""delivered_bps"": 909555.7657236033, ""delivery_ratio"": 1.0, ""offered_bps"": 718228.7356880805}, ""ue4"": {""delivered_bps"": 998888.3497020148, ""delivery_ratio"": 0.8831398042268617, ""offered_bps"": 1131064.8041467052}, ""ue5"": {""delivered_bps"": 1402932.7159195584, ""delivery_ratio"": 1.0, ""offered_bps"": 1319112.4040198906}, ""ue6"": {""delivered_bps"": 1319723.3494407416, ""delivery_ratio"": 1.0, ""offered_bps"": 1261141.039765607}, ""ue7"": {""delivered_bps"": 1356010.7121930753, ""delivery_ratio"": 1.0, ""offered_bps"": 1349242.3281708315}, ""ue8"": {""delivered_bps"": 986185.9729686949, ""delivery_ratio"": 0.8077346214307988, ""offered_bps"": 1220928.19448768}, ""ue9"": {""delivered_bps"": 95993.80002726625, ""delivery_ratio"": 1.0, ""jitter_ms"": 15.154996409395974, ""loss_percent"": 0.0, ""offered_bps"": 95993.80002726625, ""rtt_p95_ms"": 127.46591}}"
1785385427.6191623,round-2-ue9-ue10-1785385418,EQUAL_100,2,8.0,2.0,9.141897306340889,9.141897306340889,9.629669282544105,1.0,1.0,0.0,14.61581935333334,127.577211,1.0,1.0,0,"{""ue1"": {""delivered_bps"": 1305741.0655829692, ""delivery_ratio"": 1.0, ""offered_bps"": 1202315.9201762537}, ""ue10"": {""delivered_bps"": 97917.01782845237, ""delivery_ratio"": 1.0, ""jitter_ms"": 11.885196940397352, ""loss_percent"": 0.0, ""offered_bps"": 95997.0763024043, ""rtt_p95_ms"": 127.577211}, ""ue2"": {""delivered_bps"": 1314352.897919647, ""delivery_ratio"": 0.9735947391997385, ""offered_bps"": 1350000.0}, ""ue3"": {""delivered_bps"": 722689.602855618, ""delivery_ratio"": 1.0, ""offered_bps"": 662250.6612704429}, ""ue4"": {""delivered_bps"": 1190729.8846554062, ""delivery_ratio"": 1.0, ""offered_bps"": 1153378.8495691295}, ""ue5"": {""delivered_bps"": 1339980.302326749, ""delivery_ratio"": 1.0, ""offered_bps"": 1255136.415879997}, ""ue6"": {""delivered_bps"": 1322756.6376533937, ""delivery_ratio"": 1.0, ""offered_bps"": 1276701.6804538402}, ""ue7"": {""delivered_bps"": 1327558.7746441062, ""delivery_ratio"": 0.9903409270781744, ""offered_bps"": 1340506.8278464803}, ""ue8"": {""delivered_bps"": 1105860.116906215, ""delivery_ratio"": 1.0, ""offered_bps"": 901606.9511447429}, ""ue9"": {""delivered_bps"": 95993.43319456544, ""delivery_ratio"": 1.0, ""jitter_ms"": 14.61581935333334, ""loss_percent"": 0.0, ""offered_bps"": 95993.43319456544, ""rtt_p95_ms"": 113.315603}}"
1785385428.6588492,round-2-ue9-ue10-1785385418,EQUAL_100,3,8.0,2.0,7.790937690127971,7.790937690127971,9.629669282544105,1.0,1.0,0.0,12.684273959731547,96.171085,1.0,1.0,1,"{""ue1"": {""delivered_bps"": 1305741.0655829692, ""delivery_ratio"": 1.0, ""offered_bps"": 1068652.068401968}, ""ue10"": {""delivered_bps"": 94073.06885377818, ""delivery_ratio"": 1.0, ""jitter_ms"": 12.053181758389254, ""loss_percent"": 0.0, ""offered_bps"": 95992.92740181446, ""rtt_p95_ms"": 96.171085}, ""ue2"": {""delivered_bps"": 1314352.897919647, ""delivery_ratio"": 1.0, ""offered_bps"": 791118.443566683}, ""ue3"": {""delivered_bps"": 722689.602855618, ""delivery_ratio"": 1.0, ""offered_bps"": 651902.8744212796}, ""ue4"": {""delivered_bps"": 1190729.8846554062, ""delivery_ratio"": 1.0, ""offered_bps"": 679641.0245025655}, ""ue5"": {""delivered_bps"": 1339980.302326749, ""delivery_ratio"": 1.0, ""offered_bps"": 1163496.540308197}, ""ue6"": {""delivered_bps"": 1322756.6376533937, ""delivery_ratio"": 1.0, ""offered_bps"": 1284172.470077622}, ""ue7"": {""delivered_bps"": 1327558.7746441062, ""delivery_ratio"": 1.0, ""offered_bps"": 1301504.4494347977}, ""ue8"": {""delivered_bps"": 1105860.116906215, ""delivery_ratio"": 1.0, ""offered_bps"": 850449.8194148586}, ""ue9"": {""delivered_bps"": 95993.57180130367, ""delivery_ratio"": 1.0, ""jitter_ms"": 12.684273959731547, ""loss_percent"": 0.0, ""offered_bps"": 95993.57180130367, ""rtt_p95_ms"": 81.537408}}"
1785385429.7146027,round-2-ue9-ue10-1785385418,EQUAL_100,4,8.0,2.0,8.281051029952597,8.281051029952597,8.45862380053565,1.0,0.9933333333333333,0.6666666666666666,13.05126593877551,104.910241,1.0,1.0,1,"{""ue1"": {""delivered_bps"": 1037184.9093829077, ""delivery_ratio"": 1.0, ""offered_bps"": 923075.1126013518}, ""ue10"": {""delivered_bps"": 94073.35598305089, ""delivery_ratio"": 0.9933333333333333, ""jitter_ms"": 13.05126593877551, ""loss_percent"": 0.6666666666666666, ""offered_bps"": 95993.22039086826, ""rtt_p95_ms"": 104.910241}, ""ue2"": {""delivered_bps"": 1066888.582337425, ""delivery_ratio"": 0.8520927250087948, ""offered_bps"": 1252080.3793113164}, ""ue3"": {""delivered_bps"": 700953.8894170681, ""delivery_ratio"": 1.0, ""offered_bps"": 688591.7111739286}, ""ue4"": {""delivered_bps"": 943754.5197383022, ""delivery_ratio"": 0.832098975485612, ""offered_bps"": 1134185.412483567}, ""ue5"": {""delivered_bps"": 1156015.5988705372, ""delivery_ratio"": 1.0, ""offered_bps"": 1054124.1660265317}, ""ue6"": {""delivered_bps"": 1143729.388648876, ""delivery_ratio"": 1.0, ""offered_bps"": 905640.865932321}, ""ue7"": {""delivered_bps"": 1398316.3020180385, ""delivery_ratio"": 1.0, ""offered_bps"": 1235684.344395817}, ""ue8"": {""delivered_bps"": 1011780.6101224936, ""delivery_ratio"": 0.9302283826678793, ""offered_bps"": 1087669.0380277624}, ""ue9"": {""delivered_bps"": 95991.29608219284, ""delivery_ratio"": 1.0, ""jitter_ms"": 12.515397651006717, ""loss_percent"": 0.0, ""offered_bps"": 95991.29608219284, ""rtt_p95_ms"": 85.491533}}"
1785385430.7549317,round-2-ue9-ue10-1785385418,EQUAL_100,5,8.0,2.0,7.235476132713509,7.235476132713509,8.45862380053565,1.0,1.0,0.0,13.662967554054052,100.414318,1.0,1.0,1,"{""ue1"": {""delivered_bps"": 1037184.9093829077, ""delivery_ratio"": 1.0, ""offered_bps"": 694785.6634244474}, ""ue10"": {""delivered_bps"": 97913.30605285794, ""delivery_ratio"": 1.0, ""jitter_ms"": 13.662967554054052, ""loss_percent"": 0.0, ""offered_bps"": 95993.43730672347, ""rtt_p95_ms"": 100.414318}, ""ue2"": {""delivered_bps"": 1066888.582337425, ""delivery_ratio"": 1.0, ""offered_bps"": 811769.8768342853}, ""ue3"": {""delivered_bps"": 700953.8894170681, ""delivery_ratio"": 0.9134822665771342, ""offered_bps"": 767342.63495183}, ""ue4"": {""delivered_bps"": 943754.5197383022, ""delivery_ratio"": 1.0, ""offered_bps"": 841459.3196698409}, ""ue5"": {""delivered_bps"": 1156015.5988705372, ""delivery_ratio"": 1.0, ""offered_bps"": 938896.1824582034}, ""ue6"": {""delivered_bps"": 1143729.388648876, ""delivery_ratio"": 0.9300603804490264, ""offered_bps"": 1229736.706015465}, ""ue7"": {""delivered_bps"": 1398316.3020180385, ""delivery_ratio"": 1.0, ""offered_bps"": 1148957.110054057}, ""ue8"": {""delivered_bps"": 1011780.6101224936, ""delivery_ratio"": 1.0, ""offered_bps"": 802528.6393053803}, ""ue9"": {""delivered_bps"": 97913.11972149079, ""delivery_ratio"": 1.0, ""jitter_ms"": 12.15970132666667, ""loss_percent"": 0.0, ""offered_bps"": 95993.25462891255, ""rtt_p95_ms"": 53.517247}}"
1785385434.792111,round-2-ue9-ue10-1785385418,LIGHT_85,0,8.0,2.0,6.8532846632847955,5.825291963792076,7.433543115146894,1.0,1.0,0.0,13.058424249999995,108.354702,1.0,1.0,1,"{""ue1"": {""delivered_bps"": 637167.8081174708, ""delivery_ratio"": 1.0, ""offered_bps"": 631397.4571363147}, ""ue10"": {""delivered_bps"": 95993.87042621049, ""delivery_ratio"": 1.0, ""jitter_ms"": 13.058424249999995, ""loss_percent"": 0.0, ""offered_bps"": 95993.87042621049, ""rtt_p95_ms"": 108.354702}, ""ue2"": {""delivered_bps"": 1079476.6062046902, ""delivery_ratio"": 1.0, ""offered_bps"": 645806.7332006878}, ""ue3"": {""delivered_bps"": 1024166.5118477956, ""delivery_ratio"": 0.9725386193450583, ""offered_bps"": 1053085.69909286}, ""ue4"": {""delivered_bps"": 1037971.0412180509, ""delivery_ratio"": 1.0, ""offered_bps"": 699799.4024575953}, ""ue5"": {""delivered_bps"": 684084.0128022432, ""delivery_ratio"": 1.0, ""offered_bps"": 562371.9303983817}, ""ue6"": {""delivered_bps"": 943446.8057821519, ""delivery_ratio"": 1.0, ""offered_bps"": 711022.2376446677}, ""ue7"": {""delivered_bps"": 866826.0691847907, ""delivery_ratio"": 1.0, ""offered_bps"": 590973.1854651963}, ""ue8"": {""delivered_bps"": 1160404.2599897005, ""delivery_ratio"": 1.0, ""offered_bps"": 930835.3183963728}, ""ue9"": {""delivered_bps"": 95993.77991330114, ""delivery_ratio"": 1.0, ""jitter_ms"": 12.542843348993285, ""loss_percent"": 0.0, ""offered_bps"": 95993.77991330114, ""rtt_p95_ms"": 74.825512}}"
1785385435.8298452,round-2-ue9-ue10-1785385418,LIGHT_85,1,8.0,2.0,7.743972867871111,6.5823769376904435,6.3044407267814995,0.9577757072346478,1.0,0.0,13.816802141891893,108.697944,1.0,1.0,1,"{""ue1"": {""delivered_bps"": 709662.7310241502, ""delivery_ratio"": 0.8312664996034133, ""offered_bps"": 853712.6557640916}, ""ue10"": {""delivered_bps"": 95993.56898536145, ""delivery_ratio"": 1.0, ""jitter_ms"": 13.816802141891893, ""loss_percent"": 0.0, ""offered_bps"": 95993.56898536145, ""rtt_p95_ms"": 108.697944}, ""ue2"": {""delivered_bps"": 743886.6698269787, ""delivery_ratio"": 1.0, ""offered_bps"": 634692.9280744737}, ""ue3"": {""delivered_bps"": 1005478.2020648681, ""delivery_ratio"": 0.8994194742039225, ""offered_bps"": 1117919.0921508768}, ""ue4"": {""delivered_bps"": 820322.5331490043, ""delivery_ratio"": 1.0, ""offered_bps"": 735014.452426301}, ""ue5"": {""delivered_bps"": 586302.9516086251, ""delivery_ratio"": 0.9728822902726468, ""offered_bps"": 602645.3122549037}, ""ue6"": {""delivered_bps"": 956386.2898480478, ""delivery_ratio"": 0.863530886684963, ""offered_bps"": 1107529.9153682278}, ""ue7"": {""delivered_bps"": 645934.8449784905, ""delivery_ratio"": 1.0, ""offered_bps"": 559348.3994054414}, ""ue8"": {""delivered_bps"": 836466.5042813343, ""delivery_ratio"": 0.8609925820613702, ""offered_bps"": 971514.182246128}, ""ue9"": {""delivered_bps"": 95991.77347589727, ""delivery_ratio"": 1.0, ""jitter_ms"": 12.230168590604034, ""loss_percent"": 0.0, ""offered_bps"": 95991.77347589727, ""rtt_p95_ms"": 74.825512}}"
1785385436.868062,round-2-ue9-ue10-1785385418,LIGHT_85,2,8.0,2.0,7.926415956745353,6.737453563233549,6.3044407267814995,0.9357304904014462,1.0,0.0,13.480686500000001,95.106136,1.0,1.0,1,"{""ue1"": {""delivered_bps"": 709662.7310241502, ""delivery_ratio"": 0.7282969366850306, ""offered_bps"": 974413.9996720331}, ""ue10"": {""delivered_bps"": 97912.3962409452, ""delivery_ratio"": 1.0, ""jitter_ms"": 13.480686500000001, ""loss_percent"": 0.0, ""offered_bps"": 95992.54533426001, ""rtt_p95_ms"": 83.930704}, ""ue2"": {""delivered_bps"": 743886.6698269787, ""delivery_ratio"": 0.8910000029139109, ""offered_bps"": 834889.6379283778}, ""ue3"": {""delivered_bps"": 1005478.2020648681, ""delivery_ratio"": 0.8857960769629851, ""offered_bps"": 1135112.5029952961}, ""ue4"": {""delivered_bps"": 820322.5331490043, ""delivery_ratio"": 1.0, ""offered_bps"": 649035.6001270978}, ""ue5"": {""delivered_bps"": 586302.9516086251, ""delivery_ratio"": 0.8754310354037387, ""offered_bps"": 669730.5988680525}, ""ue6"": {""delivered_bps"": 956386.2898480478, ""delivery_ratio"": 0.9196754870526023, ""offered_bps"": 1039917.1265432953}, ""ue7"": {""delivered_bps"": 645934.8449784905, ""delivery_ratio"": 1.0, ""offered_bps"": 553557.4637456231}, ""ue8"": {""delivered_bps"": 836466.5042813343, ""delivery_ratio"": 0.949670414947381, ""offered_bps"": 880796.6333537735}, ""ue9"": {""delivered_bps"": 95991.91931858721, ""delivery_ratio"": 1.0, ""jitter_ms"": 13.268965979865778, ""loss_percent"": 0.0, ""offered_bps"": 95991.91931858721, ""rtt_p95_ms"": 95.106136}}"
1785385437.921891,round-2-ue9-ue10-1785385418,LIGHT_85,3,8.0,2.0,8.35159355571158,7.098854522354843,7.095489810479592,0.999526020449545,1.0,0.0,14.228888805369126,80.954706,1.0,1.0,1,"{""ue1"": {""delivered_bps"": 952280.6747051376, ""delivery_ratio"": 0.8870260469223133, ""offered_bps"": 1073565.6275362333}, ""ue10"": {""delivered_bps"": 94078.02379885057, ""delivery_ratio"": 1.0, ""jitter_ms"": 14.228888805369126, ""loss_percent"": 0.0, ""offered_bps"": 95997.98346821486, ""rtt_p95_ms"": 80.954706}, ""ue2"": {""delivered_bps"": 764983.6889231199, ""delivery_ratio"": 0.6761746322055501, ""offered_bps"": 1131340.4148687033}, ""ue3"": {""delivered_bps"": 1315682.826381974, ""delivery_ratio"": 1.0, ""offered_bps"": 1085165.8589101043}, ""ue4"": {""delivered_bps"": 722564.3715879722, ""delivery_ratio"": 1.0, ""offered_bps"": 620437.0849752679}, ""ue5"": {""delivered_bps"": 667237.2619812051, ""delivery_ratio"": 0.8821747847145402, ""offered_bps"": 756354.9463694022}, ""ue6"": {""delivered_bps"": 1118853.9939983857, ""delivery_ratio"": 1.0, ""offered_bps"": 988424.2806386536}, ""ue7"": {""delivered_bps"": 581990.6338768514, ""delivery_ratio"": 1.0, ""offered_bps"": 574113.6574183201}, ""ue8"": {""delivered_bps"": 971896.3590249456, ""delivery_ratio"": 1.0, ""offered_bps"": 869452.6516381587}, ""ue9"": {""delivered_bps"": 94073.59313431648, ""delivery_ratio"": 1.0, ""jitter_ms"": 12.24177426351351, ""loss_percent"": 0.0, ""offered_bps"": 95993.4623819556, ""rtt_p95_ms"": 75.112427}}"
1785385438.9629056,round-2-ue9-ue10-1785385418,LIGHT_85,4,8.0,2.0,8.008968034444385,6.807622829277726,7.23940478593139,1.0,1.0,0.0,13.884541013333328,99.075211,1.0,1.0,1,"{""ue1"": {""delivered_bps"": 1147909.0730625128, ""delivery_ratio"": 1.0, ""offered_bps"": 1134078.5753873622}, ""ue10"": {""delivered_bps"": 97913.35091473663, ""delivery_ratio"": 1.0, ""jitter_ms"": 13.884541013333328, ""loss_percent"": 0.0, ""offered_bps"": 95993.48128895748, ""rtt_p95_ms"": 99.075211}, ""ue2"": {""delivered_bps"": 918168.0411021194, ""delivery_ratio"": 1.0, ""offered_bps"": 634362.8712304834}, ""ue3"": {""delivered_bps"": 1084174.1286756527, ""delivery_ratio"": 1.0, ""offered_bps"": 1003453.4367318491}, ""ue4"": {""delivered_bps"": 828814.3053611637, ""delivery_ratio"": 0.856842291239023, ""offered_bps"": 967289.212770614}, ""ue5"": {""delivered_bps"": 837423.2433677242, ""delivery_ratio"": 0.9815992854084797, ""offered_bps"": 853121.2846383048}, ""ue6"": {""delivered_bps"": 960800.6862396267, ""delivery_ratio"": 1.0, ""offered_bps"": 855752.40625962}, ""ue7"": {""delivered_bps"": 624692.0647548658, ""delivery_ratio"": 1.0, ""offered_bps"": 619185.7408240304}, ""ue8"": {""delivered_bps"": 837423.2433677242, ""delivery_ratio"": 1.0, ""offered_bps"": 740379.3014354624}, ""ue9"": {""delivered_bps"": 97912.51017166725, ""delivery_ratio"": 1.0, ""jitter_ms"": 11.883922677852356, ""loss_percent"": 0.0, ""offered_bps"": 95992.65703104631, ""rtt_p95_ms"": 75.032015}}"
1785385439.9993432,round-2-ue9-ue10-1785385418,LIGHT_85,5,8.0,2.0,7.927165567004275,6.738090731953635,7.23940478593139,1.0,1.0,0.0,14.676116310810816,139.067679,1.0,1.0,0,"{""ue1"": {""delivered_bps"": 1147909.0730625128, ""delivery_ratio"": 1.0, ""offered_bps"": 1145452.887976}, ""ue10"": {""delivered_bps"": 94073.37183982153, ""delivery_ratio"": 1.0, ""jitter_ms"": 14.676116310810816, ""loss_percent"": 0.0, ""offered_bps"": 95993.23657124645, ""rtt_p95_ms"": 139.067679}, ""ue2"": {""delivered_bps"": 918168.0411021194, ""delivery_ratio"": 1.0, ""offered_bps"": 569746.9054865513}, ""ue3"": {""delivered_bps"": 1084174.1286756527, ""delivery_ratio"": 1.0, ""offered_bps"": 900991.0007892913}, ""ue4"": {""delivered_bps"": 828814.3053611637, ""delivery_ratio"": 0.8880249186159314, ""offered_bps"": 933323.2525197008}, ""ue5"": {""delivered_bps"": 837423.2433677242, ""delivery_ratio"": 0.8818779235577567, ""offered_bps"": 949590.8912078339}, ""ue6"": {""delivered_bps"": 960800.6862396267, ""delivery_ratio"": 0.990246285255769, ""offered_bps"": 970264.3681126895}, ""ue7"": {""delivered_bps"": 624692.0647548658, ""delivery_ratio"": 0.912249275810189, ""offered_bps"": 684782.1985937592}, ""ue8"": {""delivered_bps"": 837423.2433677242, ""delivery_ratio"": 1.0, ""offered_bps"": 583939.2272678086}, ""ue9"": {""delivered_bps"": 95992.15665471194, ""delivery_ratio"": 1.0, ""jitter_ms"": 12.032178604026845, ""loss_percent"": 0.0, ""offered_bps"": 95992.15665471194, ""rtt_p95_ms"": 83.459631}}"
1785385444.045302,round-2-ue9-ue10-1785385418,MEDIUM_70,0,8.0,2.0,8.073021440644562,5.6511150084511925,6.197126142554758,1.0,0.9933333333333333,0.6666666666666666,14.410554241610736,110.23819,1.0,1.0,1,"{""ue1"": {""delivered_bps"": 830551.9996089465, ""delivery_ratio"": 1.0, ""offered_bps"": 645981.1475874687}, ""ue10"": {""delivered_bps"": 95993.38103276536, ""delivery_ratio"": 0.9933333333333333, ""jitter_ms"": 12.390519122448977, ""loss_percent"": 0.6666666666666666, ""offered_bps"": 95993.38103276536, ""rtt_p95_ms"": 110.23819}, ""ue2"": {""delivered_bps"": 709961.480343717, ""delivery_ratio"": 0.9457465600781296, ""offered_bps"": 750688.9375152113}, ""ue3"": {""delivered_bps"": 556659.0225158621, ""delivery_ratio"": 1.0, ""offered_bps"": 463517.8275947569}, ""ue4"": {""delivered_bps"": 786402.6839703094, ""delivery_ratio"": 1.0, ""offered_bps"": 573370.9798062448}, ""ue5"": {""delivered_bps"": 967052.4344500059, ""delivery_ratio"": 1.0, ""offered_bps"": 943931.9372682113}, ""ue6"": {""delivered_bps"": 752382.5879037122, ""delivery_ratio"": 0.7961720506917589, ""offered_bps"": 945000.0}, ""ue7"": {""delivered_bps"": 773693.1537252978, ""delivery_ratio"": 0.921089031275339, ""offered_bps"": 839976.514163938}, ""ue8"": {""delivered_bps"": 820422.7800369068, ""delivery_ratio"": 1.0, ""offered_bps"": 488647.6645153616}, ""ue9"": {""delivered_bps"": 95993.40132535265, ""delivery_ratio"": 1.0, ""jitter_ms"": 14.410554241610736, ""loss_percent"": 0.0, ""offered_bps"": 95993.40132535265, ""rtt_p95_ms"": 107.402218}}"
1785385445.0914187,round-2-ue9-ue10-1785385418,MEDIUM_70,1,8.0,2.0,8.090471841438259,5.6633302890067805,5.91831238469357,1.0,1.0,0.0,14.924409412162166,129.400573,1.0,1.0,0,"{""ue1"": {""delivered_bps"": 629090.885833267, ""delivery_ratio"": 1.0, ""offered_bps"": 553444.8812726616}, ""ue10"": {""delivered_bps"": 97913.38077708721, ""delivery_ratio"": 1.0, ""jitter_ms"": 13.825518317567568, ""loss_percent"": 0.0, ""offered_bps"": 95993.51056577176, ""rtt_p95_ms"": 129.400573}, ""ue2"": {""delivered_bps"": 650888.5297353965, ""delivery_ratio"": 1.0, ""offered_bps"": 487142.8292490315}, ""ue3"": {""delivered_bps"": 484381.4172847679, ""delivery_ratio"": 1.0, ""offered_bps"": 456353.66008317115}, ""ue4"": {""delivered_bps"": 612078.480937552, ""delivery_ratio"": 1.0, ""offered_bps"": 598175.0656269115}, ""ue5"": {""delivered_bps"": 978181.2732159406, ""delivery_ratio"": 1.0, ""offered_bps"": 923292.2856782866}, ""ue6"": {""delivered_bps"": 909907.5956194026, ""delivery_ratio"": 1.0, ""offered_bps"": 806892.7367848562}, ""ue7"": {""delivered_bps"": 905602.4809280128, ""delivery_ratio"": 1.0, ""offered_bps"": 893028.8303118619}, ""ue8"": {""delivered_bps"": 748181.7211392301, ""delivery_ratio"": 0.7917266890362223, ""offered_bps"": 945000.0}, ""ue9"": {""delivered_bps"": 95993.55959888853, ""delivery_ratio"": 1.0, ""jitter_ms"": 14.924409412162166, ""loss_percent"": 0.0, ""offered_bps"": 95993.55959888853, ""rtt_p95_ms"": 116.160461}}"
1785385446.123264,round-2-ue9-ue10-1785385418,MEDIUM_70,2,8.0,2.0,8.343389483319868,5.840372638323907,5.91831238469357,1.0,0.9866666666666667,1.3333333333333333,13.477074842465758,143.503822,1.0,1.0,0,"{""ue1"": {""delivered_bps"": 629090.885833267, ""delivery_ratio"": 1.0, ""offered_bps"": 486256.4594361021}, ""ue10"": {""delivered_bps"": 95993.10337382037, ""delivery_ratio"": 1.0, ""jitter_ms"": 13.458737179999995, ""loss_percent"": 0.0, ""offered_bps"": 95993.10337382037, ""rtt_p95_ms"": 143.503822}, ""ue2"": {""delivered_bps"": 650888.5297353965, ""delivery_ratio"": 1.0, ""offered_bps"": 520101.9539088687}, ""ue3"": {""delivered_bps"": 484381.4172847679, ""delivery_ratio"": 1.0, ""offered_bps"": 482099.62157961895}, ""ue4"": {""delivered_bps"": 612078.480937552, ""delivery_ratio"": 0.6735852882037098, ""offered_bps"": 908687.4248245807}, ""ue5"": {""delivered_bps"": 978181.2732159406, ""delivery_ratio"": 1.0, ""offered_bps"": 878447.8970299052}, ""ue6"": {""delivered_bps"": 909907.5956194026, ""delivery_ratio"": 0.9628651805496323, ""offered_bps"": 945000.0}, ""ue7"": {""delivered_bps"": 905602.4809280128, ""delivery_ratio"": 0.9748879094487308, ""offered_bps"": 928929.851474005}, ""ue8"": {""delivered_bps"": 748181.7211392301, ""delivery_ratio"": 1.0, ""offered_bps"": 690849.4300708262}, ""ue9"": {""delivered_bps"": 90232.37995929888, ""delivery_ratio"": 0.9866666666666667, ""jitter_ms"": 13.477074842465758, ""loss_percent"": 1.3333333333333333, ""offered_bps"": 95991.8935737222, ""rtt_p95_ms"": 107.402218}}"
1785385447.1647172,round-2-ue9-ue10-1785385418,MEDIUM_70,3,8.0,2.0,7.605876459139658,5.324113521397761,5.820105958807887,1.0,1.0,0.0,13.97214559060403,163.196762,1.0,1.0,0,"{""ue1"": {""delivered_bps"": 492477.11718939827, ""delivery_ratio"": 1.0, ""offered_bps"": 456029.67782377923}, ""ue10"": {""delivered_bps"": 97913.1572430181, ""delivery_ratio"": 1.0, ""jitter_ms"": 13.549404629139072, ""loss_percent"": 0.0, ""offered_bps"": 95993.29141472363, ""rtt_p95_ms"": 163.196762}, ""ue2"": {""delivered_bps"": 726412.1448043324, ""delivery_ratio"": 0.8290702617102198, ""offered_bps"": 876176.8192069482}, ""ue3"": {""delivered_bps"": 535085.6404654386, ""delivery_ratio"": 0.9959096825205879, ""offered_bps"": 537283.2997377522}, ""ue4"": {""delivered_bps"": 777417.6180503131, ""delivery_ratio"": 1.0, ""offered_bps"": 578391.4588686333}, ""ue5"": {""delivered_bps"": 879848.4120407715, ""delivery_ratio"": 1.0, ""offered_bps"": 814264.5699214536}, ""ue6"": {""delivered_bps"": 790324.9297183929, ""delivery_ratio"": 1.0, ""offered_bps"": 569504.9952942393}, ""ue7"": {""delivered_bps"": 973046.5596119001, ""delivery_ratio"": 1.0, ""offered_bps"": 944483.5746016387}, ""ue8"": {""delivered_bps"": 645493.5369273403, ""delivery_ratio"": 1.0, ""offered_bps"": 547979.1259433164}, ""ue9"": {""delivered_bps"": 101752.86336229467, ""delivery_ratio"": 1.0, ""jitter_ms"": 13.97214559060403, ""loss_percent"": 0.0, ""offered_bps"": 95993.26732291949, ""rtt_p95_ms"": 88.423486}}"
1785385448.2004635,round-2-ue9-ue10-1785385418,MEDIUM_70,4,8.0,2.0,7.794753481808977,5.4563274372662836,5.820105958807887,1.0,1.0,0.0,14.559632100671147,143.503822,1.0,1.0,0,"{""ue1"": {""delivered_bps"": 492477.11718939827, ""delivery_ratio"": 1.0, ""offered_bps"": 467998.2923896693}, ""ue10"": {""delivered_bps"": 95992.96794191713, ""delivery_ratio"": 1.0, ""jitter_ms"": 14.128340646666663, ""loss_percent"": 0.0, ""offered_bps"": 95992.96794191713, ""rtt_p95_ms"": 143.503822}, ""ue2"": {""delivered_bps"": 726412.1448043324, ""delivery_ratio"": 1.0, ""offered_bps"": 530102.155181788}, ""ue3"": {""delivered_bps"": 535085.6404654386, ""delivery_ratio"": 0.8708417844764542, ""offered_bps"": 614446.4471087931}, ""ue4"": {""delivered_bps"": 777417.6180503131, ""delivery_ratio"": 1.0, ""offered_bps"": 653712.8998739129}, ""ue5"": {""delivered_bps"": 879848.4120407715, ""delivery_ratio"": 1.0, ""offered_bps"": 737682.7726202483}, ""ue6"": {""delivered_bps"": 790324.9297183929, ""delivery_ratio"": 1.0, ""offered_bps"": 569077.2826617277}, ""ue7"": {""delivered_bps"": 973046.5596119001, ""delivery_ratio"": 1.0, ""offered_bps"": 938307.5874301448}, ""ue8"": {""delivered_bps"": 645493.5369273403, ""delivery_ratio"": 0.6830619438384553, ""offered_bps"": 945000.0}, ""ue9"": {""delivered_bps"": 95993.10547458228, ""delivery_ratio"": 1.0, ""jitter_ms"": 14.559632100671147, ""loss_percent"": 0.0, ""offered_bps"": 95993.10547458228, ""rtt_p95_ms"": 96.93953}}"
1785385449.2383862,round-2-ue9-ue10-1785385418,MEDIUM_70,5,8.0,2.0,8.048134026964487,5.633693818875141,5.788314348044675,1.0,1.0,0.0,14.632872328947363,113.649998,1.0,1.0,1,"{""ue1"": {""delivered_bps"": 513991.6512157165, ""delivery_ratio"": 0.9882740032273588, ""offered_bps"": 520090.227545396}, ""ue10"": {""delivered_bps"": 94072.93946001523, ""delivery_ratio"": 1.0, ""jitter_ms"": 12.597235241610743, ""loss_percent"": 0.0, ""offered_bps"": 95992.79536736247, ""rtt_p95_ms"": 95.858229}, ""ue2"": {""delivered_bps"": 624652.7432621598, ""delivery_ratio"": 0.9420364590990166, ""offered_bps"": 663087.6514690215}, ""ue3"": {""delivered_bps"": 688383.6758273684, ""delivery_ratio"": 0.9789825466945077, ""offered_bps"": 703162.3578496533}, ""ue4"": {""delivered_bps"": 688447.6787724502, ""delivery_ratio"": 1.0, ""offered_bps"": 656354.6418923815}, ""ue5"": {""delivered_bps"": 726705.4391951, ""delivery_ratio"": 1.0, ""offered_bps"": 657028.2902866146}, ""ue6"": {""delivered_bps"": 599035.5644931667, ""delivery_ratio"": 1.0, ""offered_bps"": 578017.9020118575}, ""ue7"": {""delivered_bps"": 965044.4063116116, ""delivery_ratio"": 1.0, ""offered_bps"": 910952.7478202169}, ""ue8"": {""delivered_bps"": 982053.1889671017, ""delivery_ratio"": 1.0, ""offered_bps"": 945000.0}, ""ue9"": {""delivered_bps"": 95993.60027361775, ""delivery_ratio"": 1.0, ""jitter_ms"": 14.632872328947363, ""loss_percent"": 0.0, ""offered_bps"": 95993.60027361775, ""rtt_p95_ms"": 113.649998}}"
1785385453.2814543,round-2-ue9-ue10-1785385418,STRONG_40,0,8.0,2.0,8.703840200922084,3.481536080368833,3.5950462585583067,1.0,1.0,0.0,14.13925531081081,100.548993,1.0,1.0,1,"{""ue1"": {""delivered_bps"": 505760.2087127419, ""delivery_ratio"": 1.0, ""offered_bps"": 505279.5121433883}, ""ue10"": {""delivered_bps"": 97912.74282093995, ""delivery_ratio"": 1.0, ""jitter_ms"": 11.538835677852346, ""loss_percent"": 0.0, ""offered_bps"": 95992.88511856858, ""rtt_p95_ms"": 83.834217}, ""ue2"": {""delivered_bps"": 433396.70774463296, ""delivery_ratio"": 0.8025864958233944, ""offered_bps"": 540000.0}, ""ue3"": {""delivered_bps"": 556803.6072058406, ""delivery_ratio"": 1.0, ""offered_bps"": 539560.8444403664}, ""ue4"": {""delivered_bps"": 535483.5047308304, ""delivery_ratio"": 1.0, ""offered_bps"": 482029.67958232947}, ""ue5"": {""delivered_bps"": 280266.51226533676, ""delivery_ratio"": 1.0, ""offered_bps"": 260358.19893738593}, ""ue6"": {""delivered_bps"": 518469.03856646415, ""delivery_ratio"": 1.0, ""offered_bps"": 468903.6689824578}, ""ue7"": {""delivered_bps"": 416174.16250205715, ""delivery_ratio"": 1.0, ""offered_bps"": 377744.6118708181}, ""ue8"": {""delivered_bps"": 348692.51683040324, ""delivery_ratio"": 1.0, ""offered_bps"": 307659.56441208784}, ""ue9"": {""delivered_bps"": 103671.22222715398, ""delivery_ratio"": 1.0, ""jitter_ms"": 14.13925531081081, ""loss_percent"": 0.0, ""offered_bps"": 95991.87243255, ""rtt_p95_ms"": 100.548993}}"
1785385454.3193183,round-2-ue9-ue10-1785385418,STRONG_40,1,8.0,2.0,8.030535169503109,3.2122140678012445,3.5950462585583067,1.0,1.0,0.0,14.599983668918917,104.331685,1.0,1.0,1,"{""ue1"": {""delivered_bps"": 505760.2087127419, ""delivery_ratio"": 0.9476226705374965, ""offered_bps"": 533714.7626764481}, ""ue10"": {""delivered_bps"": 95993.26271910673, ""delivery_ratio"": 1.0, ""jitter_ms"": 12.935255046666665, ""loss_percent"": 0.0, ""offered_bps"": 95993.26271910673, ""rtt_p95_ms"": 104.331685}, ""ue2"": {""delivered_bps"": 433396.70774463296, ""delivery_ratio"": 1.0, ""offered_bps"": 274873.3219095226}, ""ue3"": {""delivered_bps"": 556803.6072058406, ""delivery_ratio"": 1.0, ""offered_bps"": 534137.1842960762}, ""ue4"": {""delivered_bps"": 535483.5047308304, ""delivery_ratio"": 1.0, ""offered_bps"": 526335.5426596052}, ""ue5"": {""delivered_bps"": 280266.51226533676, ""delivery_ratio"": 1.0, ""offered_bps"": 264676.2226830108}, ""ue6"": {""delivered_bps"": 518469.03856646415, ""delivery_ratio"": 1.0, ""offered_bps"": 428844.40999649384}, ""ue7"": {""delivered_bps"": 416174.16250205715, ""delivery_ratio"": 1.0, ""offered_bps"": 337987.78105797933}, ""ue8"": {""delivered_bps"": 348692.51683040324, ""delivery_ratio"": 1.0, ""offered_bps"": 311644.8425221083}, ""ue9"": {""delivered_bps"": 92153.11590599222, ""delivery_ratio"": 1.0, ""jitter_ms"": 14.599983668918917, ""loss_percent"": 0.0, ""offered_bps"": 95992.8290687419, ""rtt_p95_ms"": 103.692761}}"
1785385455.3637476,round-2-ue9-ue10-1785385418,STRONG_40,2,8.0,2.0,8.842637270010062,3.537054908004025,3.525649899052047,0.9967755634988393,1.0,0.0,14.350602000000007,103.692761,1.0,1.0,1,"{""ue1"": {""delivered_bps"": 560987.953091085, ""delivery_ratio"": 1.0, ""offered_bps"": 539024.4420333579}, ""ue10"": {""delivered_bps"": 95993.03252903123, ""delivery_ratio"": 1.0, ""jitter_ms"": 13.179068733333336, ""loss_percent"": 0.0, ""offered_bps"": 95993.03252903123, ""rtt_p95_ms"": 83.943676}, ""ue2"": {""delivered_bps"": 411987.53001854126, ""delivery_ratio"": 0.8060610888385805, ""offered_bps"": 511112.0431481896}, ""ue3"": {""delivered_bps"": 543977.1648056039, ""delivery_ratio"": 1.0, ""offered_bps"": 510576.8677042203}, ""ue4"": {""delivered_bps"": 492736.7658497147, ""delivery_ratio"": 1.0, ""offered_bps"": 418271.08413369907}, ""ue5"": {""delivered_bps"": 288607.3064239422, ""delivery_ratio"": 1.0, ""offered_bps"": 283661.7628124164}, ""ue6"": {""delivered_bps"": 475725.97756423365, ""delivery_ratio"": 0.9760044820740089, ""offered_bps"": 487421.91895811405}, ""ue7"": {""delivered_bps"": 335542.9997835997, ""delivery_ratio"": 1.0, ""offered_bps"": 303741.98623455624}, ""ue8"": {""delivered_bps"": 416084.2015153269, ""delivery_ratio"": 0.861021575296698, ""offered_bps"": 483244.8029794714}, ""ue9"": {""delivered_bps"": 99833.03283318985, ""delivery_ratio"": 1.0, ""jitter_ms"": 14.350602000000007, ""loss_percent"": 0.0, ""offered_bps"": 95993.30080114408, ""rtt_p95_ms"": 103.692761}}"
1785385456.4056804,round-2-ue9-ue10-1785385418,STRONG_40,3,8.0,2.0,8.472625256941619,3.389050102776647,3.525649899052047,1.0,1.0,0.0,14.086509865771816,98.027989,1.0,1.0,1,"{""ue1"": {""delivered_bps"": 560987.953091085, ""delivery_ratio"": 1.0, ""offered_bps"": 520290.90843003924}, ""ue10"": {""delivered_bps"": 95993.20139457485, ""delivery_ratio"": 1.0, ""jitter_ms"": 14.086509865771816, ""loss_percent"": 0.0, ""offered_bps"": 95993.20139457485, ""rtt_p95_ms"": 98.027989}, ""ue2"": {""delivered_bps"": 411987.53001854126, ""delivery_ratio"": 0.762939870404706, ""offered_bps"": 540000.0}, ""ue3"": {""delivered_bps"": 543977.1648056039, ""delivery_ratio"": 1.0, ""offered_bps"": 472086.9659237812}, ""ue4"": {""delivered_bps"": 492736.7658497147, ""delivery_ratio"": 0.9891398086438886, ""offered_bps"": 498146.73471211025}, ""ue5"": {""delivered_bps"": 288607.3064239422, ""delivery_ratio"": 0.9154584457150806, ""offered_bps"": 315259.8654529928}, ""ue6"": {""delivered_bps"": 475725.97756423365, ""delivery_ratio"": 1.0, ""offered_bps"": 381826.08909969515}, ""ue7"": {""delivered_bps"": 335542.9997835997, ""delivery_ratio"": 1.0, ""offered_bps"": 278051.9907748143}, ""ue8"": {""delivered_bps"": 416084.2015153269, ""delivery_ratio"": 1.0, ""offered_bps"": 383387.5483832141}, ""ue9"": {""delivered_bps"": 95993.63410965502, ""delivery_ratio"": 1.0, ""jitter_ms"": 13.444183791946307, ""loss_percent"": 0.0, ""offered_bps"": 95993.63410965502, ""rtt_p95_ms"": 85.810078}}"
1785385457.4540496,round-2-ue9-ue10-1785385418,STRONG_40,4,8.0,2.0,8.178526861988214,3.271410744795286,3.489846229852848,1.0,1.0,0.0,13.732330972972967,83.943676,1.0,1.0,1,"{""ue1"": {""delivered_bps"": 526552.2349967511, ""delivery_ratio"": 1.0, ""offered_bps"": 480747.1487263255}, ""ue10"": {""delivered_bps"": 94073.03819171687, ""delivery_ratio"": 1.0, ""jitter_ms"": 13.732330972972967, ""loss_percent"": 0.0, ""offered_bps"": 95992.8961139968, ""rtt_p95_ms"": 83.943676}, ""ue2"": {""delivered_bps"": 501150.0127658418, ""delivery_ratio"": 1.0, ""offered_bps"": 421093.2965400656}, ""ue3"": {""delivered_bps"": 471444.7692628201, ""delivery_ratio"": 1.0, ""offered_bps"": 423856.33235494926}, ""ue4"": {""delivered_bps"": 539461.2988130884, ""delivery_ratio"": 1.0, ""offered_bps"": 534033.5971484618}, ""ue5"": {""delivered_bps"": 347904.8685768551, ""delivery_ratio"": 0.9771496715122772, ""offered_bps"": 356040.51121300913}, ""ue6"": {""delivered_bps"": 381913.1333519893, ""delivery_ratio"": 1.0, ""offered_bps"": 345219.47404319944}, ""ue7"": {""delivered_bps"": 284191.3602986992, ""delivery_ratio"": 1.0, ""offered_bps"": 263199.0373605952}, ""ue8"": {""delivered_bps"": 437228.5517868031, ""delivery_ratio"": 0.9776558170137055, ""offered_bps"": 447221.34740867984}, ""ue9"": {""delivered_bps"": 95993.42407630324, ""delivery_ratio"": 1.0, ""jitter_ms"": 11.996649728476818, ""loss_percent"": 0.0, ""offered_bps"": 95993.42407630324, ""rtt_p95_ms"": 79.477368}}"
1785385458.4882317,round-2-ue9-ue10-1785385418,STRONG_40,5,8.0,2.0,7.326868820378793,2.930747528151517,3.489846229852848,1.0,1.0,0.0,13.457477682432437,78.057132,1.0,1.0,1,"{""ue1"": {""delivered_bps"": 526552.2349967511, ""delivery_ratio"": 1.0, ""offered_bps"": 427243.3758194611}, ""ue10"": {""delivered_bps"": 95993.52562881142, ""delivery_ratio"": 1.0, ""jitter_ms"": 13.457477682432437, ""loss_percent"": 0.0, ""offered_bps"": 95993.52562881142, ""rtt_p95_ms"": 78.057132}, ""ue2"": {""delivered_bps"": 501150.0127658418, ""delivery_ratio"": 1.0, ""offered_bps"": 353445.8638988496}, ""ue3"": {""delivered_bps"": 471444.7692628201, ""delivery_ratio"": 1.0, ""offered_bps"": 372399.5556152793}, ""ue4"": {""delivered_bps"": 539461.2988130884, ""delivery_ratio"": 1.0, ""offered_bps"": 487140.06918049103}, ""ue5"": {""delivered_bps"": 347904.8685768551, ""delivery_ratio"": 0.8663249823405353, ""offered_bps"": 401587.02065468143}, ""ue6"": {""delivered_bps"": 381913.1333519893, ""delivery_ratio"": 1.0, ""offered_bps"": 281132.4567262725}, ""ue7"": {""delivered_bps"": 284191.3602986992, ""delivery_ratio"": 1.0, ""offered_bps"": 260505.49717052202}, ""ue8"": {""delivered_bps"": 437228.5517868031, ""delivery_ratio"": 1.0, ""offered_bps"": 347293.68908596016}, ""ue9"": {""delivered_bps"": 97913.04590948152, ""delivery_ratio"": 1.0, ""jitter_ms"": 11.487105426666668, ""loss_percent"": 0.0, ""offered_bps"": 95993.18226419756, ""rtt_p95_ms"": 47.265546}}"
1785385466.5556812,round-3-ue9-1785385459,EQUAL_100,0,8.0,1.0,8.360997887135566,8.360997887135566,8.376110100732097,1.0,1.0,0.0,12.129378066666664,95.61357,1.0,0.0,1,"{""ue1"": {""delivered_bps"": 837861.5684380363, ""delivery_ratio"": 0.8337965612102164, ""offered_bps"": 1004875.2986243068}, ""ue2"": {""delivered_bps"": 1101964.4940723863, ""delivery_ratio"": 1.0, ""offered_bps"": 824320.1387179005}, ""ue3"": {""delivered_bps"": 859187.0471568138, ""delivery_ratio"": 0.855010461073749, ""offered_bps"": 1004884.8362367633}, ""ue4"": {""delivered_bps"": 961299.5871480774, ""delivery_ratio"": 0.9164616292118039, ""offered_bps"": 1048925.0793563896}, ""ue5"": {""delivered_bps"": 1340231.0899151242, ""delivery_ratio"": 1.0, ""offered_bps"": 1162972.3919326698}, ""ue6"": {""delivered_bps"": 897551.2951897497, ""delivery_ratio"": 0.9718269152708121, ""offered_bps"": 923571.1432623117}, ""ue7"": {""delivered_bps"": 1203872.9050443822, ""delivery_ratio"": 0.9435320621117765, ""offered_bps"": 1275921.5647107116}, ""ue8"": {""delivered_bps"": 1174142.113767528, ""delivery_ratio"": 1.0, ""offered_bps"": 1115527.4342945123}, ""ue9"": {""delivered_bps"": 97912.66321947706, ""delivery_ratio"": 1.0, ""jitter_ms"": 12.129378066666664, ""loss_percent"": 0.0, ""offered_bps"": 95992.8070779187, ""rtt_p95_ms"": 95.61357}}"
1785385467.6000412,round-3-ue9-1785385459,EQUAL_100,1,8.0,1.0,8.780956871152766,8.780956871152766,8.672448438898233,0.98764275535722,1.0,0.0,12.960565619999999,109.29511,1.0,0.0,1,"{""ue1"": {""delivered_bps"": 1121549.3742453298, ""delivery_ratio"": 0.9779809585109757, ""offered_bps"": 1146800.8292850037}, ""ue2"": {""delivered_bps"": 985560.3832410269, ""delivery_ratio"": 0.9232555976532133, ""offered_bps"": 1067483.7886130165}, ""ue3"": {""delivered_bps"": 1113154.0049747208, ""delivery_ratio"": 0.984227093526348, ""offered_bps"": 1130993.052615983}, ""ue4"": {""delivered_bps"": 1143057.5107576519, ""delivery_ratio"": 0.9951832540384244, ""offered_bps"": 1148589.9768903446}, ""ue5"": {""delivered_bps"": 1082610.852009267, ""delivery_ratio"": 1.0, ""offered_bps"": 1053549.8776613956}, ""ue6"": {""delivered_bps"": 1045159.5094725693, ""delivery_ratio"": 0.9663241378110204, ""offered_bps"": 1081582.7407976498}, ""ue7"": {""delivered_bps"": 1170194.5424761728, ""delivery_ratio"": 0.8817444988479649, ""offered_bps"": 1327135.6316995225}, ""ue8"": {""delivered_bps"": 1011162.2617214936, ""delivery_ratio"": 1.0, ""offered_bps"": 824820.973589851}, ""ue9"": {""delivered_bps"": 97913.14634672712, ""delivery_ratio"": 1.0, ""jitter_ms"": 12.960565619999999, ""loss_percent"": 0.0, ""offered_bps"": 95993.28073208542, ""rtt_p95_ms"": 109.29511}}"
1785385468.6363795,round-3-ue9-1785385459,EQUAL_100,2,8.0,1.0,9.058187414087245,9.058187414087245,8.672448438898233,0.9574154345063435,1.0,0.0,13.947878713333342,98.640106,1.0,0.0,1,"{""ue1"": {""delivered_bps"": 1121549.3742453298, ""delivery_ratio"": 0.88774573537903, ""offered_bps"": 1263367.7972741546}, ""ue2"": {""delivered_bps"": 985560.3832410269, ""delivery_ratio"": 1.0, ""offered_bps"": 817893.9576513091}, ""ue3"": {""delivered_bps"": 1113154.0049747208, ""delivery_ratio"": 0.8981272806028578, ""offered_bps"": 1239416.7608710523}, ""ue4"": {""delivered_bps"": 1143057.5107576519, ""delivery_ratio"": 0.98615463092265, ""offered_bps"": 1159105.7577737104}, ""ue5"": {""delivered_bps"": 1082610.852009267, ""delivery_ratio"": 1.0, ""offered_bps"": 938289.0336468942}, ""ue6"": {""delivered_bps"": 1045159.5094725693, ""delivery_ratio"": 0.8932071272040246, ""offered_bps"": 1170119.9840894642}, ""ue7"": {""delivered_bps"": 1170194.5424761728, ""delivery_ratio"": 0.8672741932645786, ""offered_bps"": 1349278.6382485875}, ""ue8"": {""delivered_bps"": 1011162.2617214936, ""delivery_ratio"": 0.9022470695527858, ""offered_bps"": 1120715.4845320734}, ""ue9"": {""delivered_bps"": 94073.79463060545, ""delivery_ratio"": 1.0, ""jitter_ms"": 13.947878713333342, ""loss_percent"": 0.0, ""offered_bps"": 95993.66799041373, ""rtt_p95_ms"": 98.640106}}"
1785385469.6823587,round-3-ue9-1785385459,EQUAL_100,3,8.0,1.0,9.124604863665425,9.124604863665425,9.70575020153827,1.0,1.0,0.0,13.87013747972973,127.724814,1.0,0.0,0,"{""ue1"": {""delivered_bps"": 1352900.681500206, ""delivery_ratio"": 1.0, ""offered_bps"": 1334362.69828846}, ""ue2"": {""delivered_bps"": 1131455.6604481933, ""delivery_ratio"": 0.8381153040356988, ""offered_bps"": 1350000.0}, ""ue3"": {""delivered_bps"": 1335594.2856241774, ""delivery_ratio"": 1.0, ""offered_bps"": 1315481.0673726571}, ""ue4"": {""delivered_bps"": 1046140.4119529523, ""delivery_ratio"": 1.0, ""offered_bps"": 921440.6983952239}, ""ue5"": {""delivered_bps"": 995950.262950779, ""delivery_ratio"": 1.0, ""offered_bps"": 829742.644638675}, ""ue6"": {""delivered_bps"": 1165492.105991613, ""delivery_ratio"": 1.0, ""offered_bps"": 1068187.8154171468}, ""ue7"": {""delivered_bps"": 1589410.7520613237, ""delivery_ratio"": 1.0, ""offered_bps"": 1340374.8925295577}, ""ue8"": {""delivered_bps"": 1088806.041009026, ""delivery_ratio"": 1.0, ""offered_bps"": 965015.0470237043}, ""ue9"": {""delivered_bps"": 95993.62968459727, ""delivery_ratio"": 1.0, ""jitter_ms"": 13.87013747972973, ""loss_percent"": 0.0, ""offered_bps"": 95993.62968459727, ""rtt_p95_ms"": 127.724814}}"
1785385470.7261755,round-3-ue9-1785385459,EQUAL_100,4,8.0,1.0,8.23971369375895,8.23971369375895,9.70575020153827,1.0,1.0,0.0,12.7655623445946,127.724814,1.0,0.0,0,"{""ue1"": {""delivered_bps"": 1352900.681500206, ""delivery_ratio"": 1.0, ""offered_bps"": 1347532.238960985}, ""ue2"": {""delivered_bps"": 1131455.6604481933, ""delivery_ratio"": 1.0, ""offered_bps"": 865355.8212242824}, ""ue3"": {""delivered_bps"": 1335594.2856241774, ""delivery_ratio"": 0.9901149783430275, ""offered_bps"": 1348928.4727914275}, ""ue4"": {""delivered_bps"": 1046140.4119529523, ""delivery_ratio"": 1.0, ""offered_bps"": 809785.1252884929}, ""ue5"": {""delivered_bps"": 995950.262950779, ""delivery_ratio"": 1.0, ""offered_bps"": 739681.2589896553}, ""ue6"": {""delivered_bps"": 1165492.105991613, ""delivery_ratio"": 1.0, ""offered_bps"": 820633.6566474519}, ""ue7"": {""delivered_bps"": 1589410.7520613237, ""delivery_ratio"": 1.0, ""offered_bps"": 1301216.9838397317}, ""ue8"": {""delivered_bps"": 1088806.041009026, ""delivery_ratio"": 1.0, ""offered_bps"": 1006580.1360169227}, ""ue9"": {""delivered_bps"": 94073.37319772202, ""delivery_ratio"": 1.0, ""jitter_ms"": 12.7655623445946, ""loss_percent"": 0.0, ""offered_bps"": 95993.2379568592, ""rtt_p95_ms"": 127.724814}}"
1785385471.770847,round-3-ue9-1785385459,EQUAL_100,5,8.0,1.0,7.947175930935979,7.947175930935979,8.433188166466058,1.0,1.0,0.0,12.882257496644293,60.006774,1.0,0.0,1,"{""ue1"": {""delivered_bps"": 1377624.752923762, ""delivery_ratio"": 1.0, ""offered_bps"": 1300587.1408702494}, ""ue2"": {""delivered_bps"": 1062843.3334261663, ""delivery_ratio"": 1.0, ""offered_bps"": 958246.5754561597}, ""ue3"": {""delivered_bps"": 1398938.744931224, ""delivery_ratio"": 1.0, ""offered_bps"": 1335243.9165685924}, ""ue4"": {""delivered_bps"": 850547.4922392268, ""delivery_ratio"": 1.0, ""offered_bps"": 749957.2826613543}, ""ue5"": {""delivered_bps"": 739653.1280427439, ""delivery_ratio"": 1.0, ""offered_bps"": 677758.2172026657}, ""ue6"": {""delivered_bps"": 913853.4088154449, ""delivery_ratio"": 0.9801847608770068, ""offered_bps"": 932327.7052356815}, ""ue7"": {""delivered_bps"": 1167061.0736248163, ""delivery_ratio"": 0.9447654526429194, ""offered_bps"": 1235291.8603871886}, ""ue8"": {""delivered_bps"": 922666.2324626745, ""delivery_ratio"": 1.0, ""offered_bps"": 757763.2325540875}, ""ue9"": {""delivered_bps"": 97909.5043859502, ""delivery_ratio"": 1.0, ""jitter_ms"": 12.882257496644293, ""loss_percent"": 0.0, ""offered_bps"": 95989.71018230412, ""rtt_p95_ms"": 60.006774}}"
1785385475.818491,round-3-ue9-1785385459,LIGHT_85,0,8.0,1.0,7.695583849826286,6.541246272352343,6.996382715024194,1.0,1.0,0.0,13.365629449664429,102.079989,1.0,0.0,1,"{""ue1"": {""delivered_bps"": 759861.2308230696, ""delivery_ratio"": 1.0, ""offered_bps"": 671699.8622449156}, ""ue2"": {""delivered_bps"": 930014.6717016228, ""delivery_ratio"": 1.0, ""offered_bps"": 846475.4544936256}, ""ue3"": {""delivered_bps"": 883332.6857137549, ""delivery_ratio"": 1.0, ""offered_bps"": 689706.2157048834}, ""ue4"": {""delivered_bps"": 1002503.6425802152, ""delivery_ratio"": 1.0, ""offered_bps"": 909425.4218842828}, ""ue5"": {""delivered_bps"": 666705.0896068687, ""delivery_ratio"": 0.8808656699348134, ""offered_bps"": 756874.8702128518}, ""ue6"": {""delivered_bps"": 1014989.4751338197, ""delivery_ratio"": 1.0, ""offered_bps"": 801551.7744107809}, ""ue7"": {""delivered_bps"": 794061.3810027087, ""delivery_ratio"": 1.0, ""offered_bps"": 718012.6734010029}, ""ue8"": {""delivered_bps"": 944914.5384621341, ""delivery_ratio"": 0.823454935478984, ""offered_bps"": 1147500.0}, ""ue9"": {""delivered_bps"": 95992.14543597227, ""delivery_ratio"": 1.0, ""jitter_ms"": 13.365629449664429, ""loss_percent"": 0.0, ""offered_bps"": 95992.14543597227, ""rtt_p95_ms"": 102.079989}}"
1785385476.8579848,round-3-ue9-1785385459,LIGHT_85,1,8.0,1.0,7.767410411389425,6.60229884968101,6.996382715024194,1.0,1.0,0.0,13.056687459999996,97.656142,1.0,0.0,1,"{""ue1"": {""delivered_bps"": 759861.2308230696, ""delivery_ratio"": 1.0, ""offered_bps"": 553710.8855037827}, ""ue2"": {""delivered_bps"": 930014.6717016228, ""delivery_ratio"": 0.8104703021364904, ""offered_bps"": 1147500.0}, ""ue3"": {""delivered_bps"": 883332.6857137549, ""delivery_ratio"": 1.0, ""offered_bps"": 689706.2157048834}, ""ue4"": {""delivered_bps"": 1002503.6425802152, ""delivery_ratio"": 0.8736415185884229, ""offered_bps"": 1147500.0}, ""ue5"": {""delivered_bps"": 666705.0896068687, ""delivery_ratio"": 0.7809881788833745, ""offered_bps"": 853668.6055352296}, ""ue6"": {""delivered_bps"": 1014989.4751338197, ""delivery_ratio"": 1.0, ""offered_bps"": 972560.5912333042}, ""ue7"": {""delivered_bps"": 794061.3810027087, ""delivery_ratio"": 1.0, ""offered_bps"": 590748.0100503934}, ""ue8"": {""delivered_bps"": 944914.5384621341, ""delivery_ratio"": 1.0, ""offered_bps"": 646904.5416534174}, ""ue9"": {""delivered_bps"": 97913.06610633279, ""delivery_ratio"": 1.0, ""jitter_ms"": 13.056687459999996, ""loss_percent"": 0.0, ""offered_bps"": 95993.20206503214, ""rtt_p95_ms"": 97.656142}}"
1785385477.8945847,round-3-ue9-1785385459,LIGHT_85,2,8.0,1.0,7.034851289555249,5.9796235961219635,6.823948695607789,1.0,1.0,0.0,12.453355234899325,82.295835,1.0,0.0,1,"{""ue1"": {""delivered_bps"": 599737.4077132287, ""delivery_ratio"": 1.0, ""offered_bps"": 568427.670509652}, ""ue2"": {""delivered_bps"": 1038238.6377660307, ""delivery_ratio"": 1.0, ""offered_bps"": 782483.7873023172}, ""ue3"": {""delivered_bps"": 676027.7340154856, ""delivery_ratio"": 1.0, ""offered_bps"": 562693.4334562857}, ""ue4"": {""delivered_bps"": 1074382.060617457, ""delivery_ratio"": 1.0, ""offered_bps"": 652842.9211622825}, ""ue5"": {""delivered_bps"": 838060.604315194, ""delivery_ratio"": 0.88209540891379, ""offered_bps"": 950079.3177771774}, ""ue6"": {""delivered_bps"": 1106329.8358007066, ""delivery_ratio"": 1.0, ""offered_bps"": 1097287.0422605716}, ""ue7"": {""delivered_bps"": 646498.0611142762, ""delivery_ratio"": 1.0, ""offered_bps"": 559246.5027991314}, ""ue8"": {""delivered_bps"": 844674.3542654106, ""delivery_ratio"": 1.0, ""offered_bps"": 806562.9208545438}, ""ue9"": {""delivered_bps"": 94072.86915651195, ""delivery_ratio"": 1.0, ""jitter_ms"": 12.453355234899325, ""loss_percent"": 0.0, ""offered_bps"": 95992.72362909383, ""rtt_p95_ms"": 82.295835}}"
1785385478.9318187,round-3-ue9-1785385459,LIGHT_85,3,8.0,1.0,7.370593193498132,6.265004214473412,6.389670895155409,1.0,1.0,0.0,11.285964422818786,49.419178,1.0,0.0,1,"{""ue1"": {""delivered_bps"": 624537.488321134, ""delivery_ratio"": 0.9884508416579025, ""offered_bps"": 631834.6467019176}, ""ue2"": {""delivered_bps"": 943345.3266785621, ""delivery_ratio"": 0.9236903339800865, ""offered_bps"": 1021278.7684090883}, ""ue3"": {""delivered_bps"": 586430.7669097007, ""delivery_ratio"": 1.0, ""offered_bps"": 554204.1045707343}, ""ue4"": {""delivered_bps"": 764890.0465171274, ""delivery_ratio"": 0.9459914107600365, ""offered_bps"": 808559.187553926}, ""ue5"": {""delivered_bps"": 1032888.9229926446, ""delivery_ratio"": 0.9973373455513376, ""offered_bps"": 1035646.4917310941}, ""ue6"": {""delivered_bps"": 1035448.5684275016, ""delivery_ratio"": 1.0, ""offered_bps"": 887936.3126004615}, ""ue7"": {""delivered_bps"": 581919.3918307653, ""delivery_ratio"": 1.0, ""offered_bps"": 553593.9272272737}, ""ue8"": {""delivered_bps"": 820210.3834779738, ""delivery_ratio"": 1.0, ""offered_bps"": 771950.7756789164}, ""ue9"": {""delivered_bps"": 95993.63397556235, ""delivery_ratio"": 1.0, ""jitter_ms"": 11.285964422818786, ""loss_percent"": 0.0, ""offered_bps"": 95993.63397556235, ""rtt_p95_ms"": 49.419178}}"
1785385479.9811425,round-3-ue9-1785385459,LIGHT_85,4,8.0,1.0,7.412448850091038,6.300581522577382,6.389670895155409,1.0,1.0,0.0,9.855758852348988,43.856379,1.0,0.0,1,"{""ue1"": {""delivered_bps"": 624537.488321134, ""delivery_ratio"": 0.8520588152953636, ""offered_bps"": 732974.6223030859}, ""ue2"": {""delivered_bps"": 943345.3266785621, ""delivery_ratio"": 1.0, ""offered_bps"": 760679.7299803592}, ""ue3"": {""delivered_bps"": 586430.7669097007, ""delivery_ratio"": 1.0, ""offered_bps"": 585677.2724785524}, ""ue4"": {""delivered_bps"": 764890.0465171274, ""delivery_ratio"": 1.0, ""offered_bps"": 703852.5451277473}, ""ue5"": {""delivered_bps"": 1032888.9229926446, ""delivery_ratio"": 0.9380774641329565, ""offered_bps"": 1101069.9675504093}, ""ue6"": {""delivered_bps"": 1035448.5684275016, ""delivery_ratio"": 1.0, ""offered_bps"": 1035331.4333301235}, ""ue7"": {""delivered_bps"": 581919.3918307653, ""delivery_ratio"": 1.0, ""offered_bps"": 574283.7409814995}, ""ue8"": {""delivered_bps"": 820210.3834779738, ""delivery_ratio"": 1.0, ""offered_bps"": 806712.2108256046}, ""ue9"": {""delivered_bps"": 97912.59118619151, ""delivery_ratio"": 1.0, ""jitter_ms"": 9.855758852348988, ""loss_percent"": 0.0, ""offered_bps"": 95992.7364570505, ""rtt_p95_ms"": 43.856379}}"
1785385481.0171144,round-3-ue9-1785385459,LIGHT_85,5,8.0,1.0,8.488896815419281,7.215562293106389,7.050923577616239,0.9771828294452612,1.0,0.0,10.679460342281882,44.884109,1.0,0.0,1,"{""ue1"": {""delivered_bps"": 824535.8017971413, ""delivery_ratio"": 0.9651053723724168, ""offered_bps"": 854347.9555711849}, ""ue2"": {""delivered_bps"": 947066.1006657571, ""delivery_ratio"": 0.9021410873649197, ""offered_bps"": 1049798.2121976726}, ""ue3"": {""delivered_bps"": 655062.7519877715, ""delivery_ratio"": 1.0, ""offered_bps"": 652837.0609926402}, ""ue4"": {""delivered_bps"": 896863.714211949, ""delivery_ratio"": 0.8819727437829111, ""offered_bps"": 1016883.7081803326}, ""ue5"": {""delivered_bps"": 1164661.7694850233, ""delivery_ratio"": 1.0, ""offered_bps"": 1139287.0831319182}, ""ue6"": {""delivered_bps"": 922268.8734498863, ""delivery_ratio"": 1.0, ""offered_bps"": 735428.2140998931}, ""ue7"": {""delivered_bps"": 624554.1634066969, ""delivery_ratio"": 1.0, ""offered_bps"": 619480.0589327466}, ""ue8"": {""delivered_bps"": 1015910.4026120126, ""delivery_ratio"": 0.8853249695965251, ""offered_bps"": 1147500.0}, ""ue9"": {""delivered_bps"": 94073.59847833736, ""delivery_ratio"": 1.0, ""jitter_ms"": 10.679460342281882, ""loss_percent"": 0.0, ""offered_bps"": 95993.46783503813, ""rtt_p95_ms"": 44.884109}}"
1785385485.0619333,round-3-ue9-1785385459,MEDIUM_70,0,8.0,1.0,9.947700018244898,6.963390012771429,6.573713865564456,0.9440393046357773,1.0,0.0,11.67714575,73.544625,1.0,0.0,1,"{""ue1"": {""delivered_bps"": 977240.4618542531, ""delivery_ratio"": 1.0, ""offered_bps"": 943251.5840758472}, ""ue2"": {""delivered_bps"": 743327.4147101484, ""delivery_ratio"": 0.9425944795785018, ""offered_bps"": 788597.2502645471}, ""ue3"": {""delivered_bps"": 870535.0758215553, ""delivery_ratio"": 1.0, ""offered_bps"": 867749.3453744535}, ""ue4"": {""delivered_bps"": 756237.2911198895, ""delivery_ratio"": 0.8002511017141688, ""offered_bps"": 945000.0}, ""ue5"": {""delivered_bps"": 881269.9838922134, ""delivery_ratio"": 1.0, ""offered_bps"": 813852.6615155956}, ""ue6"": {""delivered_bps"": 794331.2218823588, ""delivery_ratio"": 0.8405621395580516, ""offered_bps"": 945000.0}, ""ue7"": {""delivered_bps"": 773233.2293725404, ""delivery_ratio"": 0.9978888757181503, ""offered_bps"": 774869.0742905295}, ""ue8"": {""delivered_bps"": 777539.186911497, ""delivery_ratio"": 0.8785057695734927, ""offered_bps"": 885070.0972504551}, ""ue9"": {""delivered_bps"": 95993.61556017323, ""delivery_ratio"": 1.0, ""jitter_ms"": 11.67714575, ""loss_percent"": 0.0, ""offered_bps"": 95993.61556017323, ""rtt_p95_ms"": 73.544625}}"
1785385486.1025271,round-3-ue9-1785385459,MEDIUM_70,1,8.0,1.0,9.170581895309839,6.419407326716888,6.573713865564456,1.0,1.0,0.0,12.072162972972974,83.247263,1.0,0.0,1,"{""ue1"": {""delivered_bps"": 977240.4618542531, ""delivery_ratio"": 1.0, ""offered_bps"": 910332.6801427371}, ""ue2"": {""delivered_bps"": 743327.4147101484, ""delivery_ratio"": 0.9486424054621077, ""offered_bps"": 783569.6680121049}, ""ue3"": {""delivered_bps"": 870535.0758215553, ""delivery_ratio"": 0.9452763334813258, ""offered_bps"": 920931.8428776182}, ""ue4"": {""delivered_bps"": 756237.2911198895, ""delivery_ratio"": 1.0, ""offered_bps"": 482422.2696613841}, ""ue5"": {""delivered_bps"": 881269.9838922134, ""delivery_ratio"": 1.0, ""offered_bps"": 737247.9882570961}, ""ue6"": {""delivered_bps"": 794331.2218823588, ""delivery_ratio"": 0.9934216472308605, ""offered_bps"": 799591.2149655068}, ""ue7"": {""delivered_bps"": 773233.2293725404, ""delivery_ratio"": 0.9201743395963908, ""offered_bps"": 840311.6628004404}, ""ue8"": {""delivered_bps"": 777539.186911497, ""delivery_ratio"": 0.8227927903825365, ""offered_bps"": 945000.0}, ""ue9"": {""delivered_bps"": 95993.31885883433, ""delivery_ratio"": 1.0, ""jitter_ms"": 12.072162972972974, ""loss_percent"": 0.0, ""offered_bps"": 95993.31885883433, ""rtt_p95_ms"": 83.247263}}"
1785385487.1427047,round-3-ue9-1785385459,MEDIUM_70,2,8.0,1.0,9.100341356660037,6.370238949662025,6.670963163931082,1.0,1.0,0.0,13.476540476510063,104.547948,1.0,0.0,1,"{""ue1"": {""delivered_bps"": 914251.6288491916, ""delivery_ratio"": 1.0, ""offered_bps"": 841024.5202295829}, ""ue2"": {""delivered_bps"": 841681.7504609723, ""delivery_ratio"": 1.0, ""offered_bps"": 826938.9680947728}, ""ue3"": {""delivered_bps"": 969596.3141811567, ""delivery_ratio"": 1.0, ""offered_bps"": 944269.4408908809}, ""ue4"": {""delivered_bps"": 620507.0706536392, ""delivery_ratio"": 0.8817234571501493, ""offered_bps"": 703743.4080059555}, ""ue5"": {""delivered_bps"": 726891.1433550769, ""delivery_ratio"": 1.0, ""offered_bps"": 656582.2532870306}, ""ue6"": {""delivered_bps"": 756824.1675719965, ""delivery_ratio"": 1.0, ""offered_bps"": 650393.5210430434}, ""ue7"": {""delivered_bps"": 905641.0329242069, ""delivery_ratio"": 1.0, ""offered_bps"": 893275.475365871}, ""ue8"": {""delivered_bps"": 935570.0559348415, ""delivery_ratio"": 1.0, ""offered_bps"": 854011.3627448885}, ""ue9"": {""delivered_bps"": 95992.20295997593, ""delivery_ratio"": 1.0, ""jitter_ms"": 13.476540476510063, ""loss_percent"": 0.0, ""offered_bps"": 95992.20295997593, ""rtt_p95_ms"": 104.547948}}"
1785385488.1901991,round-3-ue9-1785385459,MEDIUM_70,3,8.0,1.0,7.857231018884908,5.500061713219436,6.670963163931082,1.0,1.0,0.0,12.959450637583888,104.547948,1.0,0.0,1,"{""ue1"": {""delivered_bps"": 914251.6288491916, ""delivery_ratio"": 1.0, ""offered_bps"": 747340.7028056547}, ""ue2"": {""delivered_bps"": 841681.7504609723, ""delivery_ratio"": 1.0, ""offered_bps"": 469586.5989530812}, ""ue3"": {""delivered_bps"": 969596.3141811567, ""delivery_ratio"": 1.0, ""offered_bps"": 934607.8085541901}, ""ue4"": {""delivered_bps"": 620507.0706536392, ""delivery_ratio"": 1.0, ""offered_bps"": 493520.68651020795}, ""ue5"": {""delivered_bps"": 726891.1433550769, ""delivery_ratio"": 1.0, ""offered_bps"": 580633.3081629056}, ""ue6"": {""delivered_bps"": 756824.1675719965, ""delivery_ratio"": 1.0, ""offered_bps"": 739195.4924795103}, ""ue7"": {""delivered_bps"": 905641.0329242069, ""delivery_ratio"": 0.9747773022758791, ""offered_bps"": 929074.8059169464}, ""ue8"": {""delivered_bps"": 935570.0559348415, ""delivery_ratio"": 1.0, ""offered_bps"": 606102.3098369391}, ""ue9"": {""delivered_bps"": 95993.45464930686, ""delivery_ratio"": 1.0, ""jitter_ms"": 12.959450637583888, ""loss_percent"": 0.0, ""offered_bps"": 95993.45464930686, ""rtt_p95_ms"": 104.547948}}"
1785385489.232497,round-3-ue9-1785385459,MEDIUM_70,4,8.0,1.0,7.930381835866699,5.551267285106689,5.761799726980941,1.0,1.0,0.0,12.226456939597314,77.811065,1.0,0.0,1,"{""ue1"": {""delivered_bps"": 726781.577964715, ""delivery_ratio"": 1.0, ""offered_bps"": 645450.0927381398}, ""ue2"": {""delivered_bps"": 586224.6124353735, ""delivery_ratio"": 0.8990514697759724, ""offered_bps"": 652047.8884055995}, ""ue3"": {""delivered_bps"": 951959.084032123, ""delivery_ratio"": 1.0, ""offered_bps"": 893250.6396316419}, ""ue4"": {""delivered_bps"": 573522.3326003749, ""delivery_ratio"": 0.9524183727724234, ""offered_bps"": 602174.788933241}, ""ue5"": {""delivered_bps"": 573314.3607642855, ""delivery_ratio"": 1.0, ""offered_bps"": 517623.5327761001}, ""ue6"": {""delivered_bps"": 637241.703611457, ""delivery_ratio"": 1.0, ""offered_bps"": 482227.2995935076}, ""ue7"": {""delivered_bps"": 973268.1983145135, ""delivery_ratio"": 1.0, ""offered_bps"": 944508.6870187966}, ""ue8"": {""delivered_bps"": 739487.8572581, ""delivery_ratio"": 0.9084792008574205, ""offered_bps"": 813984.3560096622}, ""ue9"": {""delivered_bps"": 95993.61596245108, ""delivery_ratio"": 1.0, ""jitter_ms"": 12.226456939597314, ""loss_percent"": 0.0, ""offered_bps"": 95993.61596245108, ""rtt_p95_ms"": 77.811065}}"
1785385490.2761376,round-3-ue9-1785385459,MEDIUM_70,5,8.0,1.0,7.572434005495201,5.30070380384664,5.761799726980941,1.0,1.0,0.0,11.414495859060409,74.194059,1.0,0.0,1,"{""ue1"": {""delivered_bps"": 726781.577964715, ""delivery_ratio"": 1.0, ""offered_bps"": 553018.7781663515}, ""ue2"": {""delivered_bps"": 586224.6124353735, ""delivery_ratio"": 0.9274678592998082, ""offered_bps"": 632070.0028116809}, ""ue3"": {""delivered_bps"": 951959.084032123, ""delivery_ratio"": 1.0, ""offered_bps"": 825779.8389396061}, ""ue4"": {""delivered_bps"": 573522.3326003749, ""delivery_ratio"": 0.8137081517004539, ""offered_bps"": 704825.595518309}, ""ue5"": {""delivered_bps"": 573314.3607642855, ""delivery_ratio"": 1.0, ""offered_bps"": 474377.981840371}, ""ue6"": {""delivered_bps"": 637241.703611457, ""delivery_ratio"": 1.0, ""offered_bps"": 553989.0430109213}, ""ue7"": {""delivered_bps"": 973268.1983145135, ""delivery_ratio"": 1.0, ""offered_bps"": 938213.0140377977}, ""ue8"": {""delivered_bps"": 739487.8572581, ""delivery_ratio"": 1.0, ""offered_bps"": 618429.5495216028}, ""ue9"": {""delivered_bps"": 95993.67228138223, ""delivery_ratio"": 1.0, ""jitter_ms"": 11.414495859060409, ""loss_percent"": 0.0, ""offered_bps"": 95993.67228138223, ""rtt_p95_ms"": 74.194059}}"
1785385494.3220575,round-3-ue9-1785385459,STRONG_40,0,8.0,1.0,7.255645676267804,2.9022582705071214,3.078666798653413,1.0,1.0,0.0,11.535766966216213,45.6836,1.0,0.0,1,"{""ue1"": {""delivered_bps"": 280169.7190604504, ""delivery_ratio"": 0.9420477459349079, ""offered_bps"": 297405.0097454499}, ""ue2"": {""delivered_bps"": 411934.2899606679, ""delivery_ratio"": 0.950537925448095, ""offered_bps"": 433369.651996239}, ""ue3"": {""delivered_bps"": 365212.66919216333, ""delivery_ratio"": 1.0, ""offered_bps"": 286988.0008713013}, ""ue4"": {""delivered_bps"": 462960.0600396957, ""delivery_ratio"": 1.0, ""offered_bps"": 287375.5456065885}, ""ue5"": {""delivered_bps"": 288570.01046574657, ""delivery_ratio"": 0.9147506263228353, ""offered_bps"": 315463.0367685629}, ""ue6"": {""delivered_bps"": 394925.6999343253, ""delivery_ratio"": 0.7924500342342156, ""offered_bps"": 498360.3796748673}, ""ue7"": {""delivered_bps"": 496977.24009238085, ""delivery_ratio"": 1.0, ""offered_bps"": 419247.3167503176}, ""ue8"": {""delivered_bps"": 377917.10990798275, ""delivery_ratio"": 1.0, ""offered_bps"": 364049.32909379515}, ""ue9"": {""delivered_bps"": 95992.94854345139, ""delivery_ratio"": 1.0, ""jitter_ms"": 11.535766966216213, ""loss_percent"": 0.0, ""offered_bps"": 95992.94854345139, ""rtt_p95_ms"": 45.6836}}"
1785385495.3707519,round-3-ue9-1785385459,STRONG_40,1,8.0,1.0,8.334186491728094,3.3336745966912384,3.2609909998232203,0.9781971530934187,1.0,0.0,11.276102597315433,46.171255,1.0,0.0,1,"{""ue1"": {""delivered_bps"": 335265.09241587267, ""delivery_ratio"": 0.9716942660670019, ""offered_bps"": 345031.46115380584}, ""ue2"": {""delivered_bps"": 488538.277113752, ""delivery_ratio"": 0.978791173935807, ""offered_bps"": 499124.11362404894}, ""ue3"": {""delivered_bps"": 288547.16973134165, ""delivery_ratio"": 1.0, ""offered_bps"": 264768.5599893382}, ""ue4"": {""delivered_bps"": 407597.87613394286, ""delivery_ratio"": 0.832793241591078, ""offered_bps"": 489434.6589019072}, ""ue5"": {""delivered_bps"": 352272.33618767286, ""delivery_ratio"": 0.9887390484663601, ""offered_bps"": 356284.43797590974}, ""ue6"": {""delivered_bps"": 501241.7122546827, ""delivery_ratio"": 1.0, ""offered_bps"": 461523.2563787249}, ""ue7"": {""delivered_bps"": 415997.50264400407, ""delivery_ratio"": 1.0, ""offered_bps"": 377508.108667503}, ""ue8"": {""delivered_bps"": 471531.0333419518, ""delivery_ratio"": 0.8732056172999108, ""offered_bps"": 540000.0}, ""ue9"": {""delivered_bps"": 95993.43489306545, ""delivery_ratio"": 1.0, ""jitter_ms"": 11.276102597315433, ""loss_percent"": 0.0, ""offered_bps"": 95993.43489306545, ""rtt_p95_ms"": 46.171255}}"
1785385496.417603,round-3-ue9-1785385459,STRONG_40,2,8.0,1.0,7.856258636149469,3.142503454459788,3.2609909998232203,1.0,1.0,0.0,11.903426275167785,51.935398,1.0,0.0,1,"{""ue1"": {""delivered_bps"": 335265.09241587267, ""delivery_ratio"": 0.833667334061485, ""offered_bps"": 402156.9260516882}, ""ue2"": {""delivered_bps"": 488538.277113752, ""delivery_ratio"": 0.9049936387931274, ""offered_bps"": 539825.0950860296}, ""ue3"": {""delivered_bps"": 288547.16973134165, ""delivery_ratio"": 1.0, ""offered_bps"": 260815.48637369316}, ""ue4"": {""delivered_bps"": 407597.87613394286, ""delivery_ratio"": 0.7683241891153834, ""offered_bps"": 530502.4648556674}, ""ue5"": {""delivered_bps"": 352272.33618767286, ""delivery_ratio"": 0.8766409973061479, ""offered_bps"": 401843.3284208466}, ""ue6"": {""delivered_bps"": 501241.7122546827, ""delivery_ratio"": 1.0, ""offered_bps"": 327350.3076701793}, ""ue7"": {""delivered_bps"": 415997.50264400407, ""delivery_ratio"": 1.0, ""offered_bps"": 337781.3978446108}, ""ue8"": {""delivered_bps"": 471531.0333419518, ""delivery_ratio"": 1.0, ""offered_bps"": 342228.4481570729}, ""ue9"": {""delivered_bps"": 95992.36315150403, ""delivery_ratio"": 1.0, ""jitter_ms"": 11.903426275167785, ""loss_percent"": 0.0, ""offered_bps"": 95992.36315150403, ""rtt_p95_ms"": 51.935398}}"
1785385497.459854,round-3-ue9-1785385459,STRONG_40,3,8.0,1.0,7.571365864950537,3.028546345980214,3.2406861994839193,1.0,1.0,0.0,11.285168866666671,43.311407,1.0,0.0,1,"{""ue1"": {""delivered_bps"": 450302.00060972024, ""delivery_ratio"": 0.9812323025642363, ""offered_bps"": 458914.7742414863}, ""ue2"": {""delivered_bps"": 518343.3690032004, ""delivery_ratio"": 1.0, ""offered_bps"": 449533.49534856214}, ""ue3"": {""delivered_bps"": 284295.14366852486, ""delivery_ratio"": 1.0, ""offered_bps"": 275669.5617693687}, ""ue4"": {""delivered_bps"": 420585.90909826854, ""delivery_ratio"": 1.0, ""offered_bps"": 269758.8348875707}, ""ue5"": {""delivered_bps"": 445997.4079244319, ""delivery_ratio"": 0.9972847875673058, ""offered_bps"": 447211.68264519627}, ""ue6"": {""delivered_bps"": 394966.3816293218, ""delivery_ratio"": 0.932598866891889, ""offered_bps"": 423511.539259792}, ""ue7"": {""delivered_bps"": 335534.19860641845, ""delivery_ratio"": 1.0, ""offered_bps"": 303572.31079112465}, ""ue8"": {""delivered_bps"": 390661.78894403344, ""delivery_ratio"": 0.9757417951060171, ""offered_bps"": 400374.1470371134}, ""ue9"": {""delivered_bps"": 97913.45290271746, ""delivery_ratio"": 1.0, ""jitter_ms"": 11.285168866666671, ""loss_percent"": 0.0, ""offered_bps"": 95993.58127717399, ""rtt_p95_ms"": 43.311407}}"
1785385498.4992647,round-3-ue9-1785385459,STRONG_40,4,8.0,1.0,8.329905695469865,3.331962278187946,3.2406861994839193,0.9726059087458618,1.0,0.0,11.440194087248322,42.567616,1.0,0.0,1,"{""ue1"": {""delivered_bps"": 450302.00060972024, ""delivery_ratio"": 0.8908422491952643, ""offered_bps"": 505478.9453649029}, ""ue2"": {""delivered_bps"": 518343.3690032004, ""delivery_ratio"": 1.0, ""offered_bps"": 466966.30525406403}, ""ue3"": {""delivered_bps"": 284295.14366852486, ""delivery_ratio"": 0.925095523136998, ""offered_bps"": 307314.3654446411}, ""ue4"": {""delivered_bps"": 420585.90909826854, ""delivery_ratio"": 0.7788627946264233, ""offered_bps"": 540000.0}, ""ue5"": {""delivered_bps"": 445997.4079244319, ""delivery_ratio"": 0.9149671839394314, ""offered_bps"": 487446.3431619159}, ""ue6"": {""delivered_bps"": 394966.3816293218, ""delivery_ratio"": 0.9933013140313187, ""offered_bps"": 397629.9799970551}, ""ue7"": {""delivered_bps"": 335534.19860641845, ""delivery_ratio"": 1.0, ""offered_bps"": 277937.47770130436}, ""ue8"": {""delivered_bps"": 390661.78894403344, ""delivery_ratio"": 1.0, ""offered_bps"": 349188.86126406206}, ""ue9"": {""delivered_bps"": 94073.65183097243, ""delivery_ratio"": 1.0, ""jitter_ms"": 11.440194087248322, ""loss_percent"": 0.0, ""offered_bps"": 95993.52227650248, ""rtt_p95_ms"": 42.567616}}"
1785385499.5391827,round-3-ue9-1785385459,STRONG_40,5,8.0,1.0,8.21875938113711,3.287503752454844,3.4724985687883656,1.0,1.0,0.0,10.74574408053691,38.158957,1.0,0.0,1,"{""ue1"": {""delivered_bps"": 544033.7915262402, ""delivery_ratio"": 1.0, ""offered_bps"": 533805.2083079865}, ""ue2"": {""delivered_bps"": 486210.2958422963, ""delivery_ratio"": 1.0, ""offered_bps"": 459552.3748503467}, ""ue3"": {""delivered_bps"": 348077.2786133674, ""delivery_ratio"": 0.9902868129889548, ""offered_bps"": 351491.3801212555}, ""ue4"": {""delivered_bps"": 475983.55525496166, ""delivery_ratio"": 1.0, ""offered_bps"": 366926.7383051586}, ""ue5"": {""delivered_bps"": 526813.1767031227, ""delivery_ratio"": 1.0, ""offered_bps"": 518208.65696699894}, ""ue6"": {""delivered_bps"": 437653.28341354296, ""delivery_ratio"": 0.9990924809756124, ""offered_bps"": 438050.82286894514}, ""ue7"": {""delivered_bps"": 284332.19604786823, ""delivery_ratio"": 1.0, ""offered_bps"": 263151.1743752842}, ""ue8"": {""delivered_bps"": 369394.99138696643, ""delivery_ratio"": 1.0, ""offered_bps"": 356317.39665886847}, ""ue9"": {""delivered_bps"": 95993.37665242825, ""delivery_ratio"": 1.0, ""jitter_ms"": 10.74574408053691, ""loss_percent"": 0.0, ""offered_bps"": 95993.37665242825, ""rtt_p95_ms"": 38.158957}}"
1785385507.6334765,round-3-ue10-1785385500,EQUAL_100,0,8.0,1.0,7.681520050468426,7.681520050468426,7.98412825974234,1.0,0.9867549668874173,1.3245033112582782,11.51221355782313,50.006137,0.0,1.0,1,"{""ue1"": {""delivered_bps"": 705296.773398686, ""delivery_ratio"": 1.0, ""offered_bps"": 651376.4505412672}, ""ue10"": {""delivered_bps"": 92152.14420053798, ""delivery_ratio"": 0.9867549668874173, ""jitter_ms"": 11.51221355782313, ""loss_percent"": 1.3245033112582782, ""offered_bps"": 95991.8168755604, ""rtt_p95_ms"": 50.006137}, ""ue2"": {""delivered_bps"": 1156288.3440853653, ""delivery_ratio"": 1.0, ""offered_bps"": 870493.545941744}, ""ue3"": {""delivered_bps"": 1193133.0411282864, ""delivery_ratio"": 1.0, ""offered_bps"": 1179409.6380938676}, ""ue4"": {""delivered_bps"": 922289.3210180515, ""delivery_ratio"": 0.8718093223428173, ""offered_bps"": 1057902.5681207206}, ""ue5"": {""delivered_bps"": 921429.3981061726, ""delivery_ratio"": 1.0, ""offered_bps"": 829247.0406301258}, ""ue6"": {""delivered_bps"": 1151776.7485290891, ""delivery_ratio"": 0.9823139772247226, ""offered_bps"": 1172513.8552778617}, ""ue7"": {""delivered_bps"": 1203004.1562283654, ""delivery_ratio"": 1.0, ""offered_bps"": 1200681.2498903922}, ""ue8"": {""delivered_bps"": 730910.4772483241, ""delivery_ratio"": 1.0, ""offered_bps"": 719895.7019724475}}"
1785385508.6741855,round-3-ue10-1785385500,EQUAL_100,1,8.0,1.0,7.4463156211514265,7.4463156211514265,7.98412825974234,1.0,0.9933333333333333,0.6666666666666666,12.338404952380953,53.548141,0.0,1.0,1,"{""ue1"": {""delivered_bps"": 705296.773398686, ""delivery_ratio"": 1.0, ""offered_bps"": 668918.5688458052}, ""ue10"": {""delivered_bps"": 97913.39974310863, ""delivery_ratio"": 0.9933333333333333, ""jitter_ms"": 12.338404952380953, ""loss_percent"": 0.6666666666666666, ""offered_bps"": 95993.52915991042, ""rtt_p95_ms"": 53.548141}, ""ue2"": {""delivered_bps"": 1156288.3440853653, ""delivery_ratio"": 0.9103230536418946, ""offered_bps"": 1270195.6074378726}, ""ue3"": {""delivered_bps"": 1193133.0411282864, ""delivery_ratio"": 1.0, ""offered_bps"": 1058717.2312095892}, ""ue4"": {""delivered_bps"": 922289.3210180515, ""delivery_ratio"": 1.0, ""offered_bps"": 748284.0708276816}, ""ue5"": {""delivered_bps"": 921429.3981061726, ""delivery_ratio"": 1.0, ""offered_bps"": 739285.5089096657}, ""ue6"": {""delivered_bps"": 1151776.7485290891, ""delivery_ratio"": 1.0, ""offered_bps"": 662201.5091472315}, ""ue7"": {""delivered_bps"": 1203004.1562283654, ""delivery_ratio"": 0.9425799398310808, ""offered_bps"": 1276288.7320134938}, ""ue8"": {""delivered_bps"": 730910.4772483241, ""delivery_ratio"": 0.7148797333318643, ""offered_bps"": 1022424.3927600867}}"
1785385509.7168841,round-3-ue10-1785385500,EQUAL_100,2,8.0,1.0,8.386359224272459,8.386359224272459,8.341723783432434,0.9946776140102802,1.0,0.0,12.935858999999997,67.890428,0.0,1.0,1,"{""ue1"": {""delivered_bps"": 739335.1050299878, ""delivery_ratio"": 0.9940961275874317, ""offered_bps"": 743725.9682564879}, ""ue10"": {""delivered_bps"": 97912.61771995905, ""delivery_ratio"": 1.0, ""jitter_ms"": 12.935858999999997, ""loss_percent"": 0.0, ""offered_bps"": 95992.76247054808, ""rtt_p95_ms"": 67.890428}, ""ue2"": {""delivered_bps"": 1066684.903691289, ""delivery_ratio"": 1.0, ""offered_bps"": 781038.1390162004}, ""ue3"": {""delivered_bps"": 1123261.8572277057, ""delivery_ratio"": 1.0, ""offered_bps"": 930072.930293273}, ""ue4"": {""delivered_bps"": 1092084.3530420077, ""delivery_ratio"": 0.8089513726237094, ""offered_bps"": 1350000.0}, ""ue5"": {""delivered_bps"": 741526.3673480283, ""delivery_ratio"": 1.0, ""offered_bps"": 677582.315074008}, ""ue6"": {""delivered_bps"": 1037190.8327827718, ""delivery_ratio"": 0.7820019867754452, ""offered_bps"": 1326327.618500802}, ""ue7"": {""delivered_bps"": 1355935.528326512, ""delivery_ratio"": 1.0, ""offered_bps"": 1327352.5858955542}, ""ue8"": {""delivered_bps"": 1185704.8359841325, ""delivery_ratio"": 0.9483668609460075, ""offered_bps"": 1250259.6672361342}}"
1785385510.7609558,round-3-ue10-1785385500,EQUAL_100,3,8.0,1.0,7.636942500276176,7.636942500276176,8.341723783432434,1.0,1.0,0.0,12.715601362416109,81.568614,0.0,1.0,1,"{""ue1"": {""delivered_bps"": 739335.1050299878, ""delivery_ratio"": 0.8568585743918798, ""offered_bps"": 862843.7960776672}, ""ue10"": {""delivered_bps"": 92153.48093373257, ""delivery_ratio"": 1.0, ""jitter_ms"": 12.715601362416109, ""loss_percent"": 0.0, ""offered_bps"": 95993.20930597142, ""rtt_p95_ms"": 81.568614}, ""ue2"": {""delivered_bps"": 1066684.903691289, ""delivery_ratio"": 1.0, ""offered_bps"": 697541.2433949785}, ""ue3"": {""delivered_bps"": 1123261.8572277057, ""delivery_ratio"": 1.0, ""offered_bps"": 717279.0699956471}, ""ue4"": {""delivered_bps"": 1092084.3530420077, ""delivery_ratio"": 0.8800202491954807, ""offered_bps"": 1240976.391214176}, ""ue5"": {""delivered_bps"": 741526.3673480283, ""delivery_ratio"": 1.0, ""offered_bps"": 661929.9242450378}, ""ue6"": {""delivered_bps"": 1037190.8327827718, ""delivery_ratio"": 1.0, ""offered_bps"": 975824.2574170424}, ""ue7"": {""delivered_bps"": 1355935.528326512, ""delivery_ratio"": 1.0, ""offered_bps"": 1349317.805398557}, ""ue8"": {""delivered_bps"": 1185704.8359841325, ""delivery_ratio"": 1.0, ""offered_bps"": 1131230.0125330691}}"
1785385511.799857,round-3-ue10-1785385500,EQUAL_100,4,8.0,1.0,7.530816770526475,7.530816770526475,7.925794504969075,1.0,0.9933333333333333,0.6666666666666666,12.100134476190474,64.056771,0.0,1.0,1,"{""ue1"": {""delivered_bps"": 973636.659663803, ""delivery_ratio"": 0.9681416115673939, ""offered_bps"": 1005675.8722388895}, ""ue10"": {""delivered_bps"": 92153.76726820164, ""delivery_ratio"": 0.9933333333333333, ""jitter_ms"": 12.100134476190474, ""loss_percent"": 0.6666666666666666, ""offered_bps"": 95993.50757104337, ""rtt_p95_ms"": 64.056771}, ""ue2"": {""delivered_bps"": 1067303.427033391, ""delivery_ratio"": 0.7905951311358452, ""offered_bps"": 1350000.0}, ""ue3"": {""delivered_bps"": 799206.2612608327, ""delivery_ratio"": 1.0, ""offered_bps"": 717279.0699956471}, ""ue4"": {""delivered_bps"": 1097234.702360882, ""delivery_ratio"": 1.0, ""offered_bps"": 866182.373110217}, ""ue5"": {""delivered_bps"": 684422.3609974473, ""delivery_ratio"": 0.9644285856253315, ""offered_bps"": 709666.1911505564}, ""ue6"": {""delivered_bps"": 939612.3894612922, ""delivery_ratio"": 1.0, ""offered_bps"": 831224.9015350117}, ""ue7"": {""delivered_bps"": 1403453.1341834783, ""delivery_ratio"": 1.0, ""offered_bps"": 1340236.4798342974}, ""ue8"": {""delivered_bps"": 960925.5700079496, ""delivery_ratio"": 1.0, ""offered_bps"": 710551.882661856}}"
1785385512.8490155,round-3-ue10-1785385500,EQUAL_100,5,8.0,1.0,8.5087981594365,8.5087981594365,7.925794504969075,0.9314822559492898,1.0,0.0,13.589209847682113,77.554124,0.0,1.0,1,"{""ue1"": {""delivered_bps"": 973636.659663803, ""delivery_ratio"": 0.7703591607877855, ""offered_bps"": 1263873.6698712604}, ""ue10"": {""delivered_bps"": 99833.24169133598, ""delivery_ratio"": 1.0, ""jitter_ms"": 13.589209847682113, ""loss_percent"": 0.0, ""offered_bps"": 95993.50162628459, ""rtt_p95_ms"": 77.554124}, ""ue2"": {""delivered_bps"": 1067303.427033391, ""delivery_ratio"": 0.8558932883279777, ""offered_bps"": 1247005.2535619384}, ""ue3"": {""delivered_bps"": 799206.2612608327, ""delivery_ratio"": 1.0, ""offered_bps"": 661827.6294537833}, ""ue4"": {""delivered_bps"": 1097234.702360882, ""delivery_ratio"": 0.8637392414143992, ""offered_bps"": 1270330.9630394087}, ""ue5"": {""delivered_bps"": 684422.3609974473, ""delivery_ratio"": 0.8675787886737568, ""offered_bps"": 788887.845037918}, ""ue6"": {""delivered_bps"": 939612.3894612922, ""delivery_ratio"": 1.0, ""offered_bps"": 700855.8745742013}, ""ue7"": {""delivered_bps"": 1403453.1341834783, ""delivery_ratio"": 1.0, ""offered_bps"": 1234851.4826992028}, ""ue8"": {""delivered_bps"": 960925.5700079496, ""delivery_ratio"": 0.7164854838110326, ""offered_bps"": 1341165.4411987865}}"
1785385516.8882139,round-3-ue10-1785385500,LIGHT_85,0,8.0,1.0,8.831583756460823,7.5068461929916985,8.01675582082969,1.0,1.0,0.0,12.407822234899323,61.009488,0.0,1.0,1,"{""ue1"": {""delivered_bps"": 1292189.0470539874, ""delivery_ratio"": 1.0, ""offered_bps"": 1020890.5853964234}, ""ue10"": {""delivered_bps"": 94073.58862256164, ""delivery_ratio"": 1.0, ""jitter_ms"": 12.407822234899323, ""loss_percent"": 0.0, ""offered_bps"": 95993.45777812412, ""rtt_p95_ms"": 61.009488}, ""ue2"": {""delivered_bps"": 1054126.2283799907, ""delivery_ratio"": 1.0, ""offered_bps"": 563748.8784858538}, ""ue3"": {""delivered_bps"": 701119.156004744, ""delivery_ratio"": 0.8200609316618219, ""offered_bps"": 854959.8315627023}, ""ue4"": {""delivered_bps"": 1198768.346808312, ""delivery_ratio"": 1.0, ""offered_bps"": 1147500.0}, ""ue5"": {""delivered_bps"": 909484.1099516695, ""delivery_ratio"": 0.877865420803018, ""offered_bps"": 1036017.6951949294}, ""ue6"": {""delivered_bps"": 743734.3521442097, ""delivery_ratio"": 0.6481345116725139, ""offered_bps"": 1147500.0}, ""ue7"": {""delivered_bps"": 1062524.4933849531, ""delivery_ratio"": 1.0, ""offered_bps"": 717558.8689661291}, ""ue8"": {""delivered_bps"": 1054810.0871018234, ""delivery_ratio"": 1.0, ""offered_bps"": 1018670.333385661}}"
1785385517.9282832,round-3-ue10-1785385500,LIGHT_85,1,8.0,1.0,7.9830167493584785,6.785564236954707,7.208984249583728,1.0,0.9933333333333333,0.6666666666666666,12.657472285714286,65.313549,0.0,1.0,1,"{""ue1"": {""delivered_bps"": 1109444.955115135, ""delivery_ratio"": 1.0, ""offered_bps"": 906986.7314925244}, ""ue10"": {""delivered_bps"": 94072.91453620672, ""delivery_ratio"": 0.9933333333333333, ""jitter_ms"": 12.657472285714286, ""loss_percent"": 0.6666666666666666, ""offered_bps"": 95992.7699349048, ""rtt_p95_ms"": 65.313549}, ""ue2"": {""delivered_bps"": 603301.6436409134, ""delivery_ratio"": 0.9779366542508924, ""offered_bps"": 616912.8041356088}, ""ue3"": {""delivered_bps"": 833221.6968016219, ""delivery_ratio"": 0.8660565975470004, ""offered_bps"": 962086.8880412905}, ""ue4"": {""delivered_bps"": 998994.8511168289, ""delivery_ratio"": 1.0, ""offered_bps"": 683590.5719916712}, ""ue5"": {""delivered_bps"": 1033014.2671348491, ""delivery_ratio"": 0.9379722143936277, ""offered_bps"": 1101327.1515752345}, ""ue6"": {""delivered_bps"": 964979.4350301451, ""delivery_ratio"": 0.8409406841221309, ""offered_bps"": 1147500.0}, ""ue7"": {""delivered_bps"": 794694.358167222, ""delivery_ratio"": 1.0, ""offered_bps"": 644904.6725678444}, ""ue8"": {""delivered_bps"": 871333.0425770127, ""delivery_ratio"": 1.0, ""offered_bps"": 722255.4171505333}}"
1785385518.9703672,round-3-ue10-1785385500,LIGHT_85,2,8.0,1.0,7.945576451703759,6.753739983948194,7.0573964732641965,1.0,0.9733333333333334,2.6666666666666665,14.074154833333335,98.88506,0.0,1.0,0,"{""ue1"": {""delivered_bps"": 884267.569398334, ""delivery_ratio"": 1.0, ""offered_bps"": 783336.7246677341}, ""ue10"": {""delivered_bps"": 90233.89762096787, ""delivery_ratio"": 0.9733333333333334, ""jitter_ms"": 14.074154833333335, ""loss_percent"": 2.6666666666666665, ""offered_bps"": 95993.50810741264, ""rtt_p95_ms"": 98.88506}, ""ue2"": {""delivered_bps"": 824621.0285858462, ""delivery_ratio"": 0.8544638616037576, ""offered_bps"": 965074.2010763347}, ""ue3"": {""delivered_bps"": 1050087.993598331, ""delivery_ratio"": 0.9962177016281165, ""offered_bps"": 1054074.819070344}, ""ue4"": {""delivered_bps"": 756776.4892407056, ""delivery_ratio"": 0.980690295272017, ""offered_bps"": 771677.351034453}, ""ue5"": {""delivered_bps"": 1165076.0257254373, ""delivery_ratio"": 1.0, ""offered_bps"": 1139401.8187215927}, ""ue6"": {""delivered_bps"": 1011962.6992998205, ""delivery_ratio"": 1.0, ""offered_bps"": 796693.3709239773}, ""ue7"": {""delivered_bps"": 646365.572936613, ""delivery_ratio"": 1.0, ""offered_bps"": 590499.850604456}, ""ue8"": {""delivered_bps"": 718239.094479109, ""delivery_ratio"": 1.0, ""offered_bps"": 652981.8478493027}}"
1785385520.0131176,round-3-ue10-1785385500,LIGHT_85,3,8.0,1.0,7.818010040216174,6.645308534183747,7.0573964732641965,1.0,1.0,0.0,13.211389700000002,115.400373,0.0,1.0,1,"{""ue1"": {""delivered_bps"": 884267.569398334, ""delivery_ratio"": 1.0, ""offered_bps"": 671168.8183897188}, ""ue10"": {""delivered_bps"": 105592.82469780665, ""delivery_ratio"": 1.0, ""jitter_ms"": 13.211389700000002, ""loss_percent"": 0.0, ""offered_bps"": 95993.47699800605, ""rtt_p95_ms"": 115.400373}, ""ue2"": {""delivered_bps"": 824621.0285858462, ""delivery_ratio"": 1.0, ""offered_bps"": 623064.2583757739}, ""ue3"": {""delivered_bps"": 1050087.993598331, ""delivery_ratio"": 0.9388356186785558, ""offered_bps"": 1118500.3771761097}, ""ue4"": {""delivered_bps"": 756776.4892407056, ""delivery_ratio"": 0.6595002084886323, ""offered_bps"": 1147500.0}, ""ue5"": {""delivered_bps"": 1165076.0257254373, ""delivery_ratio"": 1.0, ""offered_bps"": 1146104.2468854354}, ""ue6"": {""delivered_bps"": 1011962.6992998205, ""delivery_ratio"": 1.0, ""offered_bps"": 691188.1853900546}, ""ue7"": {""delivered_bps"": 646365.572936613, ""delivery_ratio"": 1.0, ""offered_bps"": 559143.0773449265}, ""ue8"": {""delivered_bps"": 718239.094479109, ""delivery_ratio"": 1.0, ""offered_bps"": 688639.5706217282}}"
1785385521.055321,round-3-ue10-1785385500,LIGHT_85,4,8.0,1.0,8.328480536085287,7.079208455672493,7.159219570369682,1.0,1.0,0.0,12.206129880794698,105.969178,0.0,1.0,1,"{""ue1"": {""delivered_bps"": 660376.4810484068, ""delivery_ratio"": 1.0, ""offered_bps"": 589923.8478893602}, ""ue10"": {""delivered_bps"": 95992.95734874478, ""delivery_ratio"": 1.0, ""jitter_ms"": 12.206129880794698, ""loss_percent"": 0.0, ""offered_bps"": 95992.95734874478, ""rtt_p95_ms"": 105.969178}, ""ue2"": {""delivered_bps"": 730724.2712211426, ""delivery_ratio"": 0.9405482629551506, ""offered_bps"": 776913.1048365848}, ""ue3"": {""delivered_bps"": 1181937.269253115, ""delivery_ratio"": 1.0, ""offered_bps"": 1146651.54335851}, ""ue4"": {""delivered_bps"": 1092598.6155518284, ""delivery_ratio"": 1.0, ""offered_bps"": 949834.7315005739}, ""ue5"": {""delivered_bps"": 1181937.269253115, ""delivery_ratio"": 1.0, ""offered_bps"": 1120708.5529054983}, ""ue6"": {""delivered_bps"": 935020.0455361772, ""delivery_ratio"": 0.8483195490487215, ""offered_bps"": 1102202.6388342446}, ""ue7"": {""delivered_bps"": 581965.1734212568, ""delivery_ratio"": 1.0, ""offered_bps"": 553641.4240932765}, ""ue8"": {""delivered_bps"": 794660.4450846395, ""delivery_ratio"": 0.9467765620951907, ""offered_bps"": 839332.6122544453}}"
1785385522.0965471,round-3-ue10-1785385500,LIGHT_85,5,8.0,1.0,7.6468904615575575,6.4998568923239235,7.159219570369682,1.0,1.0,0.0,11.11553647402597,62.35859,0.0,1.0,1,"{""ue1"": {""delivered_bps"": 660376.4810484068, ""delivery_ratio"": 1.0, ""offered_bps"": 553653.5034055774}, ""ue10"": {""delivered_bps"": 95993.1387292085, ""delivery_ratio"": 1.0, ""jitter_ms"": 11.11553647402597, ""loss_percent"": 0.0, ""offered_bps"": 95993.1387292085, ""rtt_p95_ms"": 62.35859}, ""ue2"": {""delivered_bps"": 730724.2712211426, ""delivery_ratio"": 1.0, ""offered_bps"": 568442.9585406163}, ""ue3"": {""delivered_bps"": 1181937.269253115, ""delivery_ratio"": 1.0, ""offered_bps"": 1134725.7080693587}, ""ue4"": {""delivered_bps"": 1092598.6155518284, ""delivery_ratio"": 1.0, ""offered_bps"": 1010945.0356317151}, ""ue5"": {""delivered_bps"": 1181937.269253115, ""delivery_ratio"": 1.0, ""offered_bps"": 1065975.314655756}, ""ue6"": {""delivered_bps"": 935020.0455361772, ""delivery_ratio"": 1.0, ""offered_bps"": 801749.9899892958}, ""ue7"": {""delivered_bps"": 581965.1734212568, ""delivery_ratio"": 1.0, ""offered_bps"": 574481.2206223713}, ""ue8"": {""delivered_bps"": 794660.4450846395, ""delivery_ratio"": 1.0, ""offered_bps"": 789883.161409233}}"
1785385526.1414225,round-3-ue10-1785385500,MEDIUM_70,0,8.0,1.0,8.004245453319026,5.6029718173233185,5.893354937266291,1.0,1.0,0.0,11.956537873333334,53.055701,0.0,1.0,1,"{""ue1"": {""delivered_bps"": 590814.0092660312, ""delivery_ratio"": 0.8390716355768031, ""offered_bps"": 704128.2105310209}, ""ue10"": {""delivered_bps"": 97913.42883043461, ""delivery_ratio"": 1.0, ""jitter_ms"": 11.956537873333334, ""loss_percent"": 0.0, ""offered_bps"": 95993.55767689669, ""rtt_p95_ms"": 53.055701}, ""ue2"": {""delivered_bps"": 935614.2366822119, ""delivery_ratio"": 1.0, ""offered_bps"": 699130.6798098234}, ""ue3"": {""delivered_bps"": 816304.6349546006, ""delivery_ratio"": 1.0, ""offered_bps"": 650876.6321376031}, ""ue4"": {""delivered_bps"": 760953.33466624, ""delivery_ratio"": 1.0, ""offered_bps"": 479813.0577838901}, ""ue5"": {""delivered_bps"": 732287.3392013507, ""delivery_ratio"": 1.0, ""offered_bps"": 580256.1985339711}, ""ue6"": {""delivered_bps"": 552480.6429129267, ""delivery_ratio"": 0.58463560096606, ""offered_bps"": 945000.0}, ""ue7"": {""delivered_bps"": 624841.8743460729, ""delivery_ratio"": 0.8885940238939701, ""offered_bps"": 703180.3698250294}, ""ue8"": {""delivered_bps"": 880058.8652368566, ""delivery_ratio"": 1.0, ""offered_bps"": 840586.66870198}}"
1785385527.1802156,round-3-ue10-1785385500,MEDIUM_70,1,8.0,1.0,7.62454827518188,5.337183792627315,5.712594831744766,1.0,1.0,0.0,12.145391966216215,58.530063,0.0,1.0,1,"{""ue1"": {""delivered_bps"": 786378.8702118254, ""delivery_ratio"": 0.9787872368305012, ""offered_bps"": 803421.6636889027}, ""ue10"": {""delivered_bps"": 94073.23565574187, ""delivery_ratio"": 1.0, ""jitter_ms"": 12.145391966216215, ""loss_percent"": 0.0, ""offered_bps"": 95993.09760789986, ""rtt_p95_ms"": 58.530063}, ""ue2"": {""delivered_bps"": 616071.5217350044, ""delivery_ratio"": 1.0, ""offered_bps"": 482066.6542572094}, ""ue3"": {""delivered_bps"": 633289.0734190351, ""delivery_ratio"": 1.0, ""offered_bps"": 567473.1137384572}, ""ue4"": {""delivered_bps"": 710051.9914638456, ""delivery_ratio"": 0.814601537575757, ""offered_bps"": 871655.5993460933}, ""ue5"": {""delivered_bps"": 573443.6800191515, ""delivery_ratio"": 1.0, ""offered_bps"": 517334.9598980916}, ""ue6"": {""delivered_bps"": 880035.3107384345, ""delivery_ratio"": 1.0, ""offered_bps"": 743747.863996695}, ""ue7"": {""delivered_bps"": 773669.7248353929, ""delivery_ratio"": 0.9979568210177034, ""offered_bps"": 775253.7069153098}, ""ue8"": {""delivered_bps"": 739654.6593220767, ""delivery_ratio"": 1.0, ""offered_bps"": 576230.2307865565}}"
1785385528.2187843,round-3-ue10-1785385500,MEDIUM_70,2,8.0,1.0,7.962632386418979,5.573842670493284,5.712594831744766,1.0,1.0,0.0,12.344967402684567,58.530063,0.0,1.0,1,"{""ue1"": {""delivered_bps"": 786378.8702118254, ""delivery_ratio"": 0.8887418340496569, ""offered_bps"": 884822.6111159833}, ""ue10"": {""delivered_bps"": 95993.10587685584, ""delivery_ratio"": 1.0, ""jitter_ms"": 12.344967402684567, ""loss_percent"": 0.0, ""offered_bps"": 95993.10587685584, ""rtt_p95_ms"": 58.530063}, ""ue2"": {""delivered_bps"": 616071.5217350044, ""delivery_ratio"": 0.7384495364647031, ""offered_bps"": 834277.0782745988}, ""ue3"": {""delivered_bps"": 633289.0734190351, ""delivery_ratio"": 1.0, ""offered_bps"": 501973.9212650499}, ""ue4"": {""delivered_bps"": 710051.9914638456, ""delivery_ratio"": 0.8195673070723054, ""offered_bps"": 866374.2261759131}, ""ue5"": {""delivered_bps"": 573443.6800191515, ""delivery_ratio"": 1.0, ""offered_bps"": 474210.24572330376}, ""ue6"": {""delivered_bps"": 880035.3107384345, ""delivery_ratio"": 1.0, ""offered_bps"": 701637.5866470883}, ""ue7"": {""delivered_bps"": 773669.7248353929, ""delivery_ratio"": 0.9203327887287245, ""offered_bps"": 840641.2705387576}, ""ue8"": {""delivered_bps"": 739654.6593220767, ""delivery_ratio"": 1.0, ""offered_bps"": 469905.73075258924}}"
1785385529.2666714,round-3-ue10-1785385500,MEDIUM_70,3,8.0,1.0,8.055990573663166,5.639193401564216,5.855971364927962,1.0,0.9933333333333333,0.6666666666666666,11.531235020408165,53.879385,0.0,1.0,1,"{""ue1"": {""delivered_bps"": 947728.4222515686, ""delivery_ratio"": 1.0, ""offered_bps"": 934260.8866618555}, ""ue10"": {""delivered_bps"": 94073.62528605777, ""delivery_ratio"": 0.9933333333333333, ""jitter_ms"": 11.531235020408165, ""loss_percent"": 0.6666666666666666, ""offered_bps"": 95993.49518985486, ""rtt_p95_ms"": 53.879385}, ""ue2"": {""delivered_bps"": 736231.2428472564, ""delivery_ratio"": 1.0, ""offered_bps"": 571294.5035492729}, ""ue3"": {""delivered_bps"": 505427.4329117557, ""delivery_ratio"": 1.0, ""offered_bps"": 463228.85391628946}, ""ue4"": {""delivered_bps"": 739174.4243035435, ""delivery_ratio"": 1.0, ""offered_bps"": 546274.2304674801}, ""ue5"": {""delivered_bps"": 488424.1617811399, ""delivery_ratio"": 1.0, ""offered_bps"": 455564.83772609686}, ""ue6"": {""delivered_bps"": 798789.8443447523, ""delivery_ratio"": 0.9623491154680675, ""offered_bps"": 830041.6465351421}, ""ue7"": {""delivered_bps"": 905116.2733409757, ""delivery_ratio"": 1.0, ""offered_bps"": 893528.4427080792}, ""ue8"": {""delivered_bps"": 735079.56314697, ""delivery_ratio"": 0.7778619715840952, ""offered_bps"": 945000.0}}"
1785385530.3084743,round-3-ue10-1785385500,MEDIUM_70,4,8.0,1.0,7.74020793191204,5.418145552338427,5.855971364927962,1.0,1.0,0.0,11.920874140000006,53.879385,0.0,1.0,1,"{""ue1"": {""delivered_bps"": 947728.4222515686, ""delivery_ratio"": 1.0, ""offered_bps"": 943185.0610715619}, ""ue10"": {""delivered_bps"": 99832.94948541334, ""delivery_ratio"": 1.0, ""jitter_ms"": 11.920874140000006, ""loss_percent"": 0.0, ""offered_bps"": 95993.22065905128, ""rtt_p95_ms"": 53.879385}, ""ue2"": {""delivered_bps"": 736231.2428472564, ""delivery_ratio"": 0.997685829256219, ""offered_bps"": 737938.9595982549}, ""ue3"": {""delivered_bps"": 505427.4329117557, ""delivery_ratio"": 1.0, ""offered_bps"": 456471.99054381903}, ""ue4"": {""delivered_bps"": 739174.4243035435, ""delivery_ratio"": 1.0, ""offered_bps"": 463161.64153879945}, ""ue5"": {""delivered_bps"": 488424.1617811399, ""delivery_ratio"": 1.0, ""offered_bps"": 463412.64784209843}, ""ue6"": {""delivered_bps"": 798789.8443447523, ""delivery_ratio"": 1.0, ""offered_bps"": 695204.1645084217}, ""ue7"": {""delivered_bps"": 905116.2733409757, ""delivery_ratio"": 0.9740676455899696, ""offered_bps"": 929212.9529595127}, ""ue8"": {""delivered_bps"": 735079.56314697, ""delivery_ratio"": 1.0, ""offered_bps"": 729558.1342759602}}"
1785385531.3473432,round-3-ue10-1785385500,MEDIUM_70,5,8.0,1.0,8.026169792922015,5.618318855045411,5.759843521171084,1.0,1.0,0.0,12.093113818791949,48.822996,0.0,1.0,1,"{""ue1"": {""delivered_bps"": 965227.826964544, ""delivery_ratio"": 1.0, ""offered_bps"": 910051.1297351173}, ""ue10"": {""delivered_bps"": 94073.58209584908, ""delivery_ratio"": 1.0, ""jitter_ms"": 12.093113818791949, ""loss_percent"": 0.0, ""offered_bps"": 95993.45111821334, ""rtt_p95_ms"": 48.822996}, ""ue2"": {""delivered_bps"": 663100.5145276504, ""delivery_ratio"": 1.0, ""offered_bps"": 533753.4978204472}, ""ue3"": {""delivered_bps"": 492772.3112135175, ""delivery_ratio"": 1.0, ""offered_bps"": 482607.2090282748}, ""ue4"": {""delivered_bps"": 735457.5932868371, ""delivery_ratio"": 0.7782620034781345, ""offered_bps"": 945000.0}, ""ue5"": {""delivered_bps"": 505687.35960913013, ""delivery_ratio"": 1.0, ""offered_bps"": 496904.10145811184}, ""ue6"": {""delivered_bps"": 701429.561500999, ""delivery_ratio"": 1.0, ""offered_bps"": 649481.605364678}, ""ue7"": {""delivered_bps"": 973629.8101215411, ""delivery_ratio"": 1.0, ""offered_bps"": 944533.5900754713}, ""ue8"": {""delivered_bps"": 722538.543946864, ""delivery_ratio"": 1.0, ""offered_bps"": 655987.7215633101}}"
1785385535.3883035,round-3-ue10-1785385500,STRONG_40,0,8.0,1.0,8.33683385513919,3.3347335420556763,3.3587108330606523,1.0,1.0,0.0,11.624501216216215,42.185697,0.0,1.0,1,"{""ue1"": {""delivered_bps"": 360855.47767973255, ""delivery_ratio"": 1.0, ""offered_bps"": 315764.33973990363}, ""ue10"": {""delivered_bps"": 95993.64304916686, ""delivery_ratio"": 1.0, ""jitter_ms"": 11.624501216216215, ""loss_percent"": 0.0, ""offered_bps"": 95993.64304916686, ""rtt_p95_ms"": 42.185697}, ""ue2"": {""delivered_bps"": 403474.6917486635, ""delivery_ratio"": 0.9133885846694093, ""offered_bps"": 441733.8890814982}, ""ue3"": {""delivered_bps"": 445885.92917236325, ""delivery_ratio"": 0.9846046914530299, ""offered_bps"": 452857.81496160384}, ""ue4"": {""delivered_bps"": 394867.6582767848, ""delivery_ratio"": 1.0, ""offered_bps"": 271473.092719683}, ""ue5"": {""delivered_bps"": 445885.92917236325, ""delivery_ratio"": 0.9965157598565556, ""offered_bps"": 447444.93477609096}, ""ue6"": {""delivered_bps"": 377861.56797825865, ""delivery_ratio"": 0.8223961041138899, ""offered_bps"": 459464.19990084285}, ""ue7"": {""delivered_bps"": 496904.2000679417, ""delivery_ratio"": 1.0, ""offered_bps"": 459058.4482142195}, ""ue8"": {""delivered_bps"": 432975.3789645452, ""delivery_ratio"": 0.8891818380004424, ""offered_bps"": 486936.8226618342}}"
1785385536.4296906,round-3-ue10-1785385500,STRONG_40,1,8.0,1.0,7.953860657021577,3.181544262808631,3.3587108330606523,1.0,0.9933333333333333,0.6666666666666666,12.069368244897953,49.107728,0.0,1.0,1,"{""ue1"": {""delivered_bps"": 360855.47767973255, ""delivery_ratio"": 1.0, ""offered_bps"": 277562.3215981257}, ""ue10"": {""delivered_bps"": 95990.86933262287, ""delivery_ratio"": 0.9933333333333333, ""jitter_ms"": 12.069368244897953, ""loss_percent"": 0.6666666666666666, ""offered_bps"": 95990.86933262287, ""rtt_p95_ms"": 49.107728}, ""ue2"": {""delivered_bps"": 403474.6917486635, ""delivery_ratio"": 0.8058281505261631, ""offered_bps"": 500695.70228493}, ""ue3"": {""delivered_bps"": 445885.92917236325, ""delivery_ratio"": 0.8987439444805649, ""offered_bps"": 496121.205500935}, ""ue4"": {""delivered_bps"": 394867.6582767848, ""delivery_ratio"": 0.9436343543319752, ""offered_bps"": 418454.093435717}, ""ue5"": {""delivered_bps"": 445885.92917236325, ""delivery_ratio"": 0.9143650711378786, ""offered_bps"": 487645.4090896998}, ""ue6"": {""delivered_bps"": 377861.56797825865, ""delivery_ratio"": 1.0, ""offered_bps"": 298791.7832035122}, ""ue7"": {""delivered_bps"": 496904.2000679417, ""delivery_ratio"": 1.0, ""offered_bps"": 419022.9573847933}, ""ue8"": {""delivered_bps"": 432975.3789645452, ""delivery_ratio"": 1.0, ""offered_bps"": 283250.79031091824}}"
1785385537.466586,round-3-ue10-1785385500,STRONG_40,2,8.0,1.0,9.166759105191908,3.6667036420767634,3.5847088106341003,0.9776379987458648,1.0,0.0,10.901556135135136,50.157481,0.0,1.0,1,"{""ue1"": {""delivered_bps"": 284272.87620787043, ""delivery_ratio"": 1.0, ""offered_bps"": 260531.47831810074}, ""ue10"": {""delivered_bps"": 94073.41713239471, ""delivery_ratio"": 1.0, ""jitter_ms"": 10.901556135135136, ""loss_percent"": 0.0, ""offered_bps"": 95993.28278815786, ""rtt_p95_ms"": 50.157481}, ""ue2"": {""delivered_bps"": 522607.0252068702, ""delivery_ratio"": 1.0, ""offered_bps"": 503625.9682134947}, ""ue3"": {""delivered_bps"": 535311.7794401838, ""delivery_ratio"": 1.0, ""offered_bps"": 526406.2290976584}, ""ue4"": {""delivered_bps"": 445962.4751091724, ""delivery_ratio"": 1.0, ""offered_bps"": 432901.7517011578}, ""ue5"": {""delivered_bps"": 526703.2683853693, ""delivery_ratio"": 1.0, ""offered_bps"": 518348.5345236796}, ""ue6"": {""delivered_bps"": 437561.9764032661, ""delivery_ratio"": 0.8102999563023446, ""offered_bps"": 540000.0}, ""ue7"": {""delivered_bps"": 416040.6987662298, ""delivery_ratio"": 1.0, ""offered_bps"": 377287.4786975629}, ""ue8"": {""delivered_bps"": 416248.71111513796, ""delivery_ratio"": 0.8200293652480307, ""offered_bps"": 507602.20152510883}}"
1785385538.5140738,round-3-ue10-1785385500,STRONG_40,3,8.0,1.0,8.151312510874249,3.2605250043496996,3.5847088106341003,1.0,1.0,0.0,11.267117746666667,51.838802,0.0,1.0,1,"{""ue1"": {""delivered_bps"": 284272.87620787043, ""delivery_ratio"": 1.0, ""offered_bps"": 267628.79910615645}, ""ue10"": {""delivered_bps"": 99832.5676586167, ""delivery_ratio"": 1.0, ""jitter_ms"": 11.267117746666667, ""loss_percent"": 0.0, ""offered_bps"": 95992.85351790067, ""rtt_p95_ms"": 51.838802}, ""ue2"": {""delivered_bps"": 522607.0252068702, ""delivery_ratio"": 1.0, ""offered_bps"": 387100.52669294854}, ""ue3"": {""delivered_bps"": 535311.7794401838, ""delivery_ratio"": 0.9920347029808928, ""offered_bps"": 539609.9328296323}, ""ue4"": {""delivered_bps"": 445962.4751091724, ""delivery_ratio"": 1.0, ""offered_bps"": 325683.46013129596}, ""ue5"": {""delivered_bps"": 526703.2683853693, ""delivery_ratio"": 0.9822491554306713, ""offered_bps"": 536221.655649512}, ""ue6"": {""delivered_bps"": 437561.9764032661, ""delivery_ratio"": 1.0, ""offered_bps"": 395579.39705930254}, ""ue7"": {""delivered_bps"": 416040.6987662298, ""delivery_ratio"": 1.0, ""offered_bps"": 337563.12426488847}, ""ue8"": {""delivered_bps"": 416248.71111513796, ""delivery_ratio"": 0.8834961628086702, ""offered_bps"": 471138.1086159632}}"
1785385539.5515518,round-3-ue10-1785385500,STRONG_40,4,8.0,1.0,8.702575980220725,3.481030392088291,3.525242158656262,1.0,1.0,0.0,10.445033378378382,45.938561,0.0,1.0,1,"{""ue1"": {""delivered_bps"": 297147.2777112173, ""delivery_ratio"": 0.9984324990567672, ""offered_bps"": 297613.78760400566}, ""ue10"": {""delivered_bps"": 92153.47599916643, ""delivery_ratio"": 1.0, ""jitter_ms"": 10.445033378378382, ""loss_percent"": 0.0, ""offered_bps"": 95993.20416579836, ""rtt_p95_ms"": 45.938561}, ""ue2"": {""delivered_bps"": 479918.53171288344, ""delivery_ratio"": 0.8958621361568879, ""offered_bps"": 535705.7881379615}, ""ue3"": {""delivered_bps"": 560856.8872796227, ""delivery_ratio"": 1.0, ""offered_bps"": 533954.6278949889}, ""ue4"": {""delivered_bps"": 343864.01980548067, ""delivery_ratio"": 1.0, ""offered_bps"": 330179.04446695745}, ""ue5"": {""delivered_bps"": 560856.8872796227, ""delivery_ratio"": 1.0, ""offered_bps"": 539329.5811226651}, ""ue6"": {""delivered_bps"": 484222.2315838961, ""delivery_ratio"": 0.911433143790257, ""offered_bps"": 531275.6452658995}, ""ue7"": {""delivered_bps"": 335464.6055590806, ""delivery_ratio"": 1.0, ""offered_bps"": 303405.31497338327}, ""ue8"": {""delivered_bps"": 462911.71772445814, ""delivery_ratio"": 1.0, ""offered_bps"": 409566.6026224294}}"
1785385540.5907981,round-3-ue10-1785385500,STRONG_40,5,8.0,1.0,8.30593060669397,3.3223722426775883,3.525242158656262,1.0,1.0,0.0,11.777605539473678,51.838802,0.0,1.0,1,"{""ue1"": {""delivered_bps"": 297147.2777112173, ""delivery_ratio"": 0.8605266245340208, ""offered_bps"": 345308.6391976819}, ""ue10"": {""delivered_bps"": 101752.7818230213, ""delivery_ratio"": 1.0, ""jitter_ms"": 11.777605539473678, ""loss_percent"": 0.0, ""offered_bps"": 95993.19039907669, ""rtt_p95_ms"": 51.838802}, ""ue2"": {""delivered_bps"": 479918.53171288344, ""delivery_ratio"": 1.0, ""offered_bps"": 271791.40858812525}, ""ue3"": {""delivered_bps"": 560856.8872796227, ""delivery_ratio"": 1.0, ""offered_bps"": 510201.1828146934}, ""ue4"": {""delivered_bps"": 343864.01980548067, ""delivery_ratio"": 0.7976411880426081, ""offered_bps"": 431101.1328907357}, ""ue5"": {""delivered_bps"": 560856.8872796227, ""delivery_ratio"": 1.0, ""offered_bps"": 527335.3638057528}, ""ue6"": {""delivered_bps"": 484222.2315838961, ""delivery_ratio"": 0.937492444477918, ""offered_bps"": 516507.87634193205}, ""ue7"": {""delivered_bps"": 335464.6055590806, ""delivery_ratio"": 1.0, ""offered_bps"": 277826.0467427998}, ""ue8"": {""delivered_bps"": 462911.71772445814, ""delivery_ratio"": 1.0, ""offered_bps"": 442300.5922958678}}"
1785385548.6778316,round-3-ue9-ue10-1785385541,EQUAL_100,0,8.0,2.0,7.057919463916587,7.057919463916587,5.721395240563773,0.8106348152333338,0.9933774834437086,0.6622516556291391,12.826062560810804,86.454641,1.0,1.0,1,"{""ue1"": {""delivered_bps"": 896481.9879330324, ""delivery_ratio"": 0.8404932827446155, ""offered_bps"": 1066614.1019064267}, ""ue10"": {""delivered_bps"": 101753.52330931107, ""delivery_ratio"": 1.0, ""jitter_ms"": 12.09363263513514, ""loss_percent"": 0.0, ""offered_bps"": 95993.88991444441, ""rtt_p95_ms"": 86.454641}, ""ue2"": {""delivered_bps"": 737826.4814040279, ""delivery_ratio"": 0.7586445011594222, ""offered_bps"": 972558.9261853497}, ""ue3"": {""delivered_bps"": 479805.3462395956, ""delivery_ratio"": 0.695804039521235, ""offered_bps"": 689569.6474681828}, ""ue4"": {""delivered_bps"": 879895.0577716676, ""delivery_ratio"": 1.0, ""offered_bps"": 787618.4198663479}, ""ue5"": {""delivered_bps"": 509716.2039076305, ""delivery_ratio"": 0.783231235766584, ""offered_bps"": 650786.3586527522}, ""ue6"": {""delivered_bps"": 679540.2967289909, ""delivery_ratio"": 0.648133605331489, ""offered_bps"": 1048457.1254123427}, ""ue7"": {""delivered_bps"": 713753.8392701282, ""delivery_ratio"": 0.6443143367294617, ""offered_bps"": 1107772.710588967}, ""ue8"": {""delivered_bps"": 824376.0273087001, ""delivery_ratio"": 1.0, ""offered_bps"": 734542.173836218}, ""ue9"": {""delivered_bps"": 95994.05332985491, ""delivery_ratio"": 0.9933774834437086, ""jitter_ms"": 12.826062560810804, ""loss_percent"": 0.6622516556291391, ""offered_bps"": 95994.05332985491, ""rtt_p95_ms"": 80.857224}}"
1785385549.7225049,round-3-ue9-ue10-1785385541,EQUAL_100,1,8.0,2.0,7.418671269557134,7.418671269557134,7.547558107933789,1.0,0.9866666666666667,1.3333333333333333,12.6234451780822,87.464478,1.0,1.0,1,"{""ue1"": {""delivered_bps"": 1033358.6891531508, ""delivery_ratio"": 1.0, ""offered_bps"": 921089.1422210323}, ""ue10"": {""delivered_bps"": 86394.04357313023, ""delivery_ratio"": 0.9866666666666667, ""jitter_ms"": 12.6234451780822, ""loss_percent"": 1.3333333333333333, ""offered_bps"": 95993.38174792247, ""rtt_p95_ms"": 87.464478}, ""ue2"": {""delivered_bps"": 986623.9142795407, ""delivery_ratio"": 1.0, ""offered_bps"": 915476.6746442298}, ""ue3"": {""delivered_bps"": 760928.5622657691, ""delivery_ratio"": 0.9895522244233498, ""offered_bps"": 768962.5099970762}, ""ue4"": {""delivered_bps"": 769331.2187070859, ""delivery_ratio"": 1.0, ""offered_bps"": 687737.462800781}, ""ue5"": {""delivered_bps"": 684472.3911797295, ""delivery_ratio"": 1.0, ""offered_bps"": 662100.2581820523}, ""ue6"": {""delivered_bps"": 1093217.6131351036, ""delivery_ratio"": 1.0, ""offered_bps"": 1051526.2659512556}, ""ue7"": {""delivered_bps"": 1203284.4099864105, ""delivery_ratio"": 1.0, ""offered_bps"": 1201167.4646462162}, ""ue8"": {""delivered_bps"": 1016341.3092269981, ""delivery_ratio"": 0.8395272279229349, ""offered_bps"": 1210611.4911144895}, ""ue9"": {""delivered_bps"": 94073.43771994239, ""delivery_ratio"": 1.0, ""jitter_ms"": 12.023724593333327, ""loss_percent"": 0.0, ""offered_bps"": 95993.30379585958, ""rtt_p95_ms"": 57.191977}}"
1785385550.7708366,round-3-ue9-ue10-1785385541,EQUAL_100,2,8.0,2.0,8.383731039432073,8.383731039432073,7.547558107933789,0.9002624335674146,0.9733333333333334,2.6666666666666665,13.914923291666664,133.985337,1.0,1.0,0,"{""ue1"": {""delivered_bps"": 1033358.6891531508, ""delivery_ratio"": 1.0, ""offered_bps"": 789198.3568780927}, ""ue10"": {""delivered_bps"": 105591.57060621525, ""delivery_ratio"": 1.0, ""jitter_ms"": 12.913535888157899, ""loss_percent"": 0.0, ""offered_bps"": 95992.33691474113, ""rtt_p95_ms"": 133.985337}, ""ue2"": {""delivered_bps"": 986623.9142795407, ""delivery_ratio"": 1.0, ""offered_bps"": 737089.629818369}, ""ue3"": {""delivered_bps"": 760928.5622657691, ""delivery_ratio"": 0.8651024973016022, ""offered_bps"": 879581.9739732936}, ""ue4"": {""delivered_bps"": 769331.2187070859, ""delivery_ratio"": 0.5892418255240979, ""offered_bps"": 1305629.0055832486}, ""ue5"": {""delivered_bps"": 684472.3911797295, ""delivery_ratio"": 0.9639924341566722, ""offered_bps"": 710039.1734697848}, ""ue6"": {""delivered_bps"": 1093217.6131351036, ""delivery_ratio"": 0.8162530681860457, ""offered_bps"": 1339312.1027582225}, ""ue7"": {""delivered_bps"": 1203284.4099864105, ""delivery_ratio"": 0.9425326991551592, ""offered_bps"": 1276650.0420250422}, ""ue8"": {""delivered_bps"": 1016341.3092269981, ""delivery_ratio"": 0.754953268975681, ""offered_bps"": 1346230.7549260205}, ""ue9"": {""delivered_bps"": 88314.31699725527, ""delivery_ratio"": 0.9733333333333334, ""jitter_ms"": 13.914923291666664, ""loss_percent"": 2.6666666666666665, ""offered_bps"": 95993.82282310355, ""rtt_p95_ms"": 80.1852}}"
1785385551.8091166,round-3-ue9-ue10-1785385541,EQUAL_100,3,8.0,2.0,7.677923229914851,7.677923229914851,8.194072741999687,1.0,1.0,0.0,14.306509103896111,148.088141,1.0,1.0,0,"{""ue1"": {""delivered_bps"": 773126.752322056, ""delivery_ratio"": 1.0, ""offered_bps"": 693779.0005567812}, ""ue10"": {""delivered_bps"": 99835.06525112955, ""delivery_ratio"": 1.0, ""jitter_ms"": 14.306509103896111, ""loss_percent"": 0.0, ""offered_bps"": 95995.25504916302, ""rtt_p95_ms"": 148.088141}, ""ue2"": {""delivered_bps"": 1028371.1819565688, ""delivery_ratio"": 0.832711683281085, ""offered_bps"": 1234966.6788684148}, ""ue3"": {""delivered_bps"": 981671.2039874701, ""delivery_ratio"": 0.8668990437876248, ""offered_bps"": 1132393.917172162}, ""ue4"": {""delivered_bps"": 1028371.1819565688, ""delivery_ratio"": 1.0, ""offered_bps"": 669694.8435236462}, ""ue5"": {""delivered_bps"": 782419.5641039024, ""delivery_ratio"": 0.9911551016260843, ""offered_bps"": 789401.7422906553}, ""ue6"": {""delivered_bps"": 1096379.8492481546, ""delivery_ratio"": 1.0, ""offered_bps"": 766841.9697952723}, ""ue7"": {""delivered_bps"": 1356342.6600799905, ""delivery_ratio"": 1.0, ""offered_bps"": 1327561.1914198748}, ""ue8"": {""delivered_bps"": 1147390.3483449772, ""delivery_ratio"": 1.0, ""offered_bps"": 1063283.8862880454}, ""ue9"": {""delivered_bps"": 94073.53294841848, ""delivery_ratio"": 1.0, ""jitter_ms"": 14.209551087248323, ""loss_percent"": 0.0, ""offered_bps"": 95993.40096777395, ""rtt_p95_ms"": 126.056505}}"
1785385552.8605027,round-3-ue9-ue10-1785385541,EQUAL_100,4,8.0,2.0,7.938016835778746,7.938016835778746,8.194072741999687,1.0,1.0,0.0,14.18188627027028,116.546381,1.0,1.0,1,"{""ue1"": {""delivered_bps"": 773126.752322056, ""delivery_ratio"": 1.0, ""offered_bps"": 669148.5716923529}, ""ue10"": {""delivered_bps"": 94072.56853904118, ""delivery_ratio"": 1.0, ""jitter_ms"": 14.18188627027028, ""loss_percent"": 0.0, ""offered_bps"": 95992.41687657264, ""rtt_p95_ms"": 115.770539}, ""ue2"": {""delivered_bps"": 1028371.1819565688, ""delivery_ratio"": 0.7629635088235818, ""offered_bps"": 1347864.1770721392}, ""ue3"": {""delivered_bps"": 981671.2039874701, ""delivery_ratio"": 0.7913467611160475, ""offered_bps"": 1240507.009345695}, ""ue4"": {""delivered_bps"": 1028371.1819565688, ""delivery_ratio"": 1.0, ""offered_bps"": 924771.3948291476}, ""ue5"": {""delivered_bps"": 782419.5641039024, ""delivery_ratio"": 0.7781170693100752, ""offered_bps"": 1005529.366934004}, ""ue6"": {""delivered_bps"": 1096379.8492481546, ""delivery_ratio"": 1.0, ""offered_bps"": 669287.6663036136}, ""ue7"": {""delivered_bps"": 1356342.6600799905, ""delivery_ratio"": 1.0, ""offered_bps"": 1349352.2213118882}, ""ue8"": {""delivered_bps"": 1147390.3483449772, ""delivery_ratio"": 1.0, ""offered_bps"": 731556.4282899058}, ""ue9"": {""delivered_bps"": 94073.45340152731, ""delivery_ratio"": 1.0, ""jitter_ms"": 11.988928315789478, ""loss_percent"": 0.0, ""offered_bps"": 95993.31979747684, ""rtt_p95_ms"": 116.546381}}"
1785385553.9004328,round-3-ue9-ue10-1785385541,EQUAL_100,5,8.0,2.0,8.302843083123436,8.302843083123436,8.572502503286241,1.0,0.9666666666666667,3.3333333333333335,13.678192639455784,136.937434,1.0,1.0,0,"{""ue1"": {""delivered_bps"": 692529.8544443141, ""delivery_ratio"": 0.9305600160937334, ""offered_bps"": 744207.619570189}, ""ue10"": {""delivered_bps"": 90234.1379507912, ""delivery_ratio"": 0.9933333333333333, ""jitter_ms"": 13.678192639455784, ""loss_percent"": 0.6666666666666666, ""offered_bps"": 95993.76377743746, ""rtt_p95_ms"": 136.937434}, ""ue2"": {""delivered_bps"": 1164579.8696869754, ""delivery_ratio"": 0.864018711600973, ""offered_bps"": 1347864.1770721392}, ""ue3"": {""delivered_bps"": 1232599.4797929379, ""delivery_ratio"": 0.9365368946830009, ""offered_bps"": 1316124.8497424633}, ""ue4"": {""delivered_bps"": 1185887.9883749203, ""delivery_ratio"": 1.0, ""offered_bps"": 932731.5278199993}, ""ue5"": {""delivered_bps"": 990227.6282606146, ""delivery_ratio"": 0.885012267634342, ""offered_bps"": 1118885.7651742112}, ""ue6"": {""delivered_bps"": 969123.4724204709, ""delivery_ratio"": 1.0, ""offered_bps"": 669287.6663036136}, ""ue7"": {""delivered_bps"": 1402648.505057844, ""delivery_ratio"": 1.0, ""offered_bps"": 1300623.2421613287}, ""ue8"": {""delivered_bps"": 934905.7052481628, ""delivery_ratio"": 1.0, ""offered_bps"": 873118.235279492}, ""ue9"": {""delivered_bps"": 88313.91766417006, ""delivery_ratio"": 0.9666666666666667, ""jitter_ms"": 12.388828195804201, ""loss_percent"": 3.3333333333333335, ""offered_bps"": 95993.38876540224, ""rtt_p95_ms"": 82.416196}}"
1785385557.9431832,round-3-ue9-ue10-1785385541,LIGHT_85,0,8.0,2.0,9.79751990885712,8.327891922528552,7.8802955889783775,0.9462533450585087,0.9666666666666667,3.3333333333333335,13.72116931468532,114.217011,1.0,1.0,0,"{""ue1"": {""delivered_bps"": 956638.4566096182, ""delivery_ratio"": 0.8901264998123417, ""offered_bps"": 1074721.915156215}, ""ue10"": {""delivered_bps"": 90234.15580751623, ""delivery_ratio"": 0.9933333333333333, ""jitter_ms"": 13.006648619047619, ""loss_percent"": 0.6666666666666666, ""offered_bps"": 95993.78277395344, ""rtt_p95_ms"": 94.393947}, ""ue2"": {""delivered_bps"": 948012.129716033, ""delivery_ratio"": 0.8261543614083077, ""offered_bps"": 1147500.0}, ""ue3"": {""delivered_bps"": 1221307.1231916626, ""delivery_ratio"": 1.0, ""offered_bps"": 1001886.3540207424}, ""ue4"": {""delivered_bps"": 790666.6474252508, ""delivery_ratio"": 0.6890341154032688, ""offered_bps"": 1147500.0}, ""ue5"": {""delivered_bps"": 1164566.128307014, ""delivery_ratio"": 1.0, ""offered_bps"": 1146050.703811527}, ""ue6"": {""delivered_bps"": 980325.8623540342, ""delivery_ratio"": 1.0, ""offered_bps"": 864731.5139419693}, ""ue7"": {""delivered_bps"": 973211.242259603, ""delivery_ratio"": 1.0, ""offered_bps"": 801476.712988906}, ""ue8"": {""delivered_bps"": 845567.9991151618, ""delivery_ratio"": 0.7391168935463773, ""offered_bps"": 1144024.7226091917}, ""ue9"": {""delivered_bps"": 92152.96872858652, ""delivery_ratio"": 0.9666666666666667, ""jitter_ms"": 13.72116931468532, ""loss_percent"": 3.3333333333333335, ""offered_bps"": 95992.6757589443, ""rtt_p95_ms"": 114.217011}}"
1785385558.9840727,round-3-ue9-ue10-1785385541,LIGHT_85,1,8.0,2.0,8.391234529654408,7.132549350206246,7.8802955889783775,1.0,0.98,2.0,16.23505863945579,149.380849,1.0,1.0,0,"{""ue1"": {""delivered_bps"": 956638.4566096182, ""delivery_ratio"": 0.8431601609460444, ""offered_bps"": 1134586.8803101995}, ""ue10"": {""delivered_bps"": 94073.7041323828, ""delivery_ratio"": 0.98, ""jitter_ms"": 12.348867075862069, ""loss_percent"": 2.0, ""offered_bps"": 95993.57564528857, ""rtt_p95_ms"": 98.897577}, ""ue2"": {""delivered_bps"": 948012.129716033, ""delivery_ratio"": 0.9707905028497142, ""offered_bps"": 976536.2629044924}, ""ue3"": {""delivered_bps"": 1221307.1231916626, ""delivery_ratio"": 1.0, ""offered_bps"": 899206.302464318}, ""ue4"": {""delivered_bps"": 790666.6474252508, ""delivery_ratio"": 0.9046220393080122, ""offered_bps"": 874029.8302151348}, ""ue5"": {""delivered_bps"": 1164566.128307014, ""delivery_ratio"": 1.0, ""offered_bps"": 1120484.6684288897}, ""ue6"": {""delivered_bps"": 980325.8623540342, ""delivery_ratio"": 1.0, ""offered_bps"": 857241.1396018468}, ""ue7"": {""delivered_bps"": 973211.242259603, ""delivery_ratio"": 1.0, ""offered_bps"": 717113.4582216458}, ""ue8"": {""delivered_bps"": 845567.9991151618, ""delivery_ratio"": 1.0, ""offered_bps"": 553350.808059719}, ""ue9"": {""delivered_bps"": 97913.06264140962, ""delivery_ratio"": 0.9933333333333333, ""jitter_ms"": 16.23505863945579, ""loss_percent"": 0.6666666666666666, ""offered_bps"": 95993.19866804866, ""rtt_p95_ms"": 149.380849}}"
1785385560.0212595,round-3-ue9-ue10-1785385541,LIGHT_85,2,8.0,2.0,8.496458152635475,7.2219894297401535,8.063542443112224,1.0,0.9933333333333333,0.6666666666666666,17.28635767114094,162.613333,1.0,1.0,0,"{""ue1"": {""delivered_bps"": 1147683.5781247206, ""delivery_ratio"": 1.0, ""offered_bps"": 1145245.4519620214}, ""ue10"": {""delivered_bps"": 99833.41140956058, ""delivery_ratio"": 0.9933333333333333, ""jitter_ms"": 15.369007707482995, ""loss_percent"": 0.6666666666666666, ""offered_bps"": 95993.66481688517, ""rtt_p95_ms"": 111.236173}, ""ue2"": {""delivered_bps"": 1105271.2891838239, ""delivery_ratio"": 0.9795896158184023, ""offered_bps"": 1128300.3324411726}, ""ue3"": {""delivered_bps"": 990321.3472598924, ""delivery_ratio"": 1.0, ""offered_bps"": 789850.940236004}, ""ue4"": {""delivered_bps"": 1054251.753373745, ""delivery_ratio"": 1.0, ""offered_bps"": 741184.7027476289}, ""ue5"": {""delivered_bps"": 1181904.5837997783, ""delivery_ratio"": 1.0, ""offered_bps"": 1065600.983078175}, ""ue6"": {""delivered_bps"": 901193.1459435079, ""delivery_ratio"": 1.0, ""offered_bps"": 612938.6113718519}, ""ue7"": {""delivered_bps"": 794638.4694370548, ""delivery_ratio"": 1.0, ""offered_bps"": 644554.3049730337}, ""ue8"": {""delivered_bps"": 888278.2759897022, ""delivery_ratio"": 0.8117214916733158, ""offered_bps"": 1094314.1029302664}, ""ue9"": {""delivered_bps"": 97916.37111642193, ""delivery_ratio"": 1.0, ""jitter_ms"": 17.28635767114094, ""loss_percent"": 0.0, ""offered_bps"": 95996.44227100188, ""rtt_p95_ms"": 162.613333}}"
1785385561.0621076,round-3-ue9-ue10-1785385541,LIGHT_85,3,8.0,2.0,8.083048793937486,6.870591474846862,7.35357717417474,1.0,1.0,0.0,14.826692249999995,162.613333,1.0,1.0,0,"{""ue1"": {""delivered_bps"": 1173523.3872923364, ""delivery_ratio"": 1.0, ""offered_bps"": 1104841.5731542942}, ""ue10"": {""delivered_bps"": 92152.68904990231, ""delivery_ratio"": 1.0, ""jitter_ms"": 14.438286540540552, ""loss_percent"": 0.0, ""offered_bps"": 95992.38442698157, ""rtt_p95_ms"": 111.236173}, ""ue2"": {""delivered_bps"": 896850.2971661211, ""delivery_ratio"": 1.0, ""offered_bps"": 588282.9617107762}, ""ue3"": {""delivered_bps"": 769168.8724099953, ""delivery_ratio"": 1.0, ""offered_bps"": 688649.5503151095}, ""ue4"": {""delivered_bps"": 943783.2318165853, ""delivery_ratio"": 0.8761568116173262, ""offered_bps"": 1077185.292977892}, ""ue5"": {""delivered_bps"": 1071256.634700752, ""delivery_ratio"": 1.0, ""offered_bps"": 987352.158835305}, ""ue6"": {""delivered_bps"": 807496.9023184591, ""delivery_ratio"": 0.8677917400415467, ""offered_bps"": 930519.2306621853}, ""ue7"": {""delivered_bps"": 649956.3380949736, ""delivery_ratio"": 1.0, ""offered_bps"": 590254.0657008032}, ""ue8"": {""delivered_bps"": 1041541.5103755178, ""delivery_ratio"": 1.0, ""offered_bps"": 903506.6414904965}, ""ue9"": {""delivered_bps"": 97913.40425665808, ""delivery_ratio"": 1.0, ""jitter_ms"": 14.826692249999995, ""loss_percent"": 0.0, ""offered_bps"": 95993.5335849589, ""rtt_p95_ms"": 162.613333}}"
1785385562.1072035,round-3-ue9-ue10-1785385541,LIGHT_85,4,8.0,2.0,8.058341509577676,6.8495902831410245,7.35357717417474,1.0,1.0,0.0,14.492218848684221,130.981219,1.0,1.0,0,"{""ue1"": {""delivered_bps"": 1173523.3872923364, ""delivery_ratio"": 1.0, ""offered_bps"": 1020350.2975728933}, ""ue10"": {""delivered_bps"": 101753.21671644918, ""delivery_ratio"": 1.0, ""jitter_ms"": 14.492218848684221, ""loss_percent"": 0.0, ""offered_bps"": 95993.60067589546, ""rtt_p95_ms"": 111.285246}, ""ue2"": {""delivered_bps"": 896850.2971661211, ""delivery_ratio"": 1.0, ""offered_bps"": 691228.6313496925}, ""ue3"": {""delivered_bps"": 769168.8724099953, ""delivery_ratio"": 1.0, ""offered_bps"": 609257.2158602369}, ""ue4"": {""delivered_bps"": 943783.2318165853, ""delivery_ratio"": 1.0, ""offered_bps"": 935566.1793158813}, ""ue5"": {""delivered_bps"": 1071256.634700752, ""delivery_ratio"": 1.0, ""offered_bps"": 894216.1457173522}, ""ue6"": {""delivered_bps"": 807496.9023184591, ""delivery_ratio"": 0.7441600899592247, ""offered_bps"": 1085111.8102325334}, ""ue7"": {""delivered_bps"": 649956.3380949736, ""delivery_ratio"": 1.0, ""offered_bps"": 559038.0027176614}, ""ue8"": {""delivered_bps"": 1041541.5103755178, ""delivery_ratio"": 0.9874097335905608, ""offered_bps"": 1054822.0003747738}, ""ue9"": {""delivered_bps"": 99831.90953255464, ""delivery_ratio"": 1.0, ""jitter_ms"": 13.355109653594777, ""loss_percent"": 0.0, ""offered_bps"": 95992.22070437946, ""rtt_p95_ms"": 130.981219}}"
1785385563.1478887,round-3-ue9-ue10-1785385541,LIGHT_85,5,8.0,2.0,7.467634115238708,6.347488997952902,6.8919045158437715,1.0,1.0,0.0,12.523423179999998,104.725372,1.0,1.0,1,"{""ue1"": {""delivered_bps"": 1007485.6589567894, ""delivery_ratio"": 1.0, ""offered_bps"": 906430.3765017018}, ""ue10"": {""delivered_bps"": 94074.1269699575, ""delivery_ratio"": 1.0, ""jitter_ms"": 11.80499377181208, ""loss_percent"": 0.0, ""offered_bps"": 95994.00711220154, ""rtt_p95_ms"": 95.457398}, ""ue2"": {""delivered_bps"": 790730.6722161634, ""delivery_ratio"": 0.967576641392421, ""offered_bps"": 817227.9470060769}, ""ue3"": {""delivered_bps"": 611962.3119236131, ""delivery_ratio"": 1.0, ""offered_bps"": 562364.9355219401}, ""ue4"": {""delivered_bps"": 858703.3719429644, ""delivery_ratio"": 1.0, ""offered_bps"": 714340.7458492961}, ""ue5"": {""delivered_bps"": 879808.8312037109, ""delivery_ratio"": 1.0, ""offered_bps"": 796273.3974306112}, ""ue6"": {""delivered_bps"": 1079826.6607140559, ""delivery_ratio"": 1.0, ""offered_bps"": 988198.4333953557}, ""ue7"": {""delivered_bps"": 582040.2430702425, ""delivery_ratio"": 1.0, ""offered_bps"": 553682.6967335306}, ""ue8"": {""delivered_bps"": 1081346.7658162324, ""delivery_ratio"": 1.0, ""offered_bps"": 1008970.465514389}, ""ue9"": {""delivered_bps"": 92152.93766262862, ""delivery_ratio"": 1.0, ""jitter_ms"": 12.523423179999998, ""loss_percent"": 0.0, ""offered_bps"": 95992.64339857148, ""rtt_p95_ms"": 104.725372}}"
1785385567.1943533,round-3-ue9-ue10-1785385541,MEDIUM_70,0,8.0,2.0,6.170706132592273,4.319494292814591,4.780299127865717,1.0,0.98,2.0,14.88892862416108,101.896574,1.0,1.0,1,"{""ue1"": {""delivered_bps"": 492709.9192802786, ""delivery_ratio"": 1.0, ""offered_bps"": 455903.09714840393}, ""ue10"": {""delivered_bps"": 84473.99657714664, ""delivery_ratio"": 0.98, ""jitter_ms"": 12.806412537931038, ""loss_percent"": 2.0, ""offered_bps"": 95993.17792857574, ""rtt_p95_ms"": 81.195341}, ""ue2"": {""delivered_bps"": 680026.4180979506, ""delivery_ratio"": 1.0, ""offered_bps"": 527089.1274691818}, ""ue3"": {""delivered_bps"": 603378.0301484676, ""delivery_ratio"": 0.9797245713944284, ""offered_bps"": 615864.9560964752}, ""ue4"": {""delivered_bps"": 535338.5843110558, ""delivery_ratio"": 1.0, ""offered_bps"": 467264.9041520459}, ""ue5"": {""delivered_bps"": 488613.47098903276, ""delivery_ratio"": 1.0, ""offered_bps"": 455538.0673472538}, ""ue6"": {""delivered_bps"": 692731.8085012679, ""delivery_ratio"": 1.0, ""offered_bps"": 614704.8223979047}, ""ue7"": {""delivered_bps"": 624692.3626638562, ""delivery_ratio"": 0.9896957284218701, ""offered_bps"": 631196.381598985}, ""ue8"": {""delivered_bps"": 662808.5338738079, ""delivery_ratio"": 1.0, ""offered_bps"": 551932.9366043406}, ""ue9"": {""delivered_bps"": 90233.37389965985, ""delivery_ratio"": 1.0, ""jitter_ms"": 14.88892862416108, ""loss_percent"": 0.0, ""offered_bps"": 95992.95095708495, ""rtt_p95_ms"": 101.896574}}"
1785385568.2324622,round-3-ue9-ue10-1785385541,MEDIUM_70,1,8.0,2.0,7.3836403422580705,5.168548239580649,4.780299127865717,0.9248823666302025,0.9866666666666667,1.3333333333333333,15.393381145695363,112.489014,1.0,1.0,1,"{""ue1"": {""delivered_bps"": 492709.9192802786, ""delivery_ratio"": 1.0, ""offered_bps"": 468458.7926619444}, ""ue10"": {""delivered_bps"": 95993.65069245081, ""delivery_ratio"": 0.9866666666666667, ""jitter_ms"": 13.503447958904113, ""loss_percent"": 1.3333333333333333, ""offered_bps"": 95993.65069245081, ""rtt_p95_ms"": 112.489014}, ""ue2"": {""delivered_bps"": 680026.4180979506, ""delivery_ratio"": 1.0, ""offered_bps"": 467183.1311069589}, ""ue3"": {""delivered_bps"": 603378.0301484676, ""delivery_ratio"": 0.8562260503648852, ""offered_bps"": 704694.7822848124}, ""ue4"": {""delivered_bps"": 535338.5843110558, ""delivery_ratio"": 0.5870032029012736, ""offered_bps"": 911985.7978033774}, ""ue5"": {""delivered_bps"": 488613.47098903276, ""delivery_ratio"": 1.0, ""offered_bps"": 463518.54710977327}, ""ue6"": {""delivered_bps"": 692731.8085012679, ""delivery_ratio"": 1.0, ""offered_bps"": 526205.4794055705}, ""ue7"": {""delivered_bps"": 624692.3626638562, ""delivery_ratio"": 0.8878730062842047, ""offered_bps"": 703583.0104557708}, ""ue8"": {""delivered_bps"": 662808.5338738079, ""delivery_ratio"": 0.7181656789159886, ""offered_bps"": 922918.6987524414}, ""ue9"": {""delivered_bps"": 97913.05188191296, ""delivery_ratio"": 1.0, ""jitter_ms"": 15.393381145695363, ""loss_percent"": 0.0, ""offered_bps"": 95993.18811952251, ""rtt_p95_ms"": 109.808516}}"
1785385569.2736769,round-3-ue9-ue10-1785385541,MEDIUM_70,2,8.0,2.0,8.283352434145902,5.798346703902132,5.730569758970223,0.9883109878741302,1.0,0.0,15.951296148648643,129.141219,1.0,1.0,0,"{""ue1"": {""delivered_bps"": 518416.1794570295, ""delivery_ratio"": 0.9949229311720748, ""offered_bps"": 521061.645293778}, ""ue10"": {""delivered_bps"": 105592.91285457957, ""delivery_ratio"": 1.0, ""jitter_ms"": 14.098602439189191, ""loss_percent"": 0.0, ""offered_bps"": 95993.55714052687, ""rtt_p95_ms"": 129.141219}, ""ue2"": {""delivered_bps"": 688755.5534384456, ""delivery_ratio"": 0.8078163723604938, ""offered_bps"": 852614.00610866}, ""ue3"": {""delivered_bps"": 782217.5466461569, ""delivery_ratio"": 0.9865363247207527, ""offered_bps"": 792892.7978070854}, ""ue4"": {""delivered_bps"": 880200.7972846109, ""delivery_ratio"": 1.0, ""offered_bps"": 776950.699439168}, ""ue5"": {""delivered_bps"": 505708.6452977037, ""delivery_ratio"": 1.0, ""offered_bps"": 497133.5898838981}, ""ue6"": {""delivered_bps"": 765208.81625847, ""delivery_ratio"": 0.809744779109492, ""offered_bps"": 945000.0}, ""ue7"": {""delivered_bps"": 773815.2098279629, ""delivery_ratio"": 0.9976528609692483, ""offered_bps"": 775635.7347346043}, ""ue8"": {""delivered_bps"": 816247.0107598427, ""delivery_ratio"": 1.0, ""offered_bps"": 637058.230634938}, ""ue9"": {""delivered_bps"": 97912.87694924178, ""delivery_ratio"": 1.0, ""jitter_ms"": 15.951296148648643, ""loss_percent"": 0.0, ""offered_bps"": 95993.01661690371, ""rtt_p95_ms"": 110.545856}}"
1785385570.310504,round-3-ue9-ue10-1785385541,MEDIUM_70,3,8.0,2.0,8.517269940835916,5.9620889585851415,5.730569758970223,0.9611681071478242,1.0,0.0,15.733798040540542,116.427482,1.0,1.0,1,"{""ue1"": {""delivered_bps"": 518416.1794570295, ""delivery_ratio"": 0.8574467669487102, ""offered_bps"": 604604.5065886166}, ""ue10"": {""delivered_bps"": 94073.15501427748, ""delivery_ratio"": 1.0, ""jitter_ms"": 13.906145934640517, ""loss_percent"": 0.0, ""offered_bps"": 95993.01532069131, ""rtt_p95_ms"": 116.427482}, ""ue2"": {""delivered_bps"": 688755.5534384456, ""delivery_ratio"": 0.7760973647336771, ""offered_bps"": 887460.2398305999}, ""ue3"": {""delivered_bps"": 782217.5466461569, ""delivery_ratio"": 0.9006493898192041, ""offered_bps"": 868503.9433637755}, ""ue4"": {""delivered_bps"": 880200.7972846109, ""delivery_ratio"": 1.0, ""offered_bps"": 580778.9475826939}, ""ue5"": {""delivered_bps"": 505708.6452977037, ""delivery_ratio"": 0.9149280039158192, ""offered_bps"": 552730.5352260624}, ""ue6"": {""delivered_bps"": 765208.81625847, ""delivery_ratio"": 0.809744779109492, ""offered_bps"": 945000.0}, ""ue7"": {""delivered_bps"": 773815.2098279629, ""delivery_ratio"": 0.9201507126824515, ""offered_bps"": 840965.7235086121}, ""ue8"": {""delivered_bps"": 816247.0107598427, ""delivery_ratio"": 1.0, ""offered_bps"": 682045.0624847814}, ""ue9"": {""delivered_bps"": 90233.49137404289, ""delivery_ratio"": 1.0, ""jitter_ms"": 15.733798040540542, ""loss_percent"": 0.0, ""offered_bps"": 95993.07592983286, ""rtt_p95_ms"": 107.199012}}"
1785385571.3505142,round-3-ue9-ue10-1785385541,MEDIUM_70,4,8.0,2.0,7.744539852109198,5.421177896476439,5.886779080969431,1.0,0.98,2.0,16.374819531034483,110.756296,1.0,1.0,1,"{""ue1"": {""delivered_bps"": 684129.9165245357, ""delivery_ratio"": 0.9708803553645029, ""offered_bps"": 704649.0463468994}, ""ue10"": {""delivered_bps"": 92153.70436285931, ""delivery_ratio"": 1.0, ""jitter_ms"": 12.96842772847682, ""loss_percent"": 0.0, ""offered_bps"": 95993.44204464511, ""rtt_p95_ms"": 93.233668}, ""ue2"": {""delivered_bps"": 710177.1160891684, ""delivery_ratio"": 1.0, ""offered_bps"": 478947.9000671907}, ""ue3"": {""delivered_bps"": 885172.8647993827, ""delivery_ratio"": 0.9607061944484135, ""offered_bps"": 921377.2846625622}, ""ue4"": {""delivered_bps"": 700926.8208960169, ""delivery_ratio"": 0.9224825088590954, ""offered_bps"": 759826.6787333525}, ""ue5"": {""delivered_bps"": 611599.283743302, ""delivery_ratio"": 0.979661620547915, ""offered_bps"": 624296.4620796726}, ""ue6"": {""delivered_bps"": 756456.5868955444, ""delivery_ratio"": 1.0, ""offered_bps"": 505257.84607062873}, ""ue7"": {""delivered_bps"": 905201.1736309011, ""delivery_ratio"": 1.0, ""offered_bps"": 893774.3209506711}, ""ue8"": {""delivered_bps"": 633115.3183905802, ""delivery_ratio"": 1.0, ""offered_bps"": 533048.3575654615}, ""ue9"": {""delivered_bps"": 92153.43570738092, ""delivery_ratio"": 0.98, ""jitter_ms"": 16.374819531034483, ""loss_percent"": 2.0, ""offered_bps"": 95993.16219518846, ""rtt_p95_ms"": 110.756296}}"
1785385572.3925953,round-3-ue9-ue10-1785385541,MEDIUM_70,5,8.0,2.0,8.889848793405188,6.2228941553836306,5.886779080969431,0.9459873386849403,1.0,0.0,16.04599910000001,112.495036,1.0,1.0,1,"{""ue1"": {""delivered_bps"": 684129.9165245357, ""delivery_ratio"": 0.8510247292323635, ""offered_bps"": 803889.5851377089}, ""ue10"": {""delivered_bps"": 101753.21245230558, ""delivery_ratio"": 1.0, ""jitter_ms"": 12.202099617449663, ""loss_percent"": 0.0, ""offered_bps"": 95993.59665311847, ""rtt_p95_ms"": 66.131324}, ""ue2"": {""delivered_bps"": 710177.1160891684, ""delivery_ratio"": 0.9187067918302005, ""offered_bps"": 773018.249570562}, ""ue3"": {""delivered_bps"": 885172.8647993827, ""delivery_ratio"": 0.9373384104791689, ""offered_bps"": 944347.1588312283}, ""ue4"": {""delivered_bps"": 700926.8208960169, ""delivery_ratio"": 0.9583875572574007, ""offered_bps"": 731360.518600477}, ""ue5"": {""delivered_bps"": 611599.283743302, ""delivery_ratio"": 0.868666591188237, ""offered_bps"": 704066.7730834495}, ""ue6"": {""delivered_bps"": 756456.5868955444, ""delivery_ratio"": 1.0, ""offered_bps"": 489466.3749076385}, ""ue7"": {""delivered_bps"": 905201.1736309011, ""delivery_ratio"": 0.9739989968096315, ""offered_bps"": 929365.6118701558}, ""ue8"": {""delivered_bps"": 633115.3183905802, ""delivery_ratio"": 0.7471446169614389, ""offered_bps"": 847379.8833824111}, ""ue9"": {""delivered_bps"": 107512.53414261433, ""delivery_ratio"": 1.0, ""jitter_ms"": 16.04599910000001, ""loss_percent"": 0.0, ""offered_bps"": 95993.33405590565, ""rtt_p95_ms"": 112.495036}}"
1785385576.4417362,round-3-ue9-ue10-1785385541,STRONG_40,0,8.0,2.0,9.30093246602541,3.720372986410165,3.9071532229583803,1.0,1.0,0.0,14.098933348993283,115.06113,1.0,1.0,1,"{""ue1"": {""delivered_bps"": 560735.4386144219, ""delivery_ratio"": 1.0, ""offered_bps"": 519871.2173627865}, ""ue10"": {""delivered_bps"": 107511.48692782821, ""delivery_ratio"": 1.0, ""jitter_ms"": 12.045536013422815, ""loss_percent"": 0.0, ""offered_bps"": 95992.39904270376, ""rtt_p95_ms"": 94.80887}, ""ue2"": {""delivered_bps"": 450111.11486221565, ""delivery_ratio"": 0.8936979984914428, ""offered_bps"": 503650.13194837706}, ""ue3"": {""delivered_bps"": 514236.7530812143, ""delivery_ratio"": 1.0, ""offered_bps"": 423020.92498524365}, ""ue4"": {""delivered_bps"": 339486.7911100094, ""delivery_ratio"": 1.0, ""offered_bps"": 273988.9856341462}, ""ue5"": {""delivered_bps"": 526521.2355337439, ""delivery_ratio"": 0.9818145144157054, ""offered_bps"": 536273.6319365635}, ""ue6"": {""delivered_bps"": 441505.5789775009, ""delivery_ratio"": 0.9329836677624594, ""offered_bps"": 473218.97931648424}, ""ue7"": {""delivered_bps"": 547827.1347873498, ""delivery_ratio"": 1.0, ""offered_bps"": 493669.973708319}, ""ue8"": {""delivered_bps"": 526729.1759919247, ""delivery_ratio"": 1.0, ""offered_bps"": 496679.1415182444}, ""ue9"": {""delivered_bps"": 99832.7299834575, ""delivery_ratio"": 1.0, ""jitter_ms"": 14.098933348993283, ""loss_percent"": 0.0, ""offered_bps"": 95993.00959947835, ""rtt_p95_ms"": 115.06113}}"
1785385577.4932563,round-3-ue9-ue10-1785385541,STRONG_40,1,8.0,2.0,8.568717042551317,3.4274868170205264,3.740593094925155,1.0,1.0,0.0,12.800918255033537,113.730585,1.0,1.0,1,"{""ue1"": {""delivered_bps"": 522470.954445803, ""delivery_ratio"": 1.0, ""offered_bps"": 480082.8471740898}, ""ue10"": {""delivered_bps"": 88312.94132622844, ""delivery_ratio"": 1.0, ""jitter_ms"": 12.61405168456376, ""loss_percent"": 0.0, ""offered_bps"": 95992.32752850917, ""rtt_p95_ms"": 113.730585}, ""ue2"": {""delivered_bps"": 399294.6821972933, ""delivery_ratio"": 1.0, ""offered_bps"": 260448.96261916528}, ""ue3"": {""delivered_bps"": 416306.03433451115, ""delivery_ratio"": 1.0, ""offered_bps"": 371572.4225334617}, ""ue4"": {""delivered_bps"": 282087.5861926051, ""delivery_ratio"": 1.0, ""offered_bps"": 262700.82632883603}, ""ue5"": {""delivered_bps"": 561006.5479984095, ""delivery_ratio"": 1.0, ""offered_bps"": 539307.5810609353}, ""ue6"": {""delivered_bps"": 531288.6920070514, ""delivery_ratio"": 0.9841558491011092, ""offered_bps"": 539842.0306014647}, ""ue7"": {""delivered_bps"": 497057.9467375227, ""delivery_ratio"": 1.0, ""offered_bps"": 458844.98799558}, ""ue8"": {""delivered_bps"": 531080.6510119585, ""delivery_ratio"": 1.0, ""offered_bps"": 514687.15870699397}, ""ue9"": {""delivered_bps"": 97912.21725307943, ""delivery_ratio"": 1.0, ""jitter_ms"": 12.800918255033537, ""loss_percent"": 0.0, ""offered_bps"": 95992.36985596022, ""rtt_p95_ms"": 104.66913}}"
1785385578.5304458,round-3-ue9-ue10-1785385541,STRONG_40,2,8.0,2.0,8.68822419029582,3.4752896761183276,3.740593094925155,1.0,1.0,0.0,13.591309464052292,113.730585,1.0,1.0,1,"{""ue1"": {""delivered_bps"": 522470.954445803, ""delivery_ratio"": 1.0, ""offered_bps"": 426453.44267637754}, ""ue10"": {""delivered_bps"": 99828.80198204338, ""delivery_ratio"": 1.0, ""jitter_ms"": 13.591309464052292, ""loss_percent"": 0.0, ""offered_bps"": 95989.23267504171, ""rtt_p95_ms"": 113.730585}, ""ue2"": {""delivered_bps"": 399294.6821972933, ""delivery_ratio"": 1.0, ""offered_bps"": 329250.4999732244}, ""ue3"": {""delivered_bps"": 416306.03433451115, ""delivery_ratio"": 1.0, ""offered_bps"": 323964.02164577454}, ""ue4"": {""delivered_bps"": 282087.5861926051, ""delivery_ratio"": 0.5223844188751946, ""offered_bps"": 540000.0}, ""ue5"": {""delivered_bps"": 561006.5479984095, ""delivery_ratio"": 1.0, ""offered_bps"": 527242.3460709162}, ""ue6"": {""delivered_bps"": 531288.6920070514, ""delivery_ratio"": 1.0, ""offered_bps"": 411153.9743499608}, ""ue7"": {""delivered_bps"": 497057.9467375227, ""delivery_ratio"": 1.0, ""offered_bps"": 418781.781928981}, ""ue8"": {""delivered_bps"": 531080.6510119585, ""delivery_ratio"": 1.0, ""offered_bps"": 498443.60947309324}, ""ue9"": {""delivered_bps"": 92152.93967934072, ""delivery_ratio"": 1.0, ""jitter_ms"": 11.868805880000002, ""loss_percent"": 0.0, ""offered_bps"": 95992.64549931325, ""rtt_p95_ms"": 82.690072}}"
1785385579.5738986,round-3-ue9-ue10-1785385541,STRONG_40,3,8.0,2.0,8.185946521727729,3.2743786086910927,3.5297791610693436,1.0,0.9666666666666667,3.3333333333333335,12.736760246666668,87.527196,1.0,1.0,0,"{""ue1"": {""delivered_bps"": 416184.7560465297, ""delivery_ratio"": 1.0, ""offered_bps"": 368241.80357616744}, ""ue10"": {""delivered_bps"": 101753.01639684444, ""delivery_ratio"": 1.0, ""jitter_ms"": 12.736760246666668, ""loss_percent"": 0.0, ""offered_bps"": 95993.41169513625, ""rtt_p95_ms"": 87.527196}, ""ue2"": {""delivered_bps"": 455445.05401447706, ""delivery_ratio"": 0.8434167666934761, ""offered_bps"": 540000.0}, ""ue3"": {""delivered_bps"": 322545.5857097749, ""delivery_ratio"": 1.0, ""offered_bps"": 286628.4051121608}, ""ue4"": {""delivered_bps"": 433191.1524360684, ""delivery_ratio"": 1.0, ""offered_bps"": 285887.16196248453}, ""ue5"": {""delivered_bps"": 535229.5307733009, ""delivery_ratio"": 1.0, ""offered_bps"": 501384.60778320173}, ""ue6"": {""delivered_bps"": 420280.3698524769, ""delivery_ratio"": 1.0, ""offered_bps"": 396506.46875830175}, ""ue7"": {""delivered_bps"": 415976.7756579464, ""delivery_ratio"": 1.0, ""offered_bps"": 377052.64577457984}, ""ue8"": {""delivered_bps"": 530925.9365787704, ""delivery_ratio"": 1.0, ""offered_bps"": 518677.51572419616}, ""ue9"": {""delivered_bps"": 86394.38124482418, ""delivery_ratio"": 0.9666666666666667, ""jitter_ms"": 10.534432930069936, ""loss_percent"": 3.3333333333333335, ""offered_bps"": 95993.75693869354, ""rtt_p95_ms"": 45.360791}}"
1785385580.6264052,round-3-ue9-ue10-1785385541,STRONG_40,4,8.0,2.0,7.272541454711626,2.90901658188465,3.5297791610693436,1.0,1.0,0.0,12.762440986577182,69.338414,1.0,1.0,1,"{""ue1"": {""delivered_bps"": 416184.7560465297, ""delivery_ratio"": 1.0, ""offered_bps"": 315524.38064480183}, ""ue10"": {""delivered_bps"": 90233.97127435985, ""delivery_ratio"": 1.0, ""jitter_ms"": 12.358788357615895, ""loss_percent"": 0.0, ""offered_bps"": 95993.58646208495, ""rtt_p95_ms"": 69.338414}, ""ue2"": {""delivered_bps"": 455445.05401447706, ""delivery_ratio"": 1.0, ""offered_bps"": 420333.17855851015}, ""ue3"": {""delivered_bps"": 322545.5857097749, ""delivery_ratio"": 1.0, ""offered_bps"": 264610.9191855391}, ""ue4"": {""delivered_bps"": 433191.1524360684, ""delivery_ratio"": 1.0, ""offered_bps"": 362846.77442793397}, ""ue5"": {""delivered_bps"": 535229.5307733009, ""delivery_ratio"": 1.0, ""offered_bps"": 464537.8870904969}, ""ue6"": {""delivered_bps"": 420280.3698524769, ""delivery_ratio"": 1.0, ""offered_bps"": 400761.02927949507}, ""ue7"": {""delivered_bps"": 415976.7756579464, ""delivery_ratio"": 1.0, ""offered_bps"": 337361.8717035863}, ""ue8"": {""delivered_bps"": 530925.9365787704, ""delivery_ratio"": 1.0, ""offered_bps"": 343040.5409942872}, ""ue9"": {""delivered_bps"": 109431.34117601255, ""delivery_ratio"": 1.0, ""jitter_ms"": 12.762440986577182, ""loss_percent"": 0.0, ""offered_bps"": 95992.40454036188, ""rtt_p95_ms"": 53.948776}}"
1785385581.6694224,round-3-ue9-ue10-1785385541,STRONG_40,5,8.0,2.0,6.929773131041071,2.771909252416428,2.9801867849068513,1.0,1.0,0.0,14.621180353333333,104.762831,1.0,1.0,1,"{""ue1"": {""delivered_bps"": 318577.86890583875, ""delivery_ratio"": 1.0, ""offered_bps"": 277413.8211217711}, ""ue10"": {""delivered_bps"": 97911.32049998752, ""delivery_ratio"": 1.0, ""jitter_ms"": 12.094255906666667, ""loss_percent"": 0.0, ""offered_bps"": 95991.49068626227, ""rtt_p95_ms"": 64.075312}, ""ue2"": {""delivered_bps"": 415934.8817183386, ""delivery_ratio"": 1.0, ""offered_bps"": 375668.52769442793}, ""ue3"": {""delivered_bps"": 275802.21128825337, ""delivery_ratio"": 1.0, ""offered_bps"": 260881.3778492743}, ""ue4"": {""delivered_bps"": 403233.35885058885, ""delivery_ratio"": 0.986987457445757, ""offered_bps"": 408549.62827402476}, ""ue5"": {""delivered_bps"": 462853.7313041194, ""delivery_ratio"": 1.0, ""offered_bps"": 420692.069401768}, ""ue6"": {""delivered_bps"": 450152.20843636966, ""delivery_ratio"": 0.977283158633867, ""offered_bps"": 460615.9478544911}, ""ue7"": {""delivered_bps"": 335422.5837417839, ""delivery_ratio"": 1.0, ""offered_bps"": 303229.3934841261}, ""ue8"": {""delivered_bps"": 318209.9406615588, ""delivery_ratio"": 1.0, ""offered_bps"": 264858.4867365455}, ""ue9"": {""delivered_bps"": 94073.5815264044, ""delivery_ratio"": 1.0, ""jitter_ms"": 14.621180353333333, ""loss_percent"": 0.0, ""offered_bps"": 95993.45053714735, ""rtt_p95_ms"": 104.762831}}"
